3:transportation	0	tile.rail_wood	0	Wooden Tracks	render/2ba57eda080a2d3710403dffe95fe15d
3:transportation	1	tile.rail_narrow	0	Narrow Gauge Cart Rail	render/6f0885ea800efbe73ecebc3de224f6a6
3:transportation	2	tile.rail_highspeed	0	High Speed Rail	render/86ee501fb8daa00d2805cf80e5295d77
3:transportation	3	tile.rail_booster	0	High Speed Booster Rail	render/85cbf2e85e06d3ad119a66e6bf22fa46
3:transportation	4	item.boat_rubber	0	Rubber Boat	render/e6c42a82d1b50c249f9550f033c9201a
3:transportation	5	item.cart	0	Minecart	render/6c558622d76f3a787382f785213632ca
3:transportation	6	item.cart	0	Minecart	render/c0d965c82e8e18a1fabfb2f99e40c7e5
3:transportation	7	item.cart	0	Minecart	render/1a73d58aa5256ac55111b541650fb63c
3:transportation	8	item.cart	1	Crate Cart	render/062d39c895fbffb04fc6c3d9002a9359
3:transportation	9	item.cart	2	Scrap Destroying Cart	render/67a2d340341bf21b195edfe22b6050f8
3:transportation	10	item.cart	2	Scrap Destroying Cart	render/4b6b8b5aa9ec2c6b469fa939e536fc67
3:transportation	11	item.cart	3	Powder Cart	render/256fb1548089b831fad0002b153993cb
3:transportation	12	item.cart	3	Powder Cart	render/0b254a58de4ef6d96126a26e71e31a0c
3:transportation	13	item.cart	3	Powder Cart	render/874f5354e3489e0b00fc5ede4d50e4ee
3:transportation	14	item.cart	4	Semtex Cart	render/0a258b93263b4a488e0625bec3fabeae
3:transportation	15	item.cart	4	Semtex Cart	render/6efeb7a871f3fb939465d7de1d0b0075
3:transportation	16	item.cart	4	Semtex Cart	render/61f56afacf486c4d78fe43b966dd48ff
4:misc	0	item.record_lc	0	Music Disc	render/60e43ece98eb8d8c0b6b63df86bdade1
4:misc	1	item.record_ss	0	Music Disc	render/c8d97e9cf8fb5b915c24f8042a61160e
4:misc	2	item.record_vc	0	Music Disc	render/e4faad857cd7b473e8a711e0a91ea695
7:tools	0	item.dwarven_pickaxe	0	Dwarven Pickaxe	render/e3c54e2754ccea16ea69739ca0f1bfc7
7:tools	1	item.schrabidium_pickaxe	0	Schrabidium Pickaxe	render/d70522dc1c585b51e4ad9d63c747f09a
7:tools	2	item.schrabidium_axe	0	Schrabidium Axe	render/2f4e1ad1a92ca3f88bf0df23fdd64880
7:tools	3	item.schrabidium_shovel	0	Schrabidium Shovel	render/f90189e3dd62016f5a88129edb1b3e72
7:tools	4	item.schrabidium_hoe	0	Schrabidium Hoe	render/8dfaeb8a407b8a7298600b2c5545f71c
7:tools	5	item.steel_pickaxe	0	Steel Pickaxe	render/3e4e65e7abb49928e801415c771bd0f2
7:tools	6	item.steel_axe	0	Steel Axe	render/e488e3ceecd5ee2707e419727a21396d
7:tools	7	item.steel_shovel	0	Steel Shovel	render/68183f19e6fbdf04c44c97f0cf7e5a62
7:tools	8	item.steel_hoe	0	Steel Hoe	render/84d0c44cdb7034f0961db33c6617b018
7:tools	9	item.titanium_pickaxe	0	Titanium Pickaxe	render/5ff74520924350df892275ae78cf32bf
7:tools	10	item.titanium_axe	0	Titanium Axe	render/96afe95bb2a235ee838d825d69e57c1a
7:tools	11	item.titanium_shovel	0	Titanium Shovel	render/fa20ac842d004b40ac95cf5b2352bbff
7:tools	12	item.titanium_hoe	0	Titanium Hoe	render/ab70cebefd7ea6d19a2e8ae3d83b6de1
7:tools	13	item.cobalt_pickaxe	0	Cobalt Pickaxe	render/310a05a4133a05df0b0bd475466f3e83
7:tools	14	item.cobalt_axe	0	Cobalt Axe	render/273d33cd5299c5d9ecbf8a657e1c7f52
7:tools	15	item.cobalt_shovel	0	Cobalt Shovel	render/bbd8d933a770992d40b0dce15a0d33c5
7:tools	16	item.cobalt_hoe	0	Cobalt Hoe	render/e134f06fbeed020148f56e382987efe0
7:tools	17	item.cobalt_decorated_pickaxe	0	Decorated Cobalt Pickaxe	render/d5633aa5e3777d0985a78d9307374c9f
7:tools	18	item.cobalt_decorated_axe	0	Decorated Cobalt Axe	render/dcee0cd50111be678161e2e5ff91c0ee
7:tools	19	item.cobalt_decorated_shovel	0	Decorated Cobalt Shovel	render/3e546704b9b7c2576feddc16e13d2336
7:tools	20	item.cobalt_decorated_hoe	0	Decorated Cobalt Hoe	render/cb3474b81d452dd85dcb11574a22ac61
7:tools	21	item.starmetal_pickaxe	0	Starmetal Pickaxe	render/bda0d1fca414736f64bf927b235135ed
7:tools	22	item.starmetal_axe	0	Starmetal Axe	render/07b6c71eea320dd4fcee94f44c9b7c46
7:tools	23	item.starmetal_shovel	0	Starmetal Shovel	render/1771b5aadb01983677644ff94c57229e
7:tools	24	item.starmetal_hoe	0	Starmetal Hoe	render/abe2021d832757a640d1e1b63c61e18c
7:tools	25	item.alloy_pickaxe	0	Advanced Alloy Pickaxe (LEGACY)	render/47a44dc7f2582c31d4876e250364f96d
7:tools	26	item.alloy_axe	0	Advanced Alloy Axe (LEGACY)	render/b89fb2e9a4197fcb2a55d2fb5db1d40c
7:tools	27	item.alloy_shovel	0	Advanced Alloy Shovel (LEGACY)	render/4dd35d5fcef81f8cb54b7892f84f9102
7:tools	28	item.alloy_hoe	0	Advanced Alloy Hoe (LEGACY)	render/af978ce105810ed138445883859afada
7:tools	29	item.cmb_pickaxe	0	CMB Steel Pickaxe	render/3b7d54a7212cae04ae352e443427dba4
7:tools	30	item.cmb_axe	0	CMB Steel Axe	render/52348cabf45ed165cddbbab9a8a47f23
7:tools	31	item.cmb_shovel	0	CMB Steel Shovel	render/87e21fd1766ac134254df79266156a89
7:tools	32	item.cmb_hoe	0	CMB Steel Hoe	render/ec620b9ce5b59d31a3cee8410f7c3d9a
7:tools	33	item.desh_pickaxe	0	Desh Pickaxe	render/d1ac65055fa08a10a62d00e26cdb39ae
7:tools	34	item.desh_axe	0	Desh Axe	render/1e958138cfec6dd2f5c718325fe12e5e
7:tools	35	item.desh_shovel	0	Desh Shovel	render/f58f0748b1c1730ac0c55def231fd3ca
7:tools	36	item.desh_hoe	0	Desh Hoe	render/af17b9400f663be47ba94e4c6d969387
7:tools	37	item.elec_pickaxe	0	Impact Drill	render/85fea4771a45921d8aa2dd5eeb3caf1d
7:tools	38	item.elec_axe	0	Electric Chainsaw	render/2a816a89fadcebf3344bcfae249c1208
7:tools	39	item.elec_shovel	0	Spiral Drill	render/99f01c1715b8607d6ab2f67ccaed55c2
7:tools	40	item.smashing_hammer	0	Smashing Hammer	render/d674b054859242718c3e281bbc133d80
7:tools	41	item.centri_stick	0	Centrifuge on a Stick	render/9ae4b33f31ff77141fe352a28ca54e1c
7:tools	42	item.bismuth_pickaxe	0	Bismuth Pickaxe	render/5258cf4c77fde7fa9c44bec6ac527655
7:tools	43	item.bismuth_axe	0	Bismuth Axe	render/c1790bd0cc820d4c6496ad541d89e2a4
7:tools	44	item.volcanic_pickaxe	0	Molten Pickaxe	render/92d8f03a84e9ebf4c239a124e9a2a672
7:tools	45	item.volcanic_axe	0	Molten Axe	render/7eda420f529c76f1b323f3449f9c60e0
7:tools	46	item.chlorophyte_pickaxe	0	Chlorophyte Pickaxe	render/fdf99bd5d7cba920eca5309ffe578820
7:tools	47	item.chlorophyte_axe	0	Chlorophyte Axe	render/b1c4d5910820e97eb11e6e00dde0767e
7:tools	48	item.mese_pickaxe	0	Mese Pickaxe	render/2875fe07cc812f4e7835311c720b815d
7:tools	49	item.mese_axe	0	Mese Axe	render/54e10605826b6a314f08e51d1df28f18
7:tools	50	item.matchstick	0	Matchstick	render/db385177da156febcb255481fda905de
7:tools	51	item.balefire_and_steel	0	Balefire and Steel	render/82c609381b0a61a92d732b95d7b3ba24
7:tools	52	item.chainsaw	0	Chainsaw	render/fae86700240af08d90bc0c2dc7071188__weapons_chainsaw__weapons_chainsaw__saw__tooth
8:combat	0	item.redstone_sword	0	Redstone Sword	render/98b4dc088e35ed1a97008162059c1888
8:combat	1	item.big_sword	0	Great Sword	render/3b79ff3f1d4ae708db8ed8298e35072e
8:combat	2	item.schrabidium_sword	0	Schrabidium Sword	render/fe292d74dd96eb59a8d962dcc0a1213a
8:combat	3	item.schrabidium_hammer	0	Schrabidium Hammer	render/66f187616c8068c908e6e3cf0f2866c8
8:combat	4	item.shimmer_sledge	0	Shimmer Sledge	render/c6af88d04723b2726d008e4564e8f604
8:combat	5	item.shimmer_axe	0	Shimmer Axe	render/71ff10bfa2a4e8097289899fd4fd75f5
8:combat	6	item.wood_gavel	0	Wooden Gavel	render/ba13547f5310a97ee382711637bb8107
8:combat	7	item.lead_gavel	0	Leaden Gavel	render/129cdfa376f92f5d50c21a0bbdd5c2a3
8:combat	8	item.diamond_gavel	0	Diamond Gavel	render/53927c564e59e5b478f987edac4a78b9
8:combat	9	item.mese_gavel	0	Mese Gavel	render/eba433e1cf28fb1345ccfadfe8140a1a
8:combat	10	item.steel_sword	0	Steel Sword	render/43f8655e5f01543f6da3f63501c3a9e8
8:combat	11	item.titanium_sword	0	Titanium Sword	render/6d368a7416539cc35868f8b6ee1b5c12
8:combat	12	item.cobalt_sword	0	Cobalt Sword	render/fc9e6a0b1373be54eed27a9c3517b012
8:combat	13	item.cobalt_decorated_sword	0	Decorated Cobalt Sword	render/3892e4bae533f513c6fc9f381432f1b3
8:combat	14	item.starmetal_sword	0	Starmetal Sword	render/200c90c238e265b8fe1f686997c6dc55
8:combat	15	item.alloy_sword	0	Advanced Alloy Sword (LEGACY)	render/984d78c3af53ff1b66748f9532441f1c
8:combat	16	item.cmb_sword	0	CMB Steel Sword	render/720d0fe058c938295f89d27d2cbff191
8:combat	17	item.desh_sword	0	Desh Sword	render/b865b2aee9d359e80b24d5f1d165e747
8:combat	18	item.elec_sword	0	Stunstick	render/f40e1fff60da5a45c7df331e112a6b31
8:combat	19	item.dnt_sword	0	dinuatureum sword	render/2edded0a37437bbe5e60ad1df268100f
8:combat	20	item.crowbar	0	Mk.V Crate Opening Device "Crowbar"	render/a8dde1eb88144f3b038ace66161be678
8:combat	21	item.wrench_flipped	0	Blade on a Wrench	render/09c0571c2359b29cfa0edeb3305baceb
8:combat	22	item.memespoon	0	§eMarket Gardener	render/74f5dab238d9c90429c06d52014e26ea
8:combat	23	item.weapon_pipe_lead	0	The Manual Override	render/f4fae870dc841e539fa4041f478f919f
8:combat	24	item.reer_graar	0	The Reer Graar	render/6bf1d9eb4ea233ec093468f9d3e3f9c2
8:combat	25	item.stopsign	0	Stop Sign Battle Axe	render/bbc01ab0793ad92edeb9857df7081743
8:combat	26	item.sopsign	0	Sop Sign Battle Axe	render/9a0f17e891c8f63f5ed9a34941272198
8:combat	27	item.chernobylsign	0	Chernobyl Warning Sign Battle Axe	render/fe35b21b0e3d1ce903b21e355e3ee284
8:combat	28	item.meteorite_sword	0	Meteorite Sword	render/fe344906e34416d3b6d25f9f9eea2300
8:combat	29	item.meteorite_sword_seared	0	Meteorite Sword (Seared)	render/3d25943cea77e63290907ef254de4f91
8:combat	30	item.meteorite_sword_reforged	0	Meteorite Sword (Reforged)	render/d7df599f03b7d73df119c5cbe8a34c10
8:combat	31	item.meteorite_sword_hardened	0	Meteorite Sword (Hardened)	render/fb5bd48a9f72ce3fc072852e6712f181
8:combat	32	item.meteorite_sword_alloyed	0	Meteorite Sword (Alloyed)	render/0f23ce19beb4cf38da052fd5c439e5f4
8:combat	33	item.meteorite_sword_machined	0	Meteorite Sword (Machined)	render/c00101a20cc8e3c2e6f99f1c7bdd6adf
8:combat	34	item.meteorite_sword_treated	0	Meteorite Sword (Treated)	render/c7e49f88ccf902d0e56859b44e87cbad
8:combat	35	item.meteorite_sword_etched	0	Meteorite Sword (Etched)	render/1843defb79ec6ce7a6900f6c20b7405f
8:combat	36	item.meteorite_sword_bred	0	Meteorite Sword (Bred)	render/e6eb8ed31f3428759246d24002442227
8:combat	37	item.meteorite_sword_irradiated	0	Meteorite Sword (Irradiated)	render/2f6f2cd81d832af19ce4ade317f83e11
8:combat	38	item.meteorite_sword_fused	0	Meteorite Sword (Fused)	render/324dd9d8e7b03681bde4a873a1414c8e
8:combat	39	item.meteorite_sword_baleful	0	Meteorite Sword (Baleful)	render/3b6d1357771aaa1746b7898dcfaa2d53
8:combat	40	item.goggles	0	Protection Goggles	render/96a76b7e9707eba846b0d446d5cd95da
8:combat	41	item.ashglasses	0	Ash Goggles	render/4626775a52755f44b79dd1c108151e05
8:combat	42	item.gas_mask	0	Gas Mask	render/07db4a33bab6073d294bb0f7d699aaae
8:combat	43	item.gas_mask_m65	0	M65-Z Gas Mask	render/2d68da244d56aa24412e1df990346df8
8:combat	44	item.gas_mask_mono	0	Half Mask	render/6ddadea335a8c02c8138e3ea7fa1ef5d
8:combat	45	item.gas_mask_olde	0	Leather Gas Mask	render/f11eb04de02720bfa3226703332789b5
8:combat	46	item.mask_rag	0	Crude Protective Mask	render/e7f99df4d42026569a2e04feef6dbe05
8:combat	47	item.mask_piss	0	Trench Mask	render/9e09201b3b1c57d7e8c61b135f1c3d71
8:combat	48	item.nossy_hat	0	Fabulous Hat	render/a59eba839082269e1f5dda160a8dfe67
8:combat	49	item.no9	0	Mining Helmet	render/ad495085a28868cf788d737c09a25c2e
8:combat	50	item.steel_helmet	0	Steel Helmet	render/d7b2dd64b97169253950cc88bad2e12b
8:combat	51	item.steel_plate	0	Steel Chestplate	render/82e4dc9a1e7b7b95a18e1c6eaaca447c
8:combat	52	item.steel_legs	0	Steel Leggings	render/fe566d35fb5def879119959eb9d394fe
8:combat	53	item.steel_boots	0	Steel Boots	render/e4409c7f0284ca44ed584ee3d0203ae4
8:combat	54	item.titanium_helmet	0	Titanium Helmet	render/99a66221970636c9e43bb14748988418
8:combat	55	item.titanium_plate	0	Titanium Chestplate	render/8bb897b5d526056e5f6af7fbc69b6c7e
8:combat	56	item.titanium_legs	0	Titanium Leggings	render/fe4b02e639bf1bb16c311cd0c46e5a27
8:combat	57	item.titanium_boots	0	Titanium Boots	render/8cb871a27da5aa0cadb38d03045afe3e
8:combat	58	item.alloy_helmet	0	Advanced Alloy Helmet (LEGACY)	render/253434f995544dbf1be4cc081b23fdc2
8:combat	59	item.alloy_plate	0	Advanced Alloy Chestplate (LEGACY)	render/7062ee32be554042fba9714842c1ca6b
8:combat	60	item.alloy_legs	0	Advanced Alloy Leggings (LEGACY)	render/694c0baacc6885a91f828b86ee757655
8:combat	61	item.alloy_boots	0	Advanced Alloy Boots (LEGACY)	render/287ec922964831268d82df702516177e
8:combat	62	item.steamsuit_helmet	0	Steam Suit Respirator Helmet	render/1a5715ab29b4f63b32299fd48c04747c__armor_steamsuit__teamsuit_helmet__head
8:combat	63	item.steamsuit_plate	0	Steam Suit Chestplate	render/dd6f41f27d8a8bdb130fdab915f21110__composite_be6b5dbf8c7608aea884
8:combat	64	item.steamsuit_legs	0	Steam Suit Leggings	render/dd3737222bcb0805a984bc5fd422822f__armor_steamsuit__teamsuit_leg__leftleg__rightleg
8:combat	65	item.steamsuit_boots	0	Steam Suit Boots	render/693cf22ee29ef4089dfa2b120dd609b3__armor_steamsuit__teamsuit_leg__leftboot__rightboot
8:combat	66	item.dieselsuit_helmet	0	Diesel-Powered Head-Mounted Environmental Sensor	render/f360db66c772c56601900ba54c540ff4__armor_bnuuy__nuuy_helmet__head
8:combat	67	item.dieselsuit_plate	0	Diesel-Powered Cybernetics	render/3db3e21adbaa19d7b7a7863ac0223824__composite_0edc1fde1a30427be8c4
8:combat	68	item.dieselsuit_legs	0	Diesel-Powered Leg Servos	render/e002738e87e4904bc1faeb81ac0e497e__armor_bnuuy__nuuy_leg__leftleg__rightleg
8:combat	69	item.dieselsuit_boots	0	Diesel-Powered High Heels	render/272d553b5fd681863aaad6dfdd856e06__armor_bnuuy__nuuy_leg__leftboot__rightboot
8:combat	70	item.t51_helmet	0	T-51b Power Armor Helmet	render/07ef30c0d567882bae11e6d24b3b13c7__armor_t51__51_helmet__helmet
8:combat	71	item.t51_plate	0	T-51b Power Armor Chestplate	render/fa01dd18447533dd43d82d552888dc51__composite_e1de3ead02cc40f70de2
8:combat	72	item.t51_legs	0	T-51b Power Armor Leggings	render/824c9c67c98f4ed8869add563433f07a__armor_t51__51_leg__leftleg__rightleg
8:combat	73	item.t51_boots	0	T-51b Power Armor Boots	render/40bd98464c1806acc059a0c76adbc2ee__armor_t51__51_leg__leftboot__rightboot
8:combat	74	item.ajr_helmet	0	Steel Ranger Helmet	render/9072f609e0654312ffc3c9af70e4f4d5__armor_ajr__jr_helmet__head
8:combat	75	item.ajr_plate	0	Steel Ranger Chestplate	render/7f5e0c1b34819fee80806d0edd1b2914__composite_b2d32ece48feb0118b16
8:combat	76	item.ajr_legs	0	Steel Ranger Leggings	render/ba1611da7e701309b5dd1b62c32a5a93__armor_ajr__jr_leg__leftleg__rightleg
8:combat	77	item.ajr_boots	0	Steel Ranger Boots	render/921988552985451549144d58bf4e6bbc__armor_ajr__jr_leg__leftboot__rightboot
8:combat	78	item.ajro_helmet	0	AJR Power Armor Helmet	render/25f47b85e85e8863271bec5376642217__armor_ajr__jro_helmet__head
8:combat	79	item.ajro_plate	0	AJR Power Armor Chestplate	render/99d07c0ccd8c6d9be6414fcee895d817__composite_4e4ff321160a89406f8d
8:combat	80	item.ajro_legs	0	AJR Power Armor Leggings	render/2fa93a99f7447894180ffef13477a5f9__armor_ajr__jro_leg__leftleg__rightleg
8:combat	81	item.ajro_boots	0	AJR Power Armor Boots	render/bd8c6f09cea08ee040d749f9fe666382__armor_ajr__jro_leg__leftboot__rightboot
8:combat	82	item.rpa_helmet	0	Remnants Power Armor Helmet	render/739383821ef3022d79e85f3c19e136e2__armor_remnant__pa_helmet__head
8:combat	83	item.rpa_plate	0	Remnants Power Armor Chestplate	render/34a549d4c62639db23ad5d4576da7502__composite_8223b6d6ef91d10252e0
8:combat	84	item.rpa_legs	0	Remnants Power Armor Leggings	render/e040851a5244660ad52ea4245958c078__armor_remnant__pa_leg__leftleg__rightleg
8:combat	85	item.rpa_boots	0	Remnants Power Armor Boots	render/003411ee159e849b95f1e1460c09d04b__armor_remnant__pa_leg__leftboot__rightboot
8:combat	86	item.ncrpa_helmet	0	NCR Ranger Power Armor Helmet	render/08815215adc3e36d0bbd85ca516eafcf__armor_ncrpa__crpa_helmet__eyes__helmet
8:combat	87	item.ncrpa_plate	0	NCR Ranger Power Armor Chestplate	render/12e172faa8a92c1bc461e8c15463b090__composite_aafdf75561594b7942bb
8:combat	88	item.ncrpa_legs	0	NCR Ranger Power Armor Leggings	render/9395e37b0a03bcf7f940e33310ec1dee__armor_ncrpa__crpa_leg__leftleg__rightleg
8:combat	89	item.ncrpa_boots	0	NCR Ranger Power Armor Boots	render/4f4f3d753c928296a190ded29880e5eb__armor_ncrpa__crpa_leg__leftboot__rightboot
8:combat	90	item.bj_helmet	0	Eyepatch with Thermal Sensor	render/ff6290489781b44f44f8caf283d953e0__armor_bj__j_eyepatch__head
8:combat	91	item.bj_plate	0	Lunar Cybernetic Plating	render/801138cd0eeff4c83e816b5e64bb751f__composite_2d5f22615526e6c4a835
8:combat	92	item.bj_plate_jetpack	0	Lunar Cybernetic Plating (Winged)	render/3728ab7bcd08786c3d7692eb89492e9f__composite_1e0622e6f1ad19af2081
8:combat	93	item.bj_legs	0	Lunar Cybernetic Leg Replacements	render/7deaf270e89ff700df65fc859bdfc31e__armor_bj__j_leg__leftleg__rightleg
8:combat	94	item.bj_boots	0	Lunar Studded Boots	render/f2ab93241924a3c33ae5d5fdceb117eb__armor_bj__j_leg__leftfoot__rightfoot
8:combat	95	item.envsuit_helmet	0	M1TTY Environment Suit Helmet	render/11a7edaac0629adac803ef9fd0597bae__armor_envsuit__nvsuit_helmet__helmet__lamps
8:combat	96	item.envsuit_plate	0	M1TTY Environment Suit Chestplate	render/08f21020b2e9d3d7f13549239d3a2157__composite_bcdbbccaf46ba68902c4
8:combat	97	item.envsuit_legs	0	M1TTY Environment Suit Leggings	render/d7325a3b10b9ccecb840e6fe804fa460__armor_envsuit__nvsuit_leg__leftleg__rightleg
8:combat	98	item.envsuit_boots	0	M1TTY Environment Suit Boots	render/869e77246bdb1465e693344082942bd7__armor_envsuit__nvsuit_leg__leftfoot__rightfoot
8:combat	99	item.hev_helmet	0	HEV Mark IV Helmet	render/cf47a41f1c410e07862716a378dda054__armor_hev__ev_helmet__head
8:combat	100	item.hev_plate	0	HEV Mark IV Chestplate	render/e3e902b9428d4678d3ca9083689de0f5__composite_6f4c5807b0bd998c2257
8:combat	101	item.hev_legs	0	HEV Mark IV Leggings	render/22c029ae74864fa01f4cf405ec701641__armor_hev__ev_leg__leftleg__rightleg
8:combat	102	item.hev_boots	0	HEV Mark IV Boots	render/8086eb00356d129fe9061f40c04e6557__armor_hev__ev_leg__leftfoot__rightfoot
8:combat	103	item.fau_helmet	0	Fau Helmet	render/b4b1348de0448a28f7027458e65c2695__armor_fau__au_helmet__head
8:combat	104	item.fau_plate	0	Fau Chestplate	render/d235ad22b93452230b0bf5a0a65708c8__composite_3cc1b2c432085b5ec97f
8:combat	105	item.fau_legs	0	Fau Leggins	render/a88a68a99ca331ddc8b8c4a92e528f50__armor_fau__au_leg__leftleg__rightleg
8:combat	106	item.fau_boots	0	Fau Boots	render/a766e655da689415c7ee120325995496__armor_fau__au_leg__leftboot__rightboot
8:combat	107	item.dns_helmet	0	DNT Nano Suit Helmet	render/62d09e1055f510ca335cf79e0019fefa__armor_dnt__nt_helmet__head
8:combat	108	item.dns_plate	0	DNT Nano Suit Chestplate	render/1d64ec0193ec26af4874168616856b89__composite_6cb6dab84e09c65f5b2c
8:combat	109	item.dns_legs	0	DNT Nano Suit Leggings	render/3b1edca9a5203d52d04aa14bf45211ba__armor_dnt__nt_leg__leftleg__rightleg
8:combat	110	item.dns_boots	0	DNT Nano Suit Boots	render/c4fdfdb28933e4f74adcfb71213243c4__armor_dnt__nt_leg__leftboot__rightboot
8:combat	111	item.taurun_helmet	0	Taurun Helmet	render/25fa475b2eaa2cded465c613551c782b__armor_taurun__aurun_helmet__helmet
8:combat	112	item.taurun_plate	0	Taurun Chestplate	render/73adcb223b6d9ebb6d7835fc712d859d__composite_de3b33e746b0204d0c66
8:combat	113	item.taurun_legs	0	Taurun Leggings	render/3f52a0d11b46d9ffcd53f16f5475368d__armor_taurun__aurun_leg__leftleg__rightleg
8:combat	114	item.taurun_boots	0	Taurun Boots	render/64fd6af990f762cb2db2d48ec1d57bd9__armor_taurun__aurun_leg__leftboot__rightboot
8:combat	115	item.trenchmaster_helmet	0	Trenchmaster's Helmet	render/49087c2c26a0f76d1f993c88af3ae916__armor_trenchmaster__renchmaster_helmet__helmet__light
8:combat	116	item.trenchmaster_plate	0	Trenchmaster's Chestplate	render/507d0e8145f15f8e91cd6848db60cbe1__composite_7406baf5e8c8b094c494
8:combat	117	item.trenchmaster_legs	0	Trenchmaster's Leggings	render/a1ddfbd84b4a2f2054354a5321446309__armor_trenchmaster__renchmaster_leg__leftleg__rightleg
8:combat	118	item.trenchmaster_boots	0	Trenchmaster's Boots	render/c7449abfd7c0f411432f2eb9f5f6000e__armor_trenchmaster__renchmaster_leg__leftboot__rightboot
8:combat	119	item.hazmat_helmet	0	Hazmat Helmet	render/0aa89ddbb05a1a1b4b6fb18d0e6f00cd
8:combat	120	item.hazmat_plate	0	Hazmat Chestplate	render/5c3c703c1c21cdde147f11d4e426d120
8:combat	121	item.hazmat_legs	0	Hazmat Leggings	render/d3fb241b94d268405a82376b4bf622ee
8:combat	122	item.hazmat_boots	0	Hazmat Boots	render/728e8d8df59f18d0592391623dfc892a
8:combat	123	item.hazmat_helmet_red	0	Advanced Hazmat Helmet	render/a6f058748d1edaa7b0735f7a13d35ee6
8:combat	124	item.hazmat_plate_red	0	Advanced Hazmat Chestplate	render/105d09f35d5b2925dca0f8672ad1c8a3
8:combat	125	item.hazmat_legs_red	0	Advanced Hazmat Leggings	render/8cd59a6b893a337581af6a0971f1a3a4
8:combat	126	item.hazmat_boots_red	0	Advanced Hazmat Boots	render/a66af86e76ff92357071391233692e8c
8:combat	127	item.hazmat_helmet_grey	0	High-Performance Hazmat Helmet	render/ebc205b71daf78e8e0a0a3ed191d3ca8
8:combat	128	item.hazmat_plate_grey	0	High-Performance Hazmat Chestplate	render/ad6ed68f5debec146ab06c76f9748fe8
8:combat	129	item.hazmat_legs_grey	0	High-Performance Hazmat Leggings	render/283136a315bc3842e6028a2ea024d9f6
8:combat	130	item.hazmat_boots_grey	0	High-Performance Hazmat Boots	render/1c50f0eb01b640f1c0176c3a7b839059
8:combat	131	item.hazmat_paa_helmet	0	PaA Battle Hazmat Suit Helmet	render/63b4dead579270a9118e5325f5d7c5e5
8:combat	132	item.hazmat_paa_plate	0	PaA Battle Hazmat Suit Chestplate	render/88745d0a564da1ca42264a05eb15dc34
8:combat	133	item.hazmat_paa_legs	0	PaA Battle Hazmat Suit Leggings	render/c5dd4dfa82a0cd20e3c5a33caa617277
8:combat	134	item.hazmat_paa_boots	0	PaA Battle Hazmat Suit Boots	render/05d44731ce95d78944a5a25073e3b6d8
8:combat	135	item.liquidator_helmet	0	Liquidator Suit Helmet	render/202cecd4bd1ce139136e48b98bbd163e
8:combat	136	item.liquidator_plate	0	Liquidator Suit Chestplate	render/a0cf9b807adfdfc3add949e800576b26
8:combat	137	item.liquidator_legs	0	Liquidator Suit Leggins	render/131c1721111f6d8ef4b9e573bcc3960f
8:combat	138	item.liquidator_boots	0	Liquidator Suit Boots	render/d43ddb405b169c4caa1c0b6a94e4b8ed
8:combat	139	item.cmb_helmet	0	CMB Steel Helmet	render/eeec29a9467d96b8fa2c244b3ed84bbf
8:combat	140	item.cmb_plate	0	CMB Steel Chestplate	render/deff9fb51809f04fb3f6f72e357cad97
8:combat	141	item.cmb_legs	0	CMB Steel Leggings	render/51f0536cce8db07d733e6769216e059b
8:combat	142	item.cmb_boots	0	CMB Steel Boots	render/8f5ac6f1ad9f4a97e8204e3bd22a5583
8:combat	143	item.paa_plate	0	PaA Chest Protection Plate	render/bc69dc07b2fb3a91702922a3d9e4c52c
8:combat	144	item.paa_legs	0	PaA Leg Reinforcements	render/0c2a5e02ea9555245e110592ec73b462
8:combat	145	item.paa_boots	0	PaA "good ol' shoes"	render/0b4964f81e0fc2e5af2acf4f9c769e26
8:combat	146	item.asbestos_helmet	0	Fire Proximity Helmet	render/221737d85d59cb12220d16818877fbe7
8:combat	147	item.asbestos_plate	0	Fire Proximity Chestplate	render/c8a1342deb7747093935b56112c3d22d
8:combat	148	item.asbestos_legs	0	Fire Proximity Leggings	render/b660a007871288f4117252887c764b4d
8:combat	149	item.asbestos_boots	0	Fire Proximity Boots	render/41d721adeba280ff44f779d311d770e9
8:combat	150	item.security_helmet	0	Security Helmet	render/c22d052427c9e2b3dd2effd748e09fcc
8:combat	151	item.security_plate	0	Security Chestplate	render/6ca17669c0de75bc66594195aebfaa2e
8:combat	152	item.security_legs	0	Security Leggings	render/b8bb3d50fbe39fab4486a14308c38808
8:combat	153	item.security_boots	0	Security Boots	render/04cb4cdd5d7618692e383f0d9ca0fa89
8:combat	154	item.cobalt_helmet	0	Cobalt Helmet	render/c5912d5dc37a6933011a729bcd2bb272
8:combat	155	item.cobalt_plate	0	Cobalt Chestplate	render/84ba7adf7ed88174c49573325c8c6179
8:combat	156	item.cobalt_legs	0	Cobalt Leggings	render/ab9c8859dd0d9f41366825f92958f4c4
8:combat	157	item.cobalt_boots	0	Cobalt Boots	render/ea61607fab9c17acafc25824a2b11642
8:combat	158	item.starmetal_helmet	0	Starmetal Helmet	render/10124cf0c0d732faa4827d2dd04e8f1b
8:combat	159	item.starmetal_plate	0	Starmetal Chestplate	render/7def012aac794808bd3566374f8ee1ad
8:combat	160	item.starmetal_legs	0	Starmetal Leggings	render/4273c75e8b90b1cd1ea30a044425d560
8:combat	161	item.starmetal_boots	0	Starmetal Boots	render/04b548601b4ef957a3384c402373ed60
8:combat	162	item.zirconium_legs	0	Zirconium Pants	render/283ed89654822a29b48113611789b02b
8:combat	163	item.dnt_helmet	0	dinotroniumu helmet	render/55b5d432af7148cc8c7eaf6278ca9fd5
8:combat	164	item.dnt_plate	0	dineutrom chestplate	render/e346c04152b4ffa36033cd4f418791ef
8:combat	165	item.dnt_legs	0	dineuterium legs	render/f6cfc44573cc90aaa40effbee7c6b157
8:combat	166	item.dnt_boots	0	dienautronium boots	render/9c2af51c7edef95b16124b3a584c01c5
8:combat	167	item.schrabidium_helmet	0	Schrabidium Helmet	render/9349a28d0982dd41001530d18fa230bd
8:combat	168	item.schrabidium_plate	0	Schrabidium Chestplate	render/2d2cf719a308568424c0ee029c220270
8:combat	169	item.schrabidium_legs	0	Schrabidium Leggings	render/c5bdfe73fe1dd19493a21013dd936cb0
8:combat	170	item.schrabidium_boots	0	Schrabidium Boots	render/f288e847455ba55ad4815f2f94988b38
8:combat	171	item.bismuth_helmet	0	Bismuth Headdress	render/df0f274b6e8f6b61f97b848b146c02f7__armor_bismuth__ismuth__head
8:combat	172	item.bismuth_plate	0	Bismuth Shoulderpads, Necklace & Loincloth	render/9e4a9ff271ffb5abc47eead5dcec265c__armor_bismuth__ismuth__body__leftarm__rightarm
8:combat	173	item.bismuth_legs	0	Bismuth Kneeguards	render/4990a85e30932e763a92174b45a15c3a__armor_bismuth__ismuth__leftleg__rightleg
8:combat	174	item.bismuth_boots	0	Bismuth Sandals	render/f5c94840a794be78fa4c60bb0c379b4f__armor_bismuth__ismuth__leftfoot__rightfoot
8:combat	175	item.robes_helmet	0	Casual Hoodie	render/80e242900ffee6fde99a1a53bcd58802
8:combat	176	item.robes_plate	0	Casual Sweater	render/501cb66c0c77c146bbf06c77ba74847b
8:combat	177	item.robes_legs	0	Casual Pants	render/95c24235ee25dcff16de6e31c59d1c38
8:combat	178	item.robes_boots	0	Field Boots	render/d5eba355c61d202b2ebea5f379917129
8:combat	179	item.mask_of_infamy	0	Mask of Infamy	render/1ce92e1d89c011c9383408d159ba50c4
8:combat	180	item.jackt	0	Damn Stylish Ballistic Jacket	render/b07970682efc51fc2828a7b409ef315f
8:combat	181	item.jackt2	0	Damn Stylish Ballistic Jacket 2: Tokyo Drift	render/5c3657d0f827d12b94cbaaa62c8f40ac
8:combat	182	item.jetpack_fly	0	Jetpack	render/4a7e5248dc612fad82d92b5330873982
8:combat	183	item.jetpack_break	0	Builder's Jetpack	render/fea997a6927eb2da73236c9387f40ab4
8:combat	184	item.jetpack_vector	0	Vectored Jetpack	render/d12d8c5db7e3710263523c49d6fc74e1
8:combat	185	item.jetpack_boost	0	Boostpack	render/39635f5d9872029408b6f802a1ff8931
8:combat	186	item.wings_limp	0	Limp Wings	render/f72f7254b74c9a5f9ec5edd3a6aa35f0
8:combat	187	item.wings_murk	0	Murky Wings	render/af4b5136564f501d6d0df59d4ea48cf3
12:tabParts	0	item.ingot_uranium	0	Uranium Ingot	render/9a990a04d7dd8046a4be3f302633064c
12:tabParts	1	item.ingot_u233	0	Uranium-233 Ingot	render/ceec34ea82923581dd9cc9f0b5e29c29
12:tabParts	2	item.ingot_u235	0	Uranium-235 Ingot	render/9a9c29380ebd793402c75b592a266bd7
12:tabParts	3	item.ingot_u238	0	Uranium-238 Ingot	render/856d914e53e41e6c6bd3eeac279344b9
12:tabParts	4	item.ingot_th232	0	Thorium-232 Ingot	render/5054f6d8d681f2c213fab267c7785c50
12:tabParts	5	item.ingot_plutonium	0	Plutonium Ingot	render/8a4da539fe50ed459069dcac25bbae58
12:tabParts	6	item.ingot_pu238	0	Plutonium-238 Ingot	render/1e5ad537bfabfe56657aa1e022e05407
12:tabParts	7	item.ingot_pu239	0	Plutonium-239 Ingot	render/7cc5579731f1549da9211ca3aeda4713
12:tabParts	8	item.ingot_pu240	0	Plutonium-240 Ingot	render/4bb7a3b72a8b4a81db7daa9223456417
12:tabParts	9	item.ingot_pu241	0	Plutonium-241 Ingot	render/a945c2c91ff889b4faade010359b8617
12:tabParts	10	item.ingot_pu_mix	0	Reactor Grade Plutonium Ingot	render/a9b969f5cb5db2aacb5e8d19cef7634a
12:tabParts	11	item.ingot_am241	0	Americium-241 Ingot	render/a97323fb07284d384404348cc546502f
12:tabParts	12	item.ingot_am242	0	Americium-242 Ingot	render/410548a55ee9be3a58ecb8e14c3ee450
12:tabParts	13	item.ingot_am_mix	0	Reactor Grade Americium Ingot	render/b82d27fbaa240260e4e283f5c32c353b
12:tabParts	14	item.ingot_neptunium	0	Neptunium Ingot	render/50ff2f0800173a1667ff1f51fe8eb92f
12:tabParts	15	item.ingot_polonium	0	Polonium-210 Ingot	render/c9adc1720f8839255b0aaf8ec61c0b6d
12:tabParts	16	item.ingot_technetium	0	Technetium-99 Ingot	render/c7b25fa207a1a089cfec8ea3196e6e76
12:tabParts	17	item.ingot_co60	0	Cobalt-60 Ingot	render/e5dbb09b425d093f552fb1e39528545b
12:tabParts	18	item.ingot_sr90	0	Strontium-90 Ingot	render/dd1cad03818e7bab53ef5cef159fba09
12:tabParts	19	item.ingot_au198	0	Gold-198 Ingot	render/2836856a52bcbea5c9495a7fe376cbe9
12:tabParts	20	item.ingot_pb209	0	Lead-209 Ingot	render/dc354ce838258991f81b40df3f5cb3d0
12:tabParts	21	item.ingot_ra226	0	Radium-226 Ingot	render/d253037016b6bf9527f27032a5a1c8a4
12:tabParts	22	item.ingot_titanium	0	Titanium Ingot	render/098f1742683b082402e8f423f3e4860b
12:tabParts	23	item.ingot_copper	0	Industrial Grade Copper Ingot	render/966e68755a172a7b31890e2bdc0f7c9a
12:tabParts	24	item.ingot_red_copper	0	Minecraft Grade Copper Ingot	render/b0421039d30c3fd4574a0920701bfb88
12:tabParts	25	item.ingot_tungsten	0	Tungsten Ingot	render/09d288fe337a16dc6b0b7b84b43b63a5
12:tabParts	26	item.ingot_tungsten_carbide	0	Tungsten Carbide Ingot	render/12c66dee4a44207b0cec2a1b59edbbdd
12:tabParts	27	item.ingot_aluminium	0	Aluminium Ingot	render/d306b3e2ecf9c6a9b34d9bd8793f3b93
12:tabParts	28	item.ingot_steel	0	Steel Ingot	render/c9deab8e041156a69c38546bf2bfd281
12:tabParts	29	item.ingot_tcalloy	0	Technetium Steel Ingot	render/db5262bb7e6b620a0ad8571e44308e33
12:tabParts	30	item.ingot_cdalloy	0	Cadmium Steel Ingot	render/3e1c24f6f3bfd99e63d08ac437a14cfc
12:tabParts	31	item.ingot_bismuth_bronze	0	Bismuth Bronze Ingot	render/8c96569d4a3da2d0d8c3df65291bec5a
12:tabParts	32	item.ingot_arsenic_bronze	0	Arsenic Bronze Ingot	render/fe8783a30bb224672b1d1c7a9b604d73
12:tabParts	33	item.ingot_bscco	0	BSCCO Ingot	render/a26806213db9ce9abb5f158d01ceea13
12:tabParts	34	item.ingot_lead	0	Lead Ingot	render/75c581b4fb01dad82726a7594bac34cf
12:tabParts	35	item.ingot_bismuth	0	Bismuth Ingot	render/eb50efc13bd9900b7f714b9edccb2d21
12:tabParts	36	item.ingot_arsenic	0	Arsenic Ingot	render/481f3f829646d25c68a1af7b842608b1
12:tabParts	37	item.ingot_calcium	0	Calcium Ingot	render/461f4690097c315c5cac9c92616a26fe
12:tabParts	38	item.ingot_cadmium	0	Cadmium Ingot	render/c887f445cd191729fc7ea137b41950ab
12:tabParts	39	item.ingot_tantalium	0	Tantalum Ingot	render/19e840d0d556103734ee143082bd5422
12:tabParts	40	item.ingot_silicon	0	Silicon Boule	render/480f541741b2c15487298a730c852c77
12:tabParts	41	item.ingot_niobium	0	Niobium Ingot	render/5b2b9b2bad5e4571e857e12aab01eb2a
12:tabParts	42	item.ingot_beryllium	0	Beryllium Ingot	render/8294fbf8d0ed6fc2ce5667603f78ae15
12:tabParts	43	item.ingot_cobalt	0	Cobalt Ingot	render/e37efa663379063f8ab819208bb3d4a5
12:tabParts	44	item.ingot_boron	0	Boron Ingot	render/9e03534b4066ae6d6f41a9d007e5de38
12:tabParts	45	item.ingot_graphite	0	Graphite Ingot	render/530ae501d461c4ff7ade6c923ffa9999
12:tabParts	46	item.ingot_firebrick	0	Firebrick	render/6430f89c5604035717fc440aabcd6c10
12:tabParts	47	item.ingot_dura_steel	0	High-Speed Steel Ingot	render/d8313e51a8c4f67ed969070c99f0ccfc
12:tabParts	48	item.ingot_polymer	0	Polymer Bar	render/e29e428e11b1e89288746589d24e89ad
12:tabParts	49	item.ingot_bakelite	0	Bakelite Bar	render/619ba84e26e7964ebeab19ef50d0bfc1
12:tabParts	50	item.ingot_biorubber	0	Latex Bar	render/c4cdde93ed503a69c9941fbd9452d3a7
12:tabParts	51	item.ingot_rubber	0	Rubber Bar	render/fbfcf98a7b05f02d7221df0f99d8bc8c
12:tabParts	52	item.ingot_pc	0	Hard Plastic Bar	render/f3f8ce018307e0563967a2182e6043ef
12:tabParts	53	item.ingot_pvc	0	PVC Bar	render/5ef964b09398e44eef673b832c756187
12:tabParts	54	item.ingot_mud	0	Solid Mud Brick	render/8aae1ce09a60f9086ce17b609b43acbf
12:tabParts	55	item.ingot_cft	0	Crystalline Fullerite	render/03db4db8907cc664e806386b29d74f1d
12:tabParts	56	item.ingot_schraranium	0	Schraranium Ingot	render/6d10292f415ae759b0fa0d45a162ea10
12:tabParts	57	item.ingot_schrabidium	0	Schrabidium Ingot	render/1f7b010bf4f6a0f56b989d5ef5e64782
12:tabParts	58	item.ingot_schrabidate	0	Ferric Schrabidate Ingot	render/8131f1eef1c26896a5e97678e75c330c
12:tabParts	59	item.ingot_magnetized_tungsten	0	Magnetized Tungsten Ingot	render/c507dbed2eeb4c7b83daea0c167ea14f
12:tabParts	60	item.ingot_combine_steel	0	CMB Steel Ingot	render/5e8c013e059a3682f7a6b85dcb4c4b63
12:tabParts	61	item.ingot_solinium	0	Solinium Ingot	render/8956d48adc4b5249a16d3bdbc3c92391
12:tabParts	62	item.ingot_gh336	0	Ghiorsium-336 Ingot	render/615283f7e9e7c5d7b7b8ef3044aecd97
12:tabParts	63	item.ingot_uranium_fuel	0	Ingot of Uranium Fuel	render/6ac6476b65c8fa210bae3f0712733ed4
12:tabParts	64	item.ingot_thorium_fuel	0	Ingot of Thorium Fuel	render/1571e2c6b5da9000243e34f054a9f2a0
12:tabParts	65	item.ingot_plutonium_fuel	0	Ingot of Plutonium Fuel	render/08ad9b2968b71afc4970d9818c199a52
12:tabParts	66	item.ingot_neptunium_fuel	0	Neptunium Fuel Ingot	render/f3cd89f77593e76a28052da3c587f9dc
12:tabParts	67	item.ingot_mox_fuel	0	Ingot of MOX Fuel	render/562754d7e917b35eb47d1cc2bb82dffa
12:tabParts	68	item.ingot_americium_fuel	0	Ingot of Americium Fuel	render/c9e770280605dee6401d857369a68026
12:tabParts	69	item.ingot_schrabidium_fuel	0	Ingot of Schrabidium Fuel	render/9cf6f8eb0eeb2b75abe6ccbb540e6795
12:tabParts	70	item.ingot_hes	0	Highly Enriched Schrabidium Fuel Ingot	render/bf2a26075822da7958adc9649869e4db
12:tabParts	71	item.ingot_les	0	Low Enriched Schrabidium Fuel Ingot	render/f782b684156be85d972bf85dc48e163d
12:tabParts	72	item.ingot_australium	0	Australium Ingot	render/6d492522d67609e9525ccb4fcf92a062
12:tabParts	73	item.ingot_lanthanium	0	Semi-Stable Lanthanium Ingot	render/ee8a0e9d07383a3b5da01e5c04796599
12:tabParts	74	item.ingot_actinium	0	Actinium-227 Ingot	render/25141974fdc360954e69b4530bde4dba
12:tabParts	75	item.ingot_desh	0	Desh Ingot	render/390421e63b71d33262397d90f56c1857
12:tabParts	76	item.ingot_ferrouranium	0	Ferrouranium Ingot	render/17ad8a543aa45e6d9570429af4e7f90c
12:tabParts	77	item.ingot_starmetal	0	§9Starmetal Ingot§r	render/f109b90c0140d7045be683e5c563e510
12:tabParts	78	item.ingot_gunmetal	0	Gunmetal Ingot	render/77660294699e0795409e3e07cfc91080
12:tabParts	79	item.ingot_weaponsteel	0	Weapon Steel Ingot	render/26bcff79025e5dd7f68ce765e26b6d2b
12:tabParts	80	item.ingot_saturnite	0	Saturnite Ingot	render/0a99e79c38c3c597190dbac1f803c86e
12:tabParts	81	item.ingot_euphemium	0	Euphemium Ingot	render/c13e1ca9e271d3008ce68ca3de90bcdd
12:tabParts	82	item.ingot_dineutronium	0	Dineutronium Ingot	render/0b1c90516ba48ee20fda545d7604035d
12:tabParts	83	item.ingot_electronium	0	Electronium Ingot	render/fcf250b63c509960b78e444e358f14f9
12:tabParts	84	item.ingot_smore	0	S'more Ingot	render/cccba9b844baacf86099283ccd25c24f
12:tabParts	85	item.ingot_osmiridium	0	Osmiridium Ingot	render/e41f3a2185cb721bcd12790cfbd17842
12:tabParts	86	item.ingot_steel_dusted	0	Dusted Steel Ingot	render/91b993625748a3ab4afa03165aec5bbe
12:tabParts	87	item.ingot_chainsteel	0	Heavy Chainsteel	render/e5b606aa9a5022a2d51408e5d50f76b4
12:tabParts	88	item.ingot_meteorite	0	Meteorite Ingot	render/8828b62bf2799b4cb188ee207414d06c
12:tabParts	89	item.ingot_meteorite_forged	0	Forged Meteorite Ingot	render/15f2b8c44a2f6e6db10ead9880847afd
12:tabParts	90	item.blade_meteorite	0	Meteorite Blade	render/5d8f632b0a7e977201e7a6195d11fc91
12:tabParts	91	item.ingot_phosphorus	0	Bar of White Phosphorus	render/af592382045eb45ccdd24ef83bb4ac60
12:tabParts	92	item.lithium	0	Lithium Cube	render/3d0af45d54cc0f8705d29a30c6a27735
12:tabParts	93	item.ingot_zirconium	0	Zirconium Cube	render/19c7adf68baebc80c34d3b288498c870
12:tabParts	94	item.ingot_semtex	0	Bar of Semtex	render/61291416f333fd6696a5e3250a166a3f
12:tabParts	95	item.ingot_c4	0	Bar of Composition C-4	render/592354b1b69d057a6ca0e5563977bdea
12:tabParts	96	item.oil_tar	0	Oil Tar	render/5d9d783f5d63fd572a599345c559fec5
12:tabParts	97	item.oil_tar	1	Crack Oil Tar	render/68530206c8ab63b79fd0590bdfa2a070
12:tabParts	98	item.oil_tar	2	Coal Tar	render/68266c01fc9e884d1d0a7a5147149948
12:tabParts	99	item.oil_tar	3	Wood Tar	render/f5bf2ffd93d9ed56efab3fc3e3eaa10f
12:tabParts	100	item.oil_tar	4	Chlorinated Petroleum Wax	render/c9efb1d55ac91c3b4e8b437de68c10eb
12:tabParts	101	item.oil_tar	5	Paraffin Wax	render/9f3c4d1d620b131357b5d067fa1a7505
12:tabParts	102	item.solid_fuel	0	Solid Fuel	render/c6546d01df8679f67196e1313c489726
12:tabParts	103	item.solid_fuel_presto	0	Presto Log	render/f0dd47ed076bcfb3b0d4060799855f65
12:tabParts	104	item.solid_fuel_presto_triplet	0	Boosted Presto Logs	render/4a7c6111b940bd068dd276dd60b3e156
12:tabParts	105	item.solid_fuel_bf	0	Solid Fuel (Balefire)	render/dfad459fec70e7850ff018fd58b34c74
12:tabParts	106	item.solid_fuel_presto_bf	0	Presto Log (Balefire)	render/9a71a9959aaabe1279aef6f7c4fbd601
12:tabParts	107	item.solid_fuel_presto_triplet_bf	0	Boosted Presto Logs (Balefire)	render/2199beed37b00ba3e9f7e13bd68dfc89
12:tabParts	108	item.rocket_fuel	0	Solid Fuel (Rocket Propellant)	render/2e25acf7a8251a7b4bf76cc151d7381a
12:tabParts	109	item.ingot_fiberglass	0	Fiberglass Bar	render/a43d67c4487997729a639617e3f9e9cd
12:tabParts	110	item.ingot_asbestos	0	Asbestos Sheet	render/e50f66a466b94367b5479449b50549e8
12:tabParts	111	item.ingot_raw	1	Redstone Ingot	render/0be34885dbc856b569efa54713f11f55
12:tabParts	112	item.ingot_raw	6000	Neodymium Ingot	render/4f162eab23353e6c06fd09868350545b
12:tabParts	113	item.ingot_raw	501	Borax Ingot	render/8f4a20ec1e2ba2be48b1b7deb1d61969
12:tabParts	114	item.ingot_raw	1100	Sodium Ingot	render/a6d253d964c51e5f96fceceb150a62d8
12:tabParts	115	item.ingot_raw	3800	Strontium Ingot	render/0c93700369bc1512c391f13bfd713723
12:tabParts	116	item.ingot_raw	41	Slag Ingot	render/ead9d0bdc9ea1c0d17c06cfffe5a8ffe
12:tabParts	117	item.billet_uranium	0	Uranium Billet	render/7f3cffc4ec7ad790f6b6b033028898be
12:tabParts	118	item.billet_u233	0	Uranium-233 Billet	render/c7433bc1f87f2e203dc4384acea2b2c8
12:tabParts	119	item.billet_u235	0	Uranium-235 Billet	render/64df76155c94b6006ef50f3434b57240
12:tabParts	120	item.billet_u238	0	Uranium-238 Billet	render/dc6a7fb40a512ec49182ff341cc8bb97
12:tabParts	121	item.billet_uzh	0	Uranium Zirconium Hydride Billet	render/4178aa6d50a0ec85edc03a0258afd9d7
12:tabParts	122	item.billet_th232	0	Thorium-232 Billet	render/68c56e94af0921661c450bdb783970c5
12:tabParts	123	item.billet_plutonium	0	Plutonium Billet	render/80be60ecb5ba1ec00f0a9285eb932fa1
12:tabParts	124	item.billet_pu238	0	Plutonium-238 Billet	render/a969434678f9e492d9e9a77c2695263e
12:tabParts	125	item.billet_pu239	0	Plutonium-239 Billet	render/d928b4333cd4beb7edcc17646e02f9f0
12:tabParts	126	item.billet_pu240	0	Plutonium-240 Billet	render/c8d8e558bb65d015179c235057fc767e
12:tabParts	127	item.billet_pu241	0	Plutonium-241 Billet	render/0e5227eac4936da621d029aaf3036e65
12:tabParts	128	item.billet_pu_mix	0	Reactor Grade Plutonium Billet	render/2d37eeba72c0a27a36378682a2e3b5ec
12:tabParts	129	item.billet_am241	0	Americium-241 Billet	render/51f5309fffeba0c25b81d2d5c33fd250
12:tabParts	130	item.billet_am242	0	Americium-242 Billet	render/693e4c296ccafb53738f696ac4cdfa45
12:tabParts	131	item.billet_am_mix	0	Reactor Grade Americium Billet	render/457bc3048bee3fe7c4857a1fc7b98c18
12:tabParts	132	item.billet_neptunium	0	Neptunium Billet	render/90129dae3a521428d55a500c20df5a87
12:tabParts	133	item.billet_polonium	0	Polonium-210 Billet	render/b721fb5c1164179d35364dbfae396c97
12:tabParts	134	item.billet_technetium	0	Technetium-99 Billet	render/e8f1fdbed50934e1d0c8927d21dd2098
12:tabParts	135	item.billet_cobalt	0	Cobalt Billet	render/c2d6ddea961f0c3a08d6728f36ecaf4b
12:tabParts	136	item.billet_co60	0	Cobalt-60 Billet	render/18310d616aa4d5e75c8bb6b459b52dd7
12:tabParts	137	item.billet_sr90	0	Strontium-90 Billet	render/badf74e6052e03becdb5bc044ebb65d0
12:tabParts	138	item.billet_au198	0	Gold-198 Billet	render/775172a13f49e0a66359ea8d600a79b9
12:tabParts	139	item.billet_pb209	0	Lead-209 Billet	render/4af544fad87119ec8e1e500bd4e2f229
12:tabParts	140	item.billet_ra226	0	Radium-226 Billet	render/321eebb7dc744795e02545b826be8cbb
12:tabParts	141	item.billet_actinium	0	Actinium-227 Billet	render/fe148ec86409cb7ddba809efaa9d0a1b
12:tabParts	142	item.billet_schrabidium	0	Schrabidium Billet	render/b2f1baa28eb1082382616b68d08b9658
12:tabParts	143	item.billet_solinium	0	Solinium Billet	render/c5934bd9f107229f0fae3cb80f572699
12:tabParts	144	item.billet_gh336	0	Ghiorsium-336 Billet	render/617afb78542360ebe529353363e9e6a3
12:tabParts	145	item.billet_australium	0	Australium Billet	render/1ac6f135b3fc44d7201f81cc1be27082
12:tabParts	146	item.billet_australium_lesser	0	Lesser Australium Billet	render/a418eb29a83b05a61f33eb2922863427
12:tabParts	147	item.billet_australium_greater	0	Greater Australium Billet	render/d804a7faa57052d7cf6464f88e51fae3
12:tabParts	148	item.billet_uranium_fuel	0	Uranium Fuel Billet	render/033d3bb2157999a33428f7dee2b5a61e
12:tabParts	149	item.billet_thorium_fuel	0	Thorium Fuel Billet	render/32852c5f4f7535b7976558d3d479e23d
12:tabParts	150	item.billet_plutonium_fuel	0	Plutonium Fuel Billet	render/a5830cd72e67650602493aa5a219c528
12:tabParts	151	item.billet_neptunium_fuel	0	Neptunium Fuel Billet	render/f1bb5365b06f583e4118fc4c100b9213
12:tabParts	152	item.billet_mox_fuel	0	MOX Fuel Billet	render/9051431bf5f5e9aa50380b6e749977aa
12:tabParts	153	item.billet_americium_fuel	0	Americium Fuel Billet	render/d10e6bb9fdfd2112190fcb325e769268
12:tabParts	154	item.billet_les	0	Low Enriched Schrabidium Fuel Billet	render/d463cf3264dfe2fa7d262a8a01864d6f
12:tabParts	155	item.billet_schrabidium_fuel	0	Schrabidium Fuel Billet	render/3110781c5832dad6eefe867abd8d7034
12:tabParts	156	item.billet_hes	0	Highly Enriched Schrabidium Fuel Billet	render/12df89039e76cdcab520c0991c36f275
12:tabParts	157	item.billet_po210be	0	Po210Be Billet	render/80aff479021bab93941c164518283276
12:tabParts	158	item.billet_ra226be	0	Ra226Be Billet	render/6e96c531e3c533dbbdf38fd0bcdbde79
12:tabParts	159	item.billet_pu238be	0	Pu238Be Billet	render/b04247e0a5ad5d5748c3ac7f59738273
12:tabParts	160	item.billet_beryllium	0	Beryllium Billet	render/044c4dee6245267890efb70bca54ca66
12:tabParts	161	item.billet_bismuth	0	Bismuth Billet	render/ec4e71250c202b23429cfe5a84c7cf9d
12:tabParts	162	item.billet_silicon	0	Silicon Wafer	render/bb75ec723122f7d071cffa60f8cc3858
12:tabParts	163	item.billet_zirconium	0	Zirconium Billet	render/7272d44b2a5d137ad3f9f83f88ccc4aa
12:tabParts	164	item.billet_zfb_bismuth	0	Bismuth ZFB Billet	render/626c107250e0ec99230b1c8c05d99b7c
12:tabParts	165	item.billet_zfb_pu241	0	Pu-241 ZFB Billet	render/a064ca4c56285967b4bc97133e91dd7e
12:tabParts	166	item.billet_zfb_am_mix	0	Reactor Grade Americium ZFB Billet	render/9328d51a9ed00f269e44bc85bb5e670b
12:tabParts	167	item.billet_yharonite	0	Yharonite Billet	render/1ed47029c7854379d1ec71947b0d9dd8
12:tabParts	168	item.billet_balefire_gold	0	Flashgold Billet	render/f9814a88e1f9da2f37fa49b7f6e50ff2
12:tabParts	169	item.billet_flashlead	0	Flashlead Billet	render/a408f461f6c354cf782e56c9509f0a52
12:tabParts	170	item.billet_nuclear_waste	0	Nuclear Waste Billet	render/c6ec6a80452fa8285e16c39599c441f6
12:tabParts	171	item.cinnebar	0	Cinnabar	render/7daa7b5976d8b725c76af987edb30574
12:tabParts	172	item.nugget_mercury_tiny	0	Tiny Drop of Mercury	render/cc79ebf6ed27ec9d68d1c7136d00ff22
12:tabParts	173	item.nugget_mercury	0	Drop of Mercury	render/856e432ef386481b9d0f64252abb5084
12:tabParts	174	item.bottle_mercury	0	Bottle of Mercury	render/6b95a3b9d00c3b0253e75d70929d0c3d
12:tabParts	175	item.coke	0	Coal Coke	render/60bb145c272b665f5785173794b9f279
12:tabParts	176	item.coke	1	Lignite Coke	render/5b086184dd2674cdd81298f0c7129c98
12:tabParts	177	item.coke	2	Petroleum Coke	render/13d81f9a5ed785e840884d00c64c6f6f
12:tabParts	178	item.lignite	0	Lignite	render/ae167d7d04317b80a81224b811a6894d
12:tabParts	179	item.coal_infernal	0	Infernal Coal	render/c1361516a47e5ddf124a1db0fa14880b
12:tabParts	180	item.briquette	0	Coal Briquette	render/fb5a822b0321b8280f1356b781c9f197
12:tabParts	181	item.briquette	1	Lignite Briquette	render/b3e5a421584056121e3fdef29f7d5cbb
12:tabParts	182	item.briquette	2	Sawdust Briquette	render/cc6665534596c34bd2d5b74df1033190
12:tabParts	183	item.sulfur	0	Sulfur	render/65019f7ce4a2c0f9f6b224fb39467a47
12:tabParts	184	item.niter	0	Niter	render/1da334976341e866afb4f8a38d418062
12:tabParts	185	item.nitra	0	Nitra	render/32035f334eb0bfc9084ddf1d769cf356
12:tabParts	186	item.nitra_small	0	Small Pile of Nitra	render/5c44bcad4d7bfbf0d7ae0760be1ed18a
12:tabParts	187	item.fluorite	0	Fluorite	render/a5e0f662cb2c56d7b3648c03393c8e45
12:tabParts	188	item.powder_coal	0	Coal Powder	render/93e74b43e0e573f993c6544a98cbf917
12:tabParts	189	item.powder_coal_tiny	0	Tiny Pile of Coal Powder	render/55e8abe0cb72c852e51c1361d90db3f4
12:tabParts	190	item.powder_iron	0	Iron Powder	render/ad70edb9327cbb210bd1770779e5f63d
12:tabParts	191	item.powder_gold	0	Gold Powder	render/38033f5f400b1c422d1646ecf1eedc90
12:tabParts	192	item.powder_lapis	0	Lapis Lazuli Powder	render/6e8e380adba28a0e6332e1934b3fae0a
12:tabParts	193	item.powder_quartz	0	Quartz Powder	render/9e69a0c956ed74c00f95efdadc12a26b
12:tabParts	194	item.powder_diamond	0	Diamond Powder	render/3b0bc9005b55bf8a8711ebdceccde57a
12:tabParts	195	item.powder_emerald	0	Emerald Powder	render/0c05029dad9497fabfaebef1deb76fb2
12:tabParts	196	item.powder_uranium	0	Uranium Powder	render/c74c756ce24b6f822d7bfa7117041c25
12:tabParts	197	item.powder_plutonium	0	Plutonium Powder	render/427c0b37c870bf8d7c860f79a1fe94fd
12:tabParts	198	item.powder_neptunium	0	Neptunium Powder	render/16e01880c9ce03d79d99f74ca2ecaf33
12:tabParts	199	item.powder_polonium	0	Polonium-210 Powder	render/88a2fdc3742c54d7352945708d49eede
12:tabParts	200	item.powder_co60	0	Cobalt-60 Powder	render/d59ac1af93c83f589b006b275b47fc19
12:tabParts	201	item.powder_sr90	0	Strontium-90 Powder	render/a99922e423f689ce4fb1928d992d2ed4
12:tabParts	202	item.powder_sr90_tiny	0	Tiny Pile of Strontium-90 Powder	render/6851015ba391907b6066e3ccaf304674
12:tabParts	203	item.powder_i131	0	Iodine-131 Powder	render/bb949518b8b853cd3685199a075c0220
12:tabParts	204	item.powder_i131_tiny	0	Tiny Pile of Iodine-131 Powder	render/5cafdd1c4fee8b68b1973cfb64371043
12:tabParts	205	item.powder_xe135	0	Xenon-135 Powder	render/808ff801c8d7a8f3395f53ca3b5cb33c
12:tabParts	206	item.powder_xe135_tiny	0	Tiny Pile of Xenon-135 Powder	render/7afaf12dc16b8857dc0d25ebe998552a
12:tabParts	207	item.powder_cs137	0	Caesium-137 Powder	render/e421e0de17cda131e044e081a366e89b
12:tabParts	208	item.powder_cs137_tiny	0	Tiny Pile of Caesium-137 Powder	render/987bd619cbbf36f58b88a0dddfce07ac
12:tabParts	209	item.powder_au198	0	Gold-198 Powder	render/6ffee3181e35bf0693a6590cb7a61376
12:tabParts	210	item.powder_ra226	0	Radium-226 Powder	render/d396c6c21258379c02b9827ce6f3a96a
12:tabParts	211	item.powder_at209	0	Astatine-209 Powder	render/f2d6141ff7e44dd77c57e536f98049df
12:tabParts	212	item.powder_titanium	0	Titanium Powder	render/d54a86e3528f51e370779a4d24972836
12:tabParts	213	item.powder_copper	0	Copper Powder	render/dc2638c6d099986348cfc14fde3f9e5a
12:tabParts	214	item.powder_red_copper	0	Red Copper Powder	render/3262a81e6fab378ceeb7f9ee23be2b7a
12:tabParts	215	item.powder_tungsten	0	Tungsten Powder	render/0f868e4d11b0c04e8b0d4780e05edb63
12:tabParts	216	item.powder_aluminium	0	Aluminium Powder	render/0a7e24f0ba618fcbc2d936136a0535bc
12:tabParts	217	item.powder_steel	0	Steel Powder	render/c20c37544400675174812147c70e9b46
12:tabParts	218	item.powder_steel_tiny	0	Tiny Pile of Steel Powder	render/7f01c4ed9c327d9d31eb0283a7356767
12:tabParts	219	item.powder_tcalloy	0	Technetium Steel Powder	render/83ea490aa4fe1a3ee00a13869567f761
12:tabParts	220	item.powder_lead	0	Lead Powder	render/4d8f94f5f3641e6cf450b0910bec7267
12:tabParts	221	item.powder_bismuth	0	Bismuth Powder	render/149ad77a237c73d0386b35b19077f0f3
12:tabParts	222	item.powder_calcium	0	Calcium Powder	render/321a80104886b0f6c6a0476552992154
12:tabParts	223	item.powder_cadmium	0	Cadmium Powder	render/ab6a7bd53ce1adefde3a7c29019525d0
12:tabParts	224	item.powder_coltan_ore	0	Crushed Coltan	render/24687f3b9ff25053a25345f3129c78e7
12:tabParts	225	item.powder_coltan	0	Purified Tantalite	render/8ad86a8f02054ed9dbdbc761bdbe31b9
12:tabParts	226	item.powder_tantalium	0	Tantalum Powder	render/02b97595a9fd36d929de81818fa3a182
12:tabParts	227	item.powder_tektite	0	Tektite Powder	render/b121fceb27ff43efd3c5a1c78bdfaa49
12:tabParts	228	item.powder_paleogenite	0	Paleogenite Powder	render/aac75acf4cea600fa5f87a86ba57c7e2
12:tabParts	229	item.powder_paleogenite_tiny	0	Tiny Pile of Paleogenite Powder	render/4a5da5f492c3883d6a7ade25daf9f60f
12:tabParts	230	item.powder_impure_osmiridium	0	Impure Osmiridium Powder	render/eea90c1c57385efc372496830e678874
12:tabParts	231	item.powder_borax	0	Borax	render/512fdea98c4f2efa9e2249d4c9e89f23
12:tabParts	232	item.powder_chlorocalcite	0	Chlorocalcite	render/de3a159098733a860ce5aad65c231ea3
12:tabParts	233	item.powder_molysite	0	Molysite	render/e3590bf52881d3988f810e98da68cd44
12:tabParts	234	item.powder_yellowcake	0	Yellowcake	render/10a251f6c8d86f5bbe76265c363e6163
12:tabParts	235	item.powder_beryllium	0	Beryllium Powder	render/3fa3d5904b385ea689335331361a4671
12:tabParts	236	item.powder_dura_steel	0	High-Speed Steel Powder	render/70471a93cd27128bc4f62d9a38d6be7a
12:tabParts	237	item.powder_polymer	0	Polymer Powder	render/cf701a783bdaeec79e3d4a42330b29bb
12:tabParts	238	item.powder_bakelite	0	Bakelite Powder	render/793683baa54e26e987f5b5cf2655e74e
12:tabParts	239	item.powder_schrabidium	0	Schrabidium Powder	render/bfab28337f5df8e6da0e608ab700c797
12:tabParts	240	item.powder_schrabidate	0	Ferric Schrabidate Powder	render/58258fbb6304bd58de43cbdb56474248
12:tabParts	241	item.powder_magnetized_tungsten	0	Magnetized Tungsten Powder	render/3d67e506dda709879b8957f32543bf27
12:tabParts	242	item.powder_chlorophyte	0	Chlorophyte Powder	render/4a77b97ec2a9cb4e00ba370fbec45207
12:tabParts	243	item.powder_combine_steel	0	CMB Steel Powder	render/cbd49ea0162360506dbf9580943b1b40
12:tabParts	244	item.powder_lithium	0	Lithium Powder	render/ae65cf7f1bb59be4b20c839ed04648db
12:tabParts	245	item.powder_lithium_tiny	0	Tiny Pile of Lithium Powder	render/924b8d003511855545ebb8c92213bd9f
12:tabParts	246	item.powder_zirconium	0	Zirconium Powder	render/ab7c9049cee063c81118add0f9c8deb0
12:tabParts	247	item.powder_sodium	0	Sodium	render/d6b7079326cf8a25cc31fe00b62c773f
12:tabParts	248	item.powder_lignite	0	Lignite Powder	render/f58faf696c090fd88464af6b8c96236f
12:tabParts	249	item.powder_iodine	0	Iodine Powder	render/cda9e2f2344e98575bf96368daa27e63
12:tabParts	250	item.powder_thorium	0	Thorium Powder	render/1d258fa5a2500b52f920018004df5a86
12:tabParts	251	item.powder_neodymium	0	Neodymium Powder	render/7415272c042bdd926940303724a2566b
12:tabParts	252	item.powder_neodymium_tiny	0	Tiny Pile of Neodymium Powder	render/7d1be7da6bd69c77ccaf0b67c095b4b2
12:tabParts	253	item.powder_astatine	0	Astatine Powder	render/20d20ee535b20a8de3562a78556c9b70
12:tabParts	254	item.powder_caesium	0	Caesium Powder	render/6de89731cd5d01935daa896c20eb0886
12:tabParts	255	item.powder_australium	0	Australium Powder	render/fec19977ecc007c3cb86adc96acfe895
12:tabParts	256	item.powder_strontium	0	Strontium Powder	render/62a769bf17a4acae7c785867f96bcd77
12:tabParts	257	item.powder_cobalt	0	Cobalt Powder	render/e934858dc1144e712610111a47e402b1
12:tabParts	258	item.powder_cobalt_tiny	0	Tiny Pile of Cobalt Powder	render/c6516272a506b30113510dc52b10e8fc
12:tabParts	259	item.powder_bromine	0	Bromine Powder	render/3b3a64b03c6c3a8a469a99cbd01f7add
12:tabParts	260	item.powder_niobium	0	Niobium Powder	render/0184acf98a9ca7719ac908930db295a5
12:tabParts	261	item.powder_niobium_tiny	0	Tiny Pile of Niobium Powder	render/e17b7501d70461bfabb95ee2599411de
12:tabParts	262	item.powder_tennessine	0	Tennessine Powder	render/67739c48878f5106cef256e93b208bb7
12:tabParts	263	item.powder_cerium	0	Cerium Powder	render/e41817416f890fc3ad08e87a3a001220
12:tabParts	264	item.powder_cerium_tiny	0	Tiny Pile of Cerium Powder	render/dcae1579ed0216771027cf5e94100cb8
12:tabParts	265	item.powder_lanthanium	0	Lanthanium Powder	render/749805c1d67126b23172f982de954b8d
12:tabParts	266	item.powder_lanthanium_tiny	0	Tiny Pile of Lanthanium Powder	render/746a06ea78a6ba75e863341dbbf7a0c5
12:tabParts	267	item.powder_actinium	0	Actinium Powder	render/57c78a27453bddaab9cd9a2f41789dab
12:tabParts	268	item.powder_actinium_tiny	0	Tiny Pile of Actinium Powder	render/a738d7135ef178e621b063f66a7e46fb
12:tabParts	269	item.powder_boron	0	Boron Powder	render/395dfe1a499c7fcd15d29cfa973ea7e2
12:tabParts	270	item.powder_boron_tiny	0	Tiny Pile of Boron Powder	render/f6a5fd71482b8493d553aadd3d7c4c5f
12:tabParts	271	item.powder_asbestos	0	Asbestos Powder	render/c1b03ee3c654fa47aa8249e4c3ef70c7
12:tabParts	272	item.powder_magic	0	Pulverized Enchantment	render/f1e8c7aa48cc3d2ed895f521d2cd15f4
12:tabParts	273	item.powder_sawdust	0	Sawdust	render/84187ed04a917f41c5a37637bb3b997f
12:tabParts	274	item.powder_flux	0	Flux	render/3758af4242bc9e4b3e9553a51199b45d
12:tabParts	275	item.powder_fertilizer	0	Industrial Fertilizer	render/4493d6988a9c162054fef8633255445d
12:tabParts	276	item.powder_balefire	0	Thermonuclear Ashes	render/5db97be5672945155d9c963c27884cdf
12:tabParts	277	item.powder_semtex_mix	0	Semtex Blend	render/7138a0acc1b6be55d1adb376a2cf6c82
12:tabParts	278	item.powder_desh_mix	0	Desh Blend	render/2c9a61408824e629630feb2784cc6d8a
12:tabParts	279	item.powder_desh_ready	0	DeshReady™ Blend	render/f4b5951bb95c7c419b84c147f94a2658
12:tabParts	280	item.powder_desh	0	Desh Powder	render/9adcaab6b9b90715220cafecdc8a6ee9
12:tabParts	281	item.powder_nitan_mix	0	Nitanium Blend	render/4a3ad154e9e5ae3d1595195d820783ce
12:tabParts	282	item.powder_spark_mix	0	Spark Blend	render/3c8e62974c928a36170cb6aff6206a6c
12:tabParts	283	item.powder_meteorite	0	Meteorite Powder	render/5e7216039711d2e78474e13c759ae106
12:tabParts	284	item.powder_meteorite_tiny	0	Tiny Pile of Meteorite Powder	render/d883204cea82ae71bf3253498d805e4f
12:tabParts	285	item.powder_euphemium	0	Euphemium Powder	render/06d5b12ebd8fde8c139e33aa4727bb04
12:tabParts	286	item.powder_dineutronium	0	Dineutronium Powder	render/c92452fa578e4de2f0a9d32724f005d5
12:tabParts	287	item.dust	0	Dust	render/5018b2ade6351b6c744528f4796782ae
12:tabParts	288	item.dust_tiny	0	Tiny Pile of Dust	render/2d68bf863ef31fc62179ec4e091032f8
12:tabParts	289	item.fallout	0	Pile of Fallout	render/22cb2a4e353e9ca6c41d54c0d640c14c
12:tabParts	290	item.powder_ash	0	Wood Ash	render/d7d0fa41aa5cd36fd7505cfcceb4e030
12:tabParts	291	item.powder_ash	1	Coal Ash	render/e72b7ebb0224f28886643aa7304d4aee
12:tabParts	292	item.powder_ash	2	Ash	render/9c001d9036b06695a5e9373746360869
12:tabParts	293	item.powder_ash	3	Fly Ash	render/ce44ce36790ae6f9a625846217e7261a
12:tabParts	294	item.powder_ash	4	Fine Soot	render/95d7c5c3697c154f062c9d670a2bcdb0
12:tabParts	295	item.powder_ash	5	Fullerene	render/f19576d0f965c591e603ff84eb68f99d
12:tabParts	296	item.powder_limestone	0	Limestone Powder	render/8728e5bde615538ea1be01e7765a470a
12:tabParts	297	item.powder_cement	0	Cement	render/3680dc0b880ee064ce3236f6ad87e5e6
12:tabParts	298	item.powder_fire	0	Red Phosphorus	render/c991a945762e39a7eec0a61ed41059cb
12:tabParts	299	item.powder_ice	0	Cryo Powder	render/0dc9f0fbb68fd94cbc0ecdb6303201ad
12:tabParts	300	item.powder_poison	0	Poison Powder	render/7d3532e2e81e4d65f8c380cc69f09909
12:tabParts	301	item.powder_thermite	0	Thermite	render/f08a0f6464e93eccd4e680fec0e3b3a2
12:tabParts	302	item.powder_power	0	Energy Powder	render/2c7fa5072937887ca27f3d1737b31976
12:tabParts	303	item.cordite	0	Cordite	render/dd1b92fae817656230424ff33e45e93f
12:tabParts	304	item.ballistite	0	Ballistite	render/dcaeb0b440b8a2565bcad418c1ad1c2e
12:tabParts	305	item.ball_dynamite	0	Dynamite	render/632dd021b948631c7a70fb3f325f397e
12:tabParts	306	item.ball_tnt	0	TNT	render/aefebf306b78c7f302d386fc1e802e8e
12:tabParts	307	item.ball_tatb	0	TATB	render/36be6c960c1419ecbd2fcf4369432083
12:tabParts	308	item.ball_resin	0	Latex	render/f13a879b1a62f0e45eafa92675aacef7
12:tabParts	309	item.ball_fireclay	0	Fireclay	render/4a9e43d0b73a7098f16af3c99de6be0f
12:tabParts	310	item.bedrock_ore_base	0	Raw Bedrock Ore	render/e0153e3f0d7eb8738ae3a7fffd4e5672
12:tabParts	311	item.bedrock_ore	0	Light Metal Bedrock Ore	render/38e82bc6fdd17d3202f7fff8c0e11e6a
12:tabParts	312	item.bedrock_ore	16	Roasted Light Metal Bedrock Ore	render/5de36c7439e293c70f3492414adeb975
12:tabParts	313	item.bedrock_ore	32	Washed Light Metal Bedrock Ore	render/b3b9675c050aa0654a48e45bcf3382cc
12:tabParts	314	item.bedrock_ore	48	Light Metal Bedrock Ore, Primary Fraction	render/2cdf09b3cadabb9612ca3545339e563a
12:tabParts	315	item.bedrock_ore	64	Light Metal Bedrock Ore, Roasted Primary Fraction	render/7873f47dab5b4d12b2793f2d3fff03aa
12:tabParts	316	item.bedrock_ore	80	Light Metal Bedrock Ore, Sulfuric Primary Fraction	render/973414fafdf49a8f8769d993999cc072
12:tabParts	317	item.bedrock_ore	96	Light Metal Bedrock Ore, Separated Sulfuric Primary Fraction	render/0c9cfe2ad54d744d90e75cb9e5e58d61
12:tabParts	318	item.bedrock_ore	112	Light Metal Bedrock Ore, Dissolved Primary Fraction	render/0774ff4d6ec89a94914582cf144b24cc
12:tabParts	319	item.bedrock_ore	128	Light Metal Bedrock Ore, Separated Dissolved Primary Fraction	render/2a9e4b75a9c820269fcb1df80bbea4dc
12:tabParts	320	item.bedrock_ore	144	Light Metal Bedrock Ore, Cleaned Primary Fraction	render/8dad0c1b82a962caa7d63f86ded10d08
12:tabParts	321	item.bedrock_ore	160	Light Metal Bedrock Ore, Separated Cleaned Primary Fraction	render/9e924612f9a110a5f085f86697f6329d
12:tabParts	322	item.bedrock_ore	176	Light Metal Bedrock Ore, Primary Fraction, Higher Weight	render/d55413418ff055343c9dad102c14ee72
12:tabParts	323	item.bedrock_ore	192	Light Metal Bedrock Ore, Primary Fraction, Lower Weight	render/7aa6d86baaab0d6805ac293997931995
12:tabParts	324	item.bedrock_ore	208	Light Metal Bedrock Ore Crumbs	render/15f3898c29b142a7e57f1f1177eb6051
12:tabParts	325	item.bedrock_ore	224	Light Metal Bedrock Ore, Sulfuric Byproduct	render/52a6730ddfff25261af6768475673eb0
12:tabParts	326	item.bedrock_ore	240	Light Metal Bedrock Ore, Roasted Sulfuric Byproduct	render/fd4fbfdf40b902c4a7162f25781d1d33
12:tabParts	327	item.bedrock_ore	256	Light Metal Bedrock Ore, Seared Sulfuric Byproduct	render/e886144dc86a632b555f402cfb02487a
12:tabParts	328	item.bedrock_ore	272	Light Metal Bedrock Ore, Washed Sulfuric Byproduct	render/e0f5d3ebf126bde74ed1ff380a80f06b
12:tabParts	329	item.bedrock_ore	288	Light Metal Bedrock Ore, Dissolved Byproduct	render/a3319c2079b55684bda2730dd2e04622
12:tabParts	330	item.bedrock_ore	304	Light Metal Bedrock Ore, Roasted Dissolved Byproduct	render/aca9c8747366c67cb6a0eae723eebfbc
12:tabParts	331	item.bedrock_ore	320	Light Metal Bedrock Ore, Seared Dissolved Byproduct	render/3545a29b86695d1b5ffecdae3eff664f
12:tabParts	332	item.bedrock_ore	336	Light Metal Bedrock Ore, Washed Dissolved Byproduct	render/f17054fc37c42a8566da8cc22d083929
12:tabParts	333	item.bedrock_ore	352	Light Metal Bedrock Ore, Cleaned Byproduct	render/9a279fc24579bcfd485aa0edca1492b6
12:tabParts	334	item.bedrock_ore	368	Light Metal Bedrock Ore, Roasted Cleaned Byproduct	render/7521db41595251895d179c29b118d982
12:tabParts	335	item.bedrock_ore	384	Light Metal Bedrock Ore, Seared Cleaned Byproduct	render/bee5778ffff9951ce10dabd0eb55267f
12:tabParts	336	item.bedrock_ore	400	Light Metal Bedrock Ore, Washed Cleaned Byproduct	render/e60173a744db35433826205744917cc4
12:tabParts	337	item.bedrock_ore	1	Heavy Metal Bedrock Ore	render/f460197ea725e299409696c2a983a3a3
12:tabParts	338	item.bedrock_ore	17	Roasted Heavy Metal Bedrock Ore	render/5989a0492205a13971a8d7af3df6d5b7
12:tabParts	339	item.bedrock_ore	33	Washed Heavy Metal Bedrock Ore	render/6551349abd30eb7342f0e126ddcf9cf0
12:tabParts	340	item.bedrock_ore	49	Heavy Metal Bedrock Ore, Primary Fraction	render/120c79a775a13113ae4ae661171753e8
12:tabParts	341	item.bedrock_ore	65	Heavy Metal Bedrock Ore, Roasted Primary Fraction	render/ec6241f11deb4f900615f0ebdca50f84
12:tabParts	342	item.bedrock_ore	81	Heavy Metal Bedrock Ore, Sulfuric Primary Fraction	render/0e3f9cb21c58f84e19addcca4bdefd49
12:tabParts	343	item.bedrock_ore	97	Heavy Metal Bedrock Ore, Separated Sulfuric Primary Fraction	render/e56dc43da6d2ab3e02db8298a48d8ff4
12:tabParts	344	item.bedrock_ore	113	Heavy Metal Bedrock Ore, Dissolved Primary Fraction	render/90b52c6ca1808765b843b39eba94a643
12:tabParts	345	item.bedrock_ore	129	Heavy Metal Bedrock Ore, Separated Dissolved Primary Fraction	render/531ea3cc7f1f49aeffadbe2d6dfdf58b
12:tabParts	346	item.bedrock_ore	145	Heavy Metal Bedrock Ore, Cleaned Primary Fraction	render/5eef62edaf8ed8ddfc3983d73847e9a1
12:tabParts	347	item.bedrock_ore	161	Heavy Metal Bedrock Ore, Separated Cleaned Primary Fraction	render/43979b8388e06502e5572455a99d07f6
12:tabParts	348	item.bedrock_ore	177	Heavy Metal Bedrock Ore, Primary Fraction, Higher Weight	render/96af2ca2110657c9d8e3ee5d08d5f3c7
12:tabParts	349	item.bedrock_ore	193	Heavy Metal Bedrock Ore, Primary Fraction, Lower Weight	render/9cab1d9ce8c98eaaad83931acba3097b
12:tabParts	350	item.bedrock_ore	209	Heavy Metal Bedrock Ore Crumbs	render/51c229351c8dcd43fd53ca382c3fa484
12:tabParts	351	item.bedrock_ore	225	Heavy Metal Bedrock Ore, Sulfuric Byproduct	render/8a0ccac21213b23bdcce2c50a492274d
12:tabParts	352	item.bedrock_ore	241	Heavy Metal Bedrock Ore, Roasted Sulfuric Byproduct	render/d7e40a9f761d6953a89888ca30a8ab25
12:tabParts	353	item.bedrock_ore	257	Heavy Metal Bedrock Ore, Seared Sulfuric Byproduct	render/87443f5765641a2e6a4a2dee847cb456
12:tabParts	354	item.bedrock_ore	273	Heavy Metal Bedrock Ore, Washed Sulfuric Byproduct	render/e223f8c23b2b13bfd8675b0403d4ad6e
12:tabParts	355	item.bedrock_ore	289	Heavy Metal Bedrock Ore, Dissolved Byproduct	render/37423ad93af62d4d4951423ed73229f4
12:tabParts	356	item.bedrock_ore	305	Heavy Metal Bedrock Ore, Roasted Dissolved Byproduct	render/a22619e91a806b38bf54bbff735c59de
12:tabParts	357	item.bedrock_ore	321	Heavy Metal Bedrock Ore, Seared Dissolved Byproduct	render/dd07c218f3354e5a063bf2b441e8ae26
12:tabParts	358	item.bedrock_ore	337	Heavy Metal Bedrock Ore, Washed Dissolved Byproduct	render/da4c8547e22f461ef6b2549931f13e89
12:tabParts	359	item.bedrock_ore	353	Heavy Metal Bedrock Ore, Cleaned Byproduct	render/4abd0e02612c49874f3a3dbbed4c4e20
12:tabParts	360	item.bedrock_ore	369	Heavy Metal Bedrock Ore, Roasted Cleaned Byproduct	render/6bec2944e38dae59179042d26596e111
12:tabParts	361	item.bedrock_ore	385	Heavy Metal Bedrock Ore, Seared Cleaned Byproduct	render/034e35017a376c5366011aaa9a21ca5f
12:tabParts	362	item.bedrock_ore	401	Heavy Metal Bedrock Ore, Washed Cleaned Byproduct	render/5d17535c75404818680347b052323767
12:tabParts	363	item.bedrock_ore	2	Rare Earth Bedrock Ore	render/8152e9d547da9be7dc6b901f3d095f5c
12:tabParts	364	item.bedrock_ore	18	Roasted Rare Earth Bedrock Ore	render/c8d65114ce555c8654feeb004e815a46
12:tabParts	365	item.bedrock_ore	34	Washed Rare Earth Bedrock Ore	render/05d6610670e86b4f18e710f32b584608
12:tabParts	366	item.bedrock_ore	50	Rare Earth Bedrock Ore, Primary Fraction	render/b7a3cd806788a8131df19ad925c7f607
12:tabParts	367	item.bedrock_ore	66	Rare Earth Bedrock Ore, Roasted Primary Fraction	render/4fc2abb1ea860fd324c4843b01dbcd91
12:tabParts	368	item.bedrock_ore	82	Rare Earth Bedrock Ore, Sulfuric Primary Fraction	render/356e8ded2bd883135f998cf834608364
12:tabParts	369	item.bedrock_ore	98	Rare Earth Bedrock Ore, Separated Sulfuric Primary Fraction	render/b4b04340cb0c16c98632fdfb7bf1ccf8
12:tabParts	370	item.bedrock_ore	114	Rare Earth Bedrock Ore, Dissolved Primary Fraction	render/e799de80f0b7b7e1e0753d0df7ca7c46
12:tabParts	371	item.bedrock_ore	130	Rare Earth Bedrock Ore, Separated Dissolved Primary Fraction	render/84716ae62d213dfc6390eb3a594533f7
12:tabParts	372	item.bedrock_ore	146	Rare Earth Bedrock Ore, Cleaned Primary Fraction	render/10bde37936866f264119ecbafc1b4f18
12:tabParts	373	item.bedrock_ore	162	Rare Earth Bedrock Ore, Separated Cleaned Primary Fraction	render/12ce04d99d8c76ce6b3552b160c5b4ba
12:tabParts	374	item.bedrock_ore	178	Rare Earth Bedrock Ore, Primary Fraction, Higher Weight	render/989cb6abab45dc7fef40e2b44a95bbf1
12:tabParts	375	item.bedrock_ore	194	Rare Earth Bedrock Ore, Primary Fraction, Lower Weight	render/30a5501eee6f1c73e91ffdd016c8ba5c
12:tabParts	376	item.bedrock_ore	210	Rare Earth Bedrock Ore Crumbs	render/f497e7bbf4ee6bdca70517cdca3ea089
12:tabParts	377	item.bedrock_ore	226	Rare Earth Bedrock Ore, Sulfuric Byproduct	render/8fd5a555c25096b54e5fe9679e2eab5f
12:tabParts	378	item.bedrock_ore	242	Rare Earth Bedrock Ore, Roasted Sulfuric Byproduct	render/421b72408eb45df1dc8be364e736706b
12:tabParts	379	item.bedrock_ore	258	Rare Earth Bedrock Ore, Seared Sulfuric Byproduct	render/7bd7d2f8ed30e718703cb0ca0c94cc67
12:tabParts	380	item.bedrock_ore	274	Rare Earth Bedrock Ore, Washed Sulfuric Byproduct	render/2261ee8ecca8d6fd6f7c10feda32a5bf
12:tabParts	381	item.bedrock_ore	290	Rare Earth Bedrock Ore, Dissolved Byproduct	render/7e5274540754cacf6583b9dfa0ecc61b
12:tabParts	382	item.bedrock_ore	306	Rare Earth Bedrock Ore, Roasted Dissolved Byproduct	render/0c25411aeed8fd46a02e401fa23b16af
12:tabParts	383	item.bedrock_ore	322	Rare Earth Bedrock Ore, Seared Dissolved Byproduct	render/0985d15cbf3dc5aa706ae67e6eb2c254
12:tabParts	384	item.bedrock_ore	338	Rare Earth Bedrock Ore, Washed Dissolved Byproduct	render/14b824dbfdb6fd162741af88a019709a
12:tabParts	385	item.bedrock_ore	354	Rare Earth Bedrock Ore, Cleaned Byproduct	render/5815cd73847443e0a63d9ccd575ea6dc
12:tabParts	386	item.bedrock_ore	370	Rare Earth Bedrock Ore, Roasted Cleaned Byproduct	render/f4fbdf1138cb68cce47950fd93ffd4bc
12:tabParts	387	item.bedrock_ore	386	Rare Earth Bedrock Ore, Seared Cleaned Byproduct	render/33ed19b49ef3f6359c6818a2fb1282b6
12:tabParts	388	item.bedrock_ore	402	Rare Earth Bedrock Ore, Washed Cleaned Byproduct	render/9f2e297255f38698dc6cbc4fa539ec4d
12:tabParts	389	item.bedrock_ore	3	Actinide Bedrock Ore	render/d57527434cdddb615da56d998fdefd91
12:tabParts	390	item.bedrock_ore	19	Roasted Actinide Bedrock Ore	render/c08f26fc617b51846bdc7120f0b97844
12:tabParts	391	item.bedrock_ore	35	Washed Actinide Bedrock Ore	render/2523a48780c53f500b9b56bf8f6da9b7
12:tabParts	392	item.bedrock_ore	51	Actinide Bedrock Ore, Primary Fraction	render/a6e7e4952b8d70cf79db937cfb5c0c86
12:tabParts	393	item.bedrock_ore	67	Actinide Bedrock Ore, Roasted Primary Fraction	render/90de09e8178766f703866d3f50b37b76
12:tabParts	394	item.bedrock_ore	83	Actinide Bedrock Ore, Sulfuric Primary Fraction	render/791739243e5b205c1e961f149b5ac17b
12:tabParts	395	item.bedrock_ore	99	Actinide Bedrock Ore, Separated Sulfuric Primary Fraction	render/d3709f861c05b0f1f1002e863e303f65
12:tabParts	396	item.bedrock_ore	115	Actinide Bedrock Ore, Dissolved Primary Fraction	render/2271692ebac7ece4074ffdfe61c01413
12:tabParts	397	item.bedrock_ore	131	Actinide Bedrock Ore, Separated Dissolved Primary Fraction	render/434ebcb587dfbeb17ec327b7213534c0
12:tabParts	398	item.bedrock_ore	147	Actinide Bedrock Ore, Cleaned Primary Fraction	render/66d1dabb518c16e624bc8a72ee4b2f7b
12:tabParts	399	item.bedrock_ore	163	Actinide Bedrock Ore, Separated Cleaned Primary Fraction	render/5372538454347bf5688196775218799e
12:tabParts	400	item.bedrock_ore	179	Actinide Bedrock Ore, Primary Fraction, Higher Weight	render/1320b6c496628611edd59d8d274500e3
12:tabParts	401	item.bedrock_ore	195	Actinide Bedrock Ore, Primary Fraction, Lower Weight	render/15d0798183818fd5ee08c85255c59530
12:tabParts	402	item.bedrock_ore	211	Actinide Bedrock Ore Crumbs	render/66f2b72615df2b882cc6942fe320735a
12:tabParts	403	item.bedrock_ore	227	Actinide Bedrock Ore, Sulfuric Byproduct	render/4ab6fa8c3ea07c6e220fe14dc9c6a8d1
12:tabParts	404	item.bedrock_ore	243	Actinide Bedrock Ore, Roasted Sulfuric Byproduct	render/41e29c3478d1531982fbd3f098832305
12:tabParts	405	item.bedrock_ore	259	Actinide Bedrock Ore, Seared Sulfuric Byproduct	render/8fdf0b0d8399518bb7e7eaabccebce45
12:tabParts	406	item.bedrock_ore	275	Actinide Bedrock Ore, Washed Sulfuric Byproduct	render/702be2c6175c323b74b34b97b010a48d
12:tabParts	407	item.bedrock_ore	291	Actinide Bedrock Ore, Dissolved Byproduct	render/5c93f12ae90eb5b97b34ed758ab1528b
12:tabParts	408	item.bedrock_ore	307	Actinide Bedrock Ore, Roasted Dissolved Byproduct	render/57c0d912a43a1b7bffbc0d22d1904ddc
12:tabParts	409	item.bedrock_ore	323	Actinide Bedrock Ore, Seared Dissolved Byproduct	render/0125110a81e62e5d26009cba139902e6
12:tabParts	410	item.bedrock_ore	339	Actinide Bedrock Ore, Washed Dissolved Byproduct	render/a04cc4d128ff680d66bf537b2bf9637c
12:tabParts	411	item.bedrock_ore	355	Actinide Bedrock Ore, Cleaned Byproduct	render/d0e58424db1e51ad74696d405b694fd4
12:tabParts	412	item.bedrock_ore	371	Actinide Bedrock Ore, Roasted Cleaned Byproduct	render/ec91106ab0b06384b45717c4fbc16c4c
12:tabParts	413	item.bedrock_ore	387	Actinide Bedrock Ore, Seared Cleaned Byproduct	render/69df1da1f57de39dc71350f26c6b4a3b
12:tabParts	414	item.bedrock_ore	403	Actinide Bedrock Ore, Washed Cleaned Byproduct	render/e645866c960fe892d1effe5f5bc69023
12:tabParts	415	item.bedrock_ore	4	Non-Metal Bedrock Ore	render/4e88ef3971427467faaa60c9e0f35331
12:tabParts	416	item.bedrock_ore	20	Roasted Non-Metal Bedrock Ore	render/f61857758edeb2a5767114b32df4d357
12:tabParts	417	item.bedrock_ore	36	Washed Non-Metal Bedrock Ore	render/31ba8a61277bf6b00a9301ac6a934039
12:tabParts	418	item.bedrock_ore	52	Non-Metal Bedrock Ore, Primary Fraction	render/32a36b5e27f1a8d40bd9e09124503156
12:tabParts	419	item.bedrock_ore	68	Non-Metal Bedrock Ore, Roasted Primary Fraction	render/617cb6bbd86fd876560e696519a3a4e1
12:tabParts	420	item.bedrock_ore	84	Non-Metal Bedrock Ore, Sulfuric Primary Fraction	render/78bbb3a8a687c3521ca8575686e9feb8
12:tabParts	421	item.bedrock_ore	100	Non-Metal Bedrock Ore, Separated Sulfuric Primary Fraction	render/f5674398a9f3fdc0d761ed45b51de10c
12:tabParts	422	item.bedrock_ore	116	Non-Metal Bedrock Ore, Dissolved Primary Fraction	render/04ea847210a24922623460725f6bfb4f
12:tabParts	423	item.bedrock_ore	132	Non-Metal Bedrock Ore, Separated Dissolved Primary Fraction	render/a57240f30df6fe4d0fba1ee3b56d40c7
12:tabParts	424	item.bedrock_ore	148	Non-Metal Bedrock Ore, Cleaned Primary Fraction	render/4e5cf136e8e6b6ea2ba932e6d48b220c
12:tabParts	425	item.bedrock_ore	164	Non-Metal Bedrock Ore, Separated Cleaned Primary Fraction	render/e00c59a8043072bf0340350ede18eba8
12:tabParts	426	item.bedrock_ore	180	Non-Metal Bedrock Ore, Primary Fraction, Higher Weight	render/cc27204125ba6560fde5ba83b65f096c
12:tabParts	427	item.bedrock_ore	196	Non-Metal Bedrock Ore, Primary Fraction, Lower Weight	render/dcc1f9fa818f0a608e4fe4e886750dab
12:tabParts	428	item.bedrock_ore	212	Non-Metal Bedrock Ore Crumbs	render/c4fbd2f3ecac2a5affb05abd8bbd929b
12:tabParts	429	item.bedrock_ore	228	Non-Metal Bedrock Ore, Sulfuric Byproduct	render/12a742c18baa4e7bb0b5972119746e3a
12:tabParts	430	item.bedrock_ore	244	Non-Metal Bedrock Ore, Roasted Sulfuric Byproduct	render/d9f5cf8e07112706e18f7f9d8a5842b8
12:tabParts	431	item.bedrock_ore	260	Non-Metal Bedrock Ore, Seared Sulfuric Byproduct	render/52ecd32ac2c906a7ec7f747897e9d171
12:tabParts	432	item.bedrock_ore	276	Non-Metal Bedrock Ore, Washed Sulfuric Byproduct	render/99b39f3ac0db88d933aa0828abf1e58e
12:tabParts	433	item.bedrock_ore	292	Non-Metal Bedrock Ore, Dissolved Byproduct	render/222af172795b79762e9b3cb068e82fc1
12:tabParts	434	item.bedrock_ore	308	Non-Metal Bedrock Ore, Roasted Dissolved Byproduct	render/8a46ad596646c8d8557efa4c6e797cb7
12:tabParts	435	item.bedrock_ore	324	Non-Metal Bedrock Ore, Seared Dissolved Byproduct	render/6f8323f7fff35a4bfdabfa2d4d35866f
12:tabParts	436	item.bedrock_ore	340	Non-Metal Bedrock Ore, Washed Dissolved Byproduct	render/3d5a123801326ea3027c581cee7b19e3
12:tabParts	437	item.bedrock_ore	356	Non-Metal Bedrock Ore, Cleaned Byproduct	render/2a6a97116aac2ed04fada62fac372e41
12:tabParts	438	item.bedrock_ore	372	Non-Metal Bedrock Ore, Roasted Cleaned Byproduct	render/edca08782a99cd6b49ad4a4d60bb9299
12:tabParts	439	item.bedrock_ore	388	Non-Metal Bedrock Ore, Seared Cleaned Byproduct	render/d03b48f9a06aed589a394db5572048f8
12:tabParts	440	item.bedrock_ore	404	Non-Metal Bedrock Ore, Washed Cleaned Byproduct	render/29643022da4c988df874a3b34fbad8b4
12:tabParts	441	item.bedrock_ore	5	Crystalline Bedrock Ore	render/65440b5f8c9b98c9915c35eccaa9ec96
12:tabParts	442	item.bedrock_ore	21	Roasted Crystalline Bedrock Ore	render/c2e6824956041f4f14cc7d49b4fb9ce4
12:tabParts	443	item.bedrock_ore	37	Washed Crystalline Bedrock Ore	render/8406167daca983464fde92c82dc15145
12:tabParts	444	item.bedrock_ore	53	Crystalline Bedrock Ore, Primary Fraction	render/96d14f3dbf4a42c74fffe15400784ca7
12:tabParts	445	item.bedrock_ore	69	Crystalline Bedrock Ore, Roasted Primary Fraction	render/fae65fe76485277ee7887147af466831
12:tabParts	446	item.bedrock_ore	85	Crystalline Bedrock Ore, Sulfuric Primary Fraction	render/b3860b23300950958ebdcca15b017bfc
12:tabParts	447	item.bedrock_ore	101	Crystalline Bedrock Ore, Separated Sulfuric Primary Fraction	render/0cd4bdd6f04e02e58b0302842d968367
12:tabParts	448	item.bedrock_ore	117	Crystalline Bedrock Ore, Dissolved Primary Fraction	render/f1d716486451d7c77416be3a912ae1ad
12:tabParts	449	item.bedrock_ore	133	Crystalline Bedrock Ore, Separated Dissolved Primary Fraction	render/3c232ff93525867d74d8d8f091013aea
12:tabParts	450	item.bedrock_ore	149	Crystalline Bedrock Ore, Cleaned Primary Fraction	render/795d95679ffb060b7690087f4061ed83
12:tabParts	451	item.bedrock_ore	165	Crystalline Bedrock Ore, Separated Cleaned Primary Fraction	render/bc91074a7630b602be2ea30b8d2642c2
12:tabParts	452	item.bedrock_ore	181	Crystalline Bedrock Ore, Primary Fraction, Higher Weight	render/eff520a91ca40d9df04a74923655ad45
12:tabParts	453	item.bedrock_ore	197	Crystalline Bedrock Ore, Primary Fraction, Lower Weight	render/c408a847926de2e6b4124ce6d2751ae9
12:tabParts	454	item.bedrock_ore	213	Crystalline Bedrock Ore Crumbs	render/3cdacf41dc722f66abf2478b8f28413a
12:tabParts	455	item.bedrock_ore	229	Crystalline Bedrock Ore, Sulfuric Byproduct	render/068e2f245453632bf807ee3b42e566e7
12:tabParts	456	item.bedrock_ore	245	Crystalline Bedrock Ore, Roasted Sulfuric Byproduct	render/9bb023fcfdef3ffb1611eb5d633a9215
12:tabParts	457	item.bedrock_ore	261	Crystalline Bedrock Ore, Seared Sulfuric Byproduct	render/3af812a2c70c9027a0e413a81c25a6d7
12:tabParts	458	item.bedrock_ore	277	Crystalline Bedrock Ore, Washed Sulfuric Byproduct	render/d0e6940da51073039caf02713fba865c
12:tabParts	459	item.bedrock_ore	293	Crystalline Bedrock Ore, Dissolved Byproduct	render/25bb67a21ac039b9fc8454cf2f84be58
12:tabParts	460	item.bedrock_ore	309	Crystalline Bedrock Ore, Roasted Dissolved Byproduct	render/4aef0c6aa73befba085c4a8a6c748d02
12:tabParts	461	item.bedrock_ore	325	Crystalline Bedrock Ore, Seared Dissolved Byproduct	render/0193b2f4f7de4b6fb0ab793255527f3c
12:tabParts	462	item.bedrock_ore	341	Crystalline Bedrock Ore, Washed Dissolved Byproduct	render/d190e089103abbe6046bd51fbb258588
12:tabParts	463	item.bedrock_ore	357	Crystalline Bedrock Ore, Cleaned Byproduct	render/bdc67837f15a538d247b4550432ba7b7
12:tabParts	464	item.bedrock_ore	373	Crystalline Bedrock Ore, Roasted Cleaned Byproduct	render/88b467eb61dab14ddebc4fa540eb62d0
12:tabParts	465	item.bedrock_ore	389	Crystalline Bedrock Ore, Seared Cleaned Byproduct	render/d679353abe4a169f7ad03e552fa69efa
12:tabParts	466	item.bedrock_ore	405	Crystalline Bedrock Ore, Washed Cleaned Byproduct	render/477c49d1445cad1ac83391f023b268ed
12:tabParts	467	item.bedrock_ore_fragment	600	Coal Bedrock Ore Fragment	render/9df5ba73d158b558f664dcd69058281e
12:tabParts	468	item.bedrock_ore_fragment	601	Lignite Bedrock Ore Fragment	render/d216b122e91a883211002ae4818f12b9
12:tabParts	469	item.bedrock_ore_fragment	1430	Diamond Bedrock Ore Fragment	render/abd9e30df3f70e1a654852429b928de3
12:tabParts	470	item.bedrock_ore_fragment	2600	Iron Bedrock Ore Fragment	render/6684b1fbea9659fa1f3a974f3a677c28
12:tabParts	471	item.bedrock_ore_fragment	7900	Gold Bedrock Ore Fragment	render/6171214c6f6d5beac897f7e22ed34a2d
12:tabParts	472	item.bedrock_ore_fragment	1	Redstone Bedrock Ore Fragment	render/fb7f51d55f03205148aa76b4e26d9168
12:tabParts	473	item.bedrock_ore_fragment	2902	Bauxite Bedrock Ore Fragment	render/5586fb223e434cb032e0d265e5a122b0
12:tabParts	474	item.bedrock_ore_fragment	2903	Cryolite Bedrock Ore Fragment	render/b6178a364595c45db0fb0a40f67e2567
12:tabParts	475	item.bedrock_ore_fragment	9200	Uranium Bedrock Ore Fragment	render/61b8c76772aacd259894875144206ae0
12:tabParts	476	item.bedrock_ore_fragment	9238	Uranium-238 Bedrock Ore Fragment	render/61b8c76772aacd259894875144206ae0
12:tabParts	477	item.bedrock_ore_fragment	9032	Thorium-232 Bedrock Ore Fragment	render/a3067f737cafa561c6b9e1bafd355091
12:tabParts	478	item.bedrock_ore_fragment	8410	Polonium-210 Bedrock Ore Fragment	render/ecd6841e07d449251ccc5e47effa96be
12:tabParts	479	item.bedrock_ore_fragment	4399	Technetium-99 Bedrock Ore Fragment	render/69ba8b32130393a053808540eb8e1ecd
12:tabParts	480	item.bedrock_ore_fragment	8826	Radium-226 Bedrock Ore Fragment	render/0d3f8c4d16e1f656cfaaa52abe37557b
12:tabParts	481	item.bedrock_ore_fragment	2200	Titanium Bedrock Ore Fragment	render/0bb1abf36b961714d2eda9e323cc6e0f
12:tabParts	482	item.bedrock_ore_fragment	2900	Copper Bedrock Ore Fragment	render/a0d54eded0028186b8c72ce14dffe7ce
12:tabParts	483	item.bedrock_ore_fragment	7400	Tungsten Bedrock Ore Fragment	render/69d83f1d76a6889dc5121549b4071582
12:tabParts	484	item.bedrock_ore_fragment	1300	Aluminium Bedrock Ore Fragment	render/584b8c06e2952df8a4954c57ebca5dd2
12:tabParts	485	item.bedrock_ore_fragment	8200	Lead Bedrock Ore Fragment	render/e794d3fa81e0dc875a33a3b87faee6d9
12:tabParts	486	item.bedrock_ore_fragment	8300	Bismuth Bedrock Ore Fragment	render/2fdbb86d366c42d081d0ba7602750a79
12:tabParts	487	item.bedrock_ore_fragment	7300	Tantalum Bedrock Ore Fragment	render/d85f52853cb6284b449630acf8104426
12:tabParts	488	item.bedrock_ore_fragment	6000	Neodymium Bedrock Ore Fragment	render/50ea2112971b963f6041c487d46d3441
12:tabParts	489	item.bedrock_ore_fragment	4100	Niobium Bedrock Ore Fragment	render/aa797cb5ea61bfada5126208156e9378
12:tabParts	490	item.bedrock_ore_fragment	400	Beryllium Bedrock Ore Fragment	render/f9e24c1bb9a31db845fa063767092eaf
12:tabParts	491	item.bedrock_ore_fragment	401	Emerald Bedrock Ore Fragment	render/ded0b5f685df1d29b7ce85fe9119c9c4
12:tabParts	492	item.bedrock_ore_fragment	2700	Cobalt Bedrock Ore Fragment	render/130261f14eef0522acfe64bec474d333
12:tabParts	493	item.bedrock_ore_fragment	500	Boron Bedrock Ore Fragment	render/c56cee88f0bf23cd909c980222f904ee
12:tabParts	494	item.bedrock_ore_fragment	501	Borax Bedrock Ore Fragment	render/9aa3a3fe1975131b91d41972ff1a4748
12:tabParts	495	item.bedrock_ore_fragment	5700	Lanthanium Bedrock Ore Fragment	render/fe4fc84cc6e421221350c0e0ec8517f4
12:tabParts	496	item.bedrock_ore_fragment	4000	Zirconium Bedrock Ore Fragment	render/7ecb11ea79c3a490d1ed4ace45bf08f7
12:tabParts	497	item.bedrock_ore_fragment	1100	Sodium Bedrock Ore Fragment	render/6edd68180bdfa509851a15d2c7ec27f6
12:tabParts	498	item.bedrock_ore_fragment	1101	Sodalite Bedrock Ore Fragment	render/9517740d5cf0efa975466cf2034f8b6c
12:tabParts	499	item.bedrock_ore_fragment	3800	Strontium Bedrock Ore Fragment	render/9b5e1aaa27ab5797408e7299c80f9391
12:tabParts	500	item.bedrock_ore_fragment	300	Lithium Bedrock Ore Fragment	render/448fc46dde5d82ca3eb78ea9af6fdb2a
12:tabParts	501	item.bedrock_ore_fragment	1600	Sulfur Bedrock Ore Fragment	render/6cea3f42db33c4f3e26f717a1d034402
12:tabParts	502	item.bedrock_ore_fragment	700	Niter Bedrock Ore Fragment	render/eec6d6627774aab649c7ba8e0e5e68ba
12:tabParts	503	item.bedrock_ore_fragment	900	Fluorite Bedrock Ore Fragment	render/55263a8352819791ff61a7635e004b5a
12:tabParts	504	item.bedrock_ore_fragment	1500	Red Phosphorus Bedrock Ore Fragment	render/050a79961571c5d0a440fadfa5285247
12:tabParts	505	item.bedrock_ore_fragment	1701	Chlorocalcite Bedrock Ore Fragment	render/ad093287406b074e76a600d89eeaa1b3
12:tabParts	506	item.bedrock_ore_fragment	1702	Molysite Bedrock Ore Fragment	render/d6b6e21e4f04efc698e23d7795872b76
12:tabParts	507	item.bedrock_ore_fragment	8001	Cinnabar Bedrock Ore Fragment	render/75307227e367a8121736bbba672a9f88
12:tabParts	508	item.bedrock_ore_fragment	1400	Silicon Bedrock Ore Fragment	render/9e2d0d02fcde8043beb6655a891273ac
12:tabParts	509	item.bedrock_ore_fragment	1401	Asbestos Bedrock Ore Fragment	render/ec22287831084986824b5e105b670319
12:tabParts	510	item.bedrock_ore_fragment	20000	Rare Earth Bedrock Ore Fragment	render/22701a2318389e16e9a5dc1287d33bde
12:tabParts	511	item.crystal_coal	0	Coal Crystals	render/74c91132851e38d7977998f1888efcf1
12:tabParts	512	item.crystal_iron	0	Iron Crystals	render/71721e09488a12010f013671c03e3326
12:tabParts	513	item.crystal_gold	0	Gold Crystals	render/aabd9c5708f756c4a195d52dc3b3e341
12:tabParts	514	item.crystal_redstone	0	Redstone Crystals	render/cda118128fb0dc52e1fb58272ae7d5da
12:tabParts	515	item.crystal_lapis	0	Lapis Crystals	render/bc2112fe22366bcdcf3ebfaf89d75999
12:tabParts	516	item.crystal_diamond	0	Diamond Crystals	render/86a3d5a3800aaf89629571cd870ec43b
12:tabParts	517	item.crystal_uranium	0	Uranium Crystals	render/831ec98fae1fff3ad301c4f4845ad8b7
12:tabParts	518	item.crystal_thorium	0	Thorium Crystals	render/2c1417dbc3f267bcefe4f6967febd55e
12:tabParts	519	item.crystal_plutonium	0	Plutonium Crystals	render/81da24d8ac0643a0bc53b255daeed1ce
12:tabParts	520	item.crystal_titanium	0	Titanium Crystals	render/30157e142be59fc5b060596008c2e56f
12:tabParts	521	item.crystal_sulfur	0	Sulfur Crystals	render/22e58775dcee59309319dcdb2a805aa7
12:tabParts	522	item.crystal_niter	0	Niter Crystals	render/1405c36b11119a45181c5919e33e07c6
12:tabParts	523	item.crystal_copper	0	Copper Crystals	render/b9eeecbdbfdd9be2661a99d85ad8b2a6
12:tabParts	524	item.crystal_tungsten	0	Tungsten Crystals	render/18c98c7db80a01f9adc767c37a36a668
12:tabParts	525	item.crystal_aluminium	0	Aluminium Crystals	render/1d1137f128a545fd1fefca78dcdac40b
12:tabParts	526	item.crystal_fluorite	0	Fluorite Crystals	render/cc669343a69922daf410f67ca94c9844
12:tabParts	527	item.crystal_beryllium	0	Beryllium Crystals	render/fdc056570a8d08dd961a38c9ecdb2942
12:tabParts	528	item.crystal_lead	0	Lead Crystals	render/a9f3b26d2f411117d54d54ed01544963
12:tabParts	529	item.crystal_schraranium	0	Schraranium Crystals	render/637455adbc4560d20012b147069a3e86
12:tabParts	530	item.crystal_schrabidium	0	Schrabidium Crystals	render/7a68a297ddabbd29a72a1fc74e462a8c
12:tabParts	531	item.crystal_rare	0	Rare Earth Crystals	render/7210fbe8c430bb9610c9c77e4f8d6d8e
12:tabParts	532	item.crystal_phosphorus	0	Phosphorus Crystals	render/11b2bba2013c3a36bb8c40b7934b4e08
12:tabParts	533	item.crystal_lithium	0	Lithium Crystals	render/0e37401858c88a77f432a40a06516da8
12:tabParts	534	item.crystal_cobalt	0	Cobalt Crystals	render/b2b3687f37b62c1cda79e72c6ba1bae3
12:tabParts	535	item.crystal_starmetal	0	Starmetal Crystals	render/6bf16803c2c7af7ffa6b1f35c44c9a19
12:tabParts	536	item.crystal_cinnebar	0	Cinnabar Crystals	render/e1782930853f5a13dc5ac4783dff4325
12:tabParts	537	item.crystal_trixite	0	Trixite Crystals	render/bb2ed4841fc51b2c7e11051e51bbd8de
12:tabParts	538	item.crystal_osmiridium	0	Osmiridium Crystals	render/875d372215f67ff9783543983974ee9b
12:tabParts	539	item.gem_sodalite	0	Sodalite	render/5a7f8adeb59c94f66d4fc434ed9b821a
12:tabParts	540	item.gem_tantalium	0	Tantalum Polycrystal	render/58606f46e4c8ce3f3bc648ca3657de1b
12:tabParts	541	item.gem_volcanic	0	Volcanic Gem	render/108321386fbd3a4b186479372026a272
12:tabParts	542	item.gem_rad	0	Radioactive Gem	render/305c751fc68d6eb94b5f14aa56f46cbc
12:tabParts	543	item.gem_alexandrite	0	Alexandrite	render/f4dd77c458a1f0b2e29c3eecfaea689e
12:tabParts	544	item.fragment_neodymium	0	Neodymium Fragment	render/0aaea698ec176a5af239ac42f7c498cc
12:tabParts	545	item.fragment_cobalt	0	Cobalt Fragment	render/b32fae6930e5665e2930586603d98701
12:tabParts	546	item.fragment_niobium	0	Niobium Fragment	render/44c4641a05b2b1f219d12f982f0d153a
12:tabParts	547	item.fragment_cerium	0	Cerium Fragment	render/54135ea97fa6c807c4ea86de2d2538c3
12:tabParts	548	item.fragment_lanthanium	0	Lanthanium Fragment	render/195cc612973b6e09b937beb9914beeaf
12:tabParts	549	item.fragment_actinium	0	Actinium-227 Fragment	render/12fc8d9bc0c6b4b2c18373e236d493cb
12:tabParts	550	item.fragment_boron	0	Boron Fragment	render/8faed3460b3041bda7c842e5ea5addd6
12:tabParts	551	item.fragment_meteorite	0	Meteorite Fragment	render/8f5541c854d2757d8b2e1ef383f42f59
12:tabParts	552	item.fragment_coltan	0	Coltan	render/02f9fe28036fd82f55eb7275147bf0d7
12:tabParts	553	item.chunk_ore	0	Rare Earth Ore Chunk	render/eb255b7ece4c6c01dd3755892d24586b
12:tabParts	554	item.chunk_ore	1	Malachite Chunk	render/c8b4a1929b87ffac8d60aaca96fc6183
12:tabParts	555	item.chunk_ore	2	Cryolite Chunk	render/75dbba4ecf0edc8fe7b2392bae317ebf
12:tabParts	556	item.chunk_ore	3	Moonstone	render/3da2d9b967d618c443129e0092109680
12:tabParts	557	item.biomass	0	Biomass	render/966302fe7ffb0acab4f25f125bd7b2f7
12:tabParts	558	item.biomass_compressed	0	Compressed Biomass	render/8d81d2837507909b8685049948cf849d
12:tabParts	559	item.bio_wafer	0	Algae Wafer	render/ebc9c763ab8d4e7a24ae0608d92ca539
12:tabParts	560	item.nugget_uranium	0	Uranium Nugget	render/b691727c8d8a337b1c2889c3820d0e23
12:tabParts	561	item.nugget_u233	0	Uranium-233 Nugget	render/ac74008ab799b4359180300be26f69a0
12:tabParts	562	item.nugget_u235	0	Uranium-235 Nugget	render/04bb4f529d3af1a20a4ea9b4ae01141d
12:tabParts	563	item.nugget_u238	0	Uranium-238 Nugget	render/45971fbe21b55f9c7d44ffc6a927a5c0
12:tabParts	564	item.nugget_th232	0	Thorium-232 Nugget	render/cd42e2e66a394de752bd6885129f3435
12:tabParts	565	item.nugget_plutonium	0	Plutonium Nugget	render/741b0dba4afa553ed3f1160774a62cb5
12:tabParts	566	item.nugget_pu238	0	Plutonium-238 Nugget	render/a18ea3045a6f114ed34b387d9d16a383
12:tabParts	567	item.nugget_pu239	0	Plutonium-239 Nugget	render/cb5c902c1ac15ace41ad6a5097659f09
12:tabParts	568	item.nugget_pu240	0	Plutonium-240 Nugget	render/d2d72b227e4873849b1dd8553e98c901
12:tabParts	569	item.nugget_pu241	0	Plutonium-241 Nugget	render/6d76ae22d482063379824cd6a39cdb30
12:tabParts	570	item.nugget_pu_mix	0	Reactor Grade Plutonium Nugget	render/db21219211664282475208c502de60f0
12:tabParts	571	item.nugget_am241	0	Americium-241 Nugget	render/aec575f7df0f77668733b42e9e939277
12:tabParts	572	item.nugget_am242	0	Americium-242 Nugget	render/cd364e04053b19251e28c44b8f648fb0
12:tabParts	573	item.nugget_am_mix	0	Reactor Grade Americium Nugget	render/977ab98133029b192bb93aa4ae929c5c
12:tabParts	574	item.nugget_neptunium	0	Neptunium Nugget	render/0b22f0af3ad9e1673324c050d2309cb4
12:tabParts	575	item.nugget_polonium	0	Polonium-210 Nugget	render/bf87e2fe96acfc44ca044bc909e47c75
12:tabParts	576	item.nugget_cobalt	0	Cobalt Nugget	render/d33c588fe5b6bd72bd496c722c044a22
12:tabParts	577	item.nugget_co60	0	Cobalt-60 Nugget	render/b72c9ea7ef3d1fa3fd34ca3ce41110a8
12:tabParts	578	item.nugget_sr90	0	Strontium-90 Nugget	render/d44457379f2bbdcfe590283b0c43eb76
12:tabParts	579	item.nugget_technetium	0	Technetium-99 Nugget	render/eef672aef7b0022aa661f38fe40658a6
12:tabParts	580	item.nugget_au198	0	Gold-198 Nugget	render/70882c40eebd5176ff4a76455becdf3c
12:tabParts	581	item.nugget_pb209	0	Lead-209 Nugget	render/1f080d5a0483fc5156cb5d8fb989e24f
12:tabParts	582	item.nugget_ra226	0	Radium-226 Nugget	render/ab92a7d6268520d9e3550cf001430e83
12:tabParts	583	item.nugget_actinium	0	Actinium-227 Nugget	render/dccf00aa05ad9ad0602a5799ba81e5c3
12:tabParts	584	item.nugget_lead	0	Lead Nugget	render/4d58a7ebba1ed2935f64fecff11856d9
12:tabParts	585	item.nugget_bismuth	0	Bismuth Nugget	render/7259873d8d45df5051e1dd87365faed6
12:tabParts	586	item.nugget_arsenic	0	Arsenic Nugget	render/196128fc953dc516299722b37be9046f
12:tabParts	587	item.nugget_tantalium	0	Tantalum Nugget	render/c2069babc759cc66ff08badf879504aa
12:tabParts	588	item.nugget_silicon	0	Silicon Nugget	render/0fc95d3e0bceecb433f54180577ad1f7
12:tabParts	589	item.nugget_niobium	0	Niobium Nugget	render/52c420f7e613affdedbe3260e3a8c285
12:tabParts	590	item.nugget_beryllium	0	Beryllium Nugget	render/d1cffbc56d12ec5696bd4cdfae173588
12:tabParts	591	item.nugget_schrabidium	0	Schrabidium Nugget	render/3785255a7476d0ee4f32a73341ea5a55
12:tabParts	592	item.nugget_solinium	0	Solinium Nugget	render/210407a70376223963d6fe8ecdf02db4
12:tabParts	593	item.nugget_gh336	0	Ghiorsium-336 Nugget	render/bf12541452a968548e62e4c1eb0a4935
12:tabParts	594	item.nugget_uranium_fuel	0	Nugget of Uranium Fuel	render/4f67cd7cd89d9edf84c3dc401e1c4a6e
12:tabParts	595	item.nugget_thorium_fuel	0	Nugget of Thorium Fuel	render/7c95da494905224ccc19eb18452772fc
12:tabParts	596	item.nugget_plutonium_fuel	0	Nugget of Plutonium Fuel	render/8082e57f171583c20836b50a41869d50
12:tabParts	597	item.nugget_neptunium_fuel	0	Neptunium Fuel Nugget	render/a4d99587b61fce3efe2b7827a677d88a
12:tabParts	598	item.nugget_mox_fuel	0	Nugget of MOX Fuel	render/9f6ac7f2cd22cecb2d6470866b5bb7eb
12:tabParts	599	item.nugget_americium_fuel	0	Americium Fuel Nugget	render/acaea39a2f07f1664ddc774de305fcf8
12:tabParts	600	item.nugget_schrabidium_fuel	0	Nugget of Schrabidium Fuel	render/c7418e765f34279b86ed7ae3d918392f
12:tabParts	601	item.nugget_hes	0	Highly Enriched Schrabidium Fuel Nugget	render/ca9a9abc11c4716282749749201ada0c
12:tabParts	602	item.nugget_les	0	Low Enriched Schrabidium Fuel Nugget	render/cb57600a80cb4b6d874d86306fb6cae4
12:tabParts	603	item.nugget_zirconium	0	Zirconium Splinter	render/1efc02362efe6fb190e2f79f81754283
12:tabParts	604	item.nugget_australium	0	Australium Nugget	render/1dae8e91722da6ba5db50acba4ce769f
12:tabParts	605	item.nugget_australium_lesser	0	Lesser Australium Nugget	render/17f84674918b2a423c2a82a849b5a21d
12:tabParts	606	item.nugget_australium_greater	0	Greater Australium Nugget	render/60308e34efb6da1303fc6668834cf9ba
12:tabParts	607	item.nugget_desh	0	Desh Nugget	render/49046789b5b22a32ebfe4aeedeeb4a55
12:tabParts	608	item.nugget_euphemium	0	Euphemium Nugget	render/0ff0f56d56cec928d34ff0edbfa95676
12:tabParts	609	item.nugget_dineutronium	0	Dineutronium Nugget	render/8034b431b2a7e73eb631b295cb3caf5c
12:tabParts	610	item.nugget_osmiridium	0	Osmiridium Nugget	render/5213187ce83cdf788705c1506c4af053
12:tabParts	611	item.plate_iron	0	Iron Plate	render/d8b36c61dcf7e12389e2b323cf838a8d
12:tabParts	612	item.plate_gold	0	Gold Plate	render/21a68619b558086e009757b2db6420e8
12:tabParts	613	item.plate_titanium	0	Titanium Plate	render/01e7d185699d03a0a26509f8cb7e7bbf
12:tabParts	614	item.plate_aluminium	0	Aluminium Plate	render/a95d52f9319ee2e1c438097d51657d45
12:tabParts	615	item.plate_steel	0	Steel Plate	render/7c202b43af7ed8041c456582d9fe4bbb
12:tabParts	616	item.plate_lead	0	Lead Plate	render/e4bf8a2bb0ce072bc398ba3e5daaeba2
12:tabParts	617	item.plate_copper	0	Copper Plate	render/41be1dd5ca2610388f20d1817a4aebb4
12:tabParts	618	item.plate_dura_steel	0	High-Speed Steel Plate	render/f17d25067fde8ff483686a937121b76d
12:tabParts	619	item.neutron_reflector	0	Neutron Reflector	render/29fee2258580ac4d999f3e75fa5bbb30
12:tabParts	620	item.plate_schrabidium	0	Schrabidium Plate	render/3e1567cb12b4d23e84a81129d972a5e4
12:tabParts	621	item.plate_combine_steel	0	CMB Steel Plate	render/012fdfe87affb6720a772a75f19991cb
12:tabParts	622	item.plate_mixed	0	Mixed Plate	render/e6a72c553173873c89c1601e3a85c0f3
12:tabParts	623	item.plate_gunmetal	0	Gunmetal Plate	render/a41a34136b6db8fd1d06b8933327dfa6
12:tabParts	624	item.plate_weaponsteel	0	Weapon Steel Plate	render/1fd7751095fb97f7c5fe565a34751ed5
12:tabParts	625	item.plate_saturnite	0	Saturnite Plate	render/e935a782883d5269b50ec75a38f52fb8
12:tabParts	626	item.plate_paa	0	PaA Alloy Plate	render/a841ab4f6f3ca6ac683a22a38b64cc39
12:tabParts	627	item.plate_polymer	0	Insulator	render/f070f28fbb1c5932605a378de1f28ec7
12:tabParts	628	item.plate_kevlar	0	Kevlar Sheet	render/464a2ff50bbcc769382e34950932386e
12:tabParts	629	item.plate_dalekanium	0	Angry Metal	render/fe2d3a965c64fc029f6c1287b719f826
12:tabParts	630	item.plate_desh	0	Desh Compound Plate	render/dd23d700f6409decdf827c3f63770d7e
12:tabParts	631	item.plate_bismuth	0	Bismuth Compound Plate	render/2270794bf9de44e3836b2ac3bb5adc5c
12:tabParts	632	item.plate_euphemium	0	Euphemium Compound Plate	render/d586781317dcd1acc658e983c656080c
12:tabParts	633	item.plate_dineutronium	0	Dineutronium Compound Plate	render/33ab8d1a80295abc20d4b935c4970c8f
12:tabParts	634	item.plate_armor_titanium	0	Titanium Armor Plate	render/e28f8b0a140f6b8c603dcb783b0d452c
12:tabParts	635	item.plate_armor_ajr	0	Iron-Shod Armor Plating	render/a7b8d7a64506bfbb19fa0e2c48ef68df
12:tabParts	636	item.plate_armor_hev	0	Reactive Armor Plating	render/57ebea4c16fc2d26291284262b7d4602
12:tabParts	637	item.plate_armor_lunar	0	Lunar Plating	render/ab3c69e9eed815bce8e756449c6b6fe2
12:tabParts	638	item.plate_armor_fau	0	Fau Armor Plating	render/85abd71b06875361436ba16ab7c0ac70
12:tabParts	639	item.plate_armor_dnt	0	DNT Armor Plating	render/090bd4e402481a289da2389e8f7ac362
12:tabParts	640	item.plate_cast	2600	Cast Iron Plate	render/fd7ded814bc9a0181b96235db5a0172b
12:tabParts	641	item.plate_cast	7900	Cast Gold Plate	render/3beffdc8156ee5026e69ce8522208154
12:tabParts	642	item.plate_cast	12626	Cast Schrabidium Plate	render/5dd8ef50e604f6a5cb8c8a8724c2dce7
12:tabParts	643	item.plate_cast	12600	Cast Ferric Schrabidate Plate	render/74063f7bb53b4779fcb6e5968e9cc46d
12:tabParts	644	item.plate_cast	2200	Cast Titanium Plate	render/9cfcfeaf5314386c09fb90fd88c0adb7
12:tabParts	645	item.plate_cast	2900	Cast Copper Plate	render/2b3168247f235c36fa6da41ebe6f27d4
12:tabParts	646	item.plate_cast	7400	Cast Tungsten Plate	render/9ec7bde8b2cc18ef149b0fdb70be55c0
12:tabParts	647	item.plate_cast	1300	Cast Aluminium Plate	render/dacf8805e04c95bdc7bd1ffa4247c417
12:tabParts	648	item.plate_cast	8200	Cast Lead Plate	render/e1b9c9fd2935046014a78874fbec3cb8
12:tabParts	649	item.plate_cast	4000	Cast Zirconium Plate	render/0c3671894867b03cd14fda82f2f0c720
12:tabParts	650	item.plate_cast	7699	Cast Osmiridium Plate	render/fb1595e57ef0fc205ce1339fdd4faabd
12:tabParts	651	item.plate_cast	30	Cast Steel Plate	render/86d2a7caa0e036143aa3dca92162964c
12:tabParts	652	item.plate_cast	33	Cast High-Speed Steel Plate	render/210b543ae2d1fb8a8c947e7b9334b609
12:tabParts	653	item.plate_cast	42	Cast Desh Plate	render/75434663ad35bec342dbe1b21aa94e4f
12:tabParts	654	item.plate_cast	35	Cast Starmetal Plate	render/73120cb7577ef86f9e2679b805ff193d
12:tabParts	655	item.plate_cast	37	Cast Ferrouranium Plate	render/7f7286dd2f34dbb02586dfa81aea28d8
12:tabParts	656	item.plate_cast	36	Cast Technetium Steel Plate	render/860de3447d649ac3acbe90bce858afc1
12:tabParts	657	item.plate_cast	43	Cast Cadmium Steel Plate	render/bba94b3a3d91f944c6ea6f77a400ae52
12:tabParts	658	item.plate_cast	46	Cast Bismuth Bronze Plate	render/8499666e91e1dba81990b9cf837c79cd
12:tabParts	659	item.plate_cast	47	Cast Arsenic Bronze Plate	render/238173cef6b3c7874ead59c17d24afad
12:tabParts	660	item.plate_cast	39	Cast Combine Steel Plate	render/f2da7cc1469d50818d3cf8176cb3256c
12:tabParts	661	item.plate_cast	50	Cast Weapon Steel Plate	render/04f69816664e727a009b535197ae3e44
12:tabParts	662	item.plate_cast	34	Cast Saturnite Plate	render/6771df62950151b27ed3ca5f79de4559
12:tabParts	663	item.plate_welded	2600	Welded Iron Plate	render/88834132631121fc47ffff82030dc327
12:tabParts	664	item.plate_welded	2200	Welded Titanium Plate	render/4042fa5f5e32f3ab2edc245c2d0b500d
12:tabParts	665	item.plate_welded	2900	Welded Copper Plate	render/dca21029ec579b7c915c355aefbb62f0
12:tabParts	666	item.plate_welded	7400	Welded Tungsten Plate	render/16047311c7d5d483df437e0c29d3fefc
12:tabParts	667	item.plate_welded	1300	Welded Aluminium Plate	render/876e51a437452aaf526add2cd61d2514
12:tabParts	668	item.plate_welded	4000	Welded Zirconium Plate	render/e92630103469f2dbc2d72fa48d00596a
12:tabParts	669	item.plate_welded	7699	Welded Osmiridium Plate	render/adc4f52a4a51343153b12ed1b32817a3
12:tabParts	670	item.plate_welded	30	Welded Steel Plate	render/d35cd76df1775ea1b524cb4e0a601e9d
12:tabParts	671	item.plate_welded	36	Welded Technetium Steel Plate	render/310de05ef6d43a8729fffbb9030e7acf
12:tabParts	672	item.plate_welded	43	Welded Cadmium Steel Plate	render/eb8302acfe09f835e57fad1db548ca86
12:tabParts	673	item.plate_welded	39	Welded Combine Steel Plate	render/1a21fc00ffbd7d46e0c1d39e5d9fda96
12:tabParts	674	item.shell	2200	Titanium Shell	render/cc286e74de264431dcf482b8e0a1fd83
12:tabParts	675	item.shell	2900	Copper Shell	render/25524fb2f6462ed4cf9855164ec2ad0a
12:tabParts	676	item.shell	1300	Aluminium Shell	render/a8131387a1c0e5478f75f1f361868347
12:tabParts	677	item.shell	30	Steel Shell	render/22bd0c79d51c9662aa06f8106b14a249
12:tabParts	678	item.shell	50	Weapon Steel Shell	render/9fbbf5033c15617f0b0132b3d5f9abc4
12:tabParts	679	item.shell	34	Saturnite Shell	render/1ffc106d016f924e3b7a117a217758ff
12:tabParts	680	item.pipe	2600	Iron Pipe	render/67fc34a49e3b70745ba78966b07c4b12
12:tabParts	681	item.pipe	2900	Copper Pipe	render/5635a8f5bc0699bfbffba15aafb37728
12:tabParts	682	item.pipe	1300	Aluminium Pipe	render/0ee46d90301bbac96874ecae30fd2263
12:tabParts	683	item.pipe	8200	Lead Pipe	render/56c8cba4cce25c74e94fd0853cb03741
12:tabParts	684	item.pipe	30	Steel Pipe	render/a6d8f5f08696421554aff98fa3c12a27
12:tabParts	685	item.pipe	33	High-Speed Steel Pipe	render/b6c14c5f46bbe00ff2c4919308f8f7f9
12:tabParts	686	item.pipe	20003	Rubber Pipe	render/3a9ca58cb1fdd205de1d70414f253030
12:tabParts	687	item.bolt	7400	Tungsten Bolt	render/92e877eb4ccfb0078ba97bbf9aa88ac9
12:tabParts	688	item.bolt	8200	Lead Bolt	render/88a8216bb74d07851c1eaaa3ce23e3d9
12:tabParts	689	item.bolt	30	Steel Bolt	render/3237556f28b1fde4384b85ce2b454a60
12:tabParts	690	item.bolt	33	High-Speed Steel Bolt	render/95a819e2b7e90c90c7b20f9f9b58e1aa
12:tabParts	691	item.bolt_spike	0	Railroad Spike	render/0c387ef328f65af4234c71c962ac6b5d
12:tabParts	692	item.hazmat_cloth	0	Hazmat Cloth	render/048b769c7dad69d83cabec117cd0bb1f
12:tabParts	693	item.hazmat_cloth_red	0	Advanced Hazmat Cloth	render/78793094b4cb71e2a079659c11dc0368
12:tabParts	694	item.hazmat_cloth_grey	0	Lead-Reinforced Hazmat Cloth	render/a107b9637b421e448c17f7a400745fe1
12:tabParts	695	item.asbestos_cloth	0	Fire Proximity Cloth	render/8e8f93d590a8843a91da2fb6e1bafbdb
12:tabParts	696	item.rag	0	Cloth	render/11028ffe32682a4a17f254e61cde1034
12:tabParts	697	item.rag_damp	0	Damp Cloth	render/0d95ecf66363de70cd43a338667acd92
12:tabParts	698	item.rag_piss	0	Piss-Soaked Rag	render/2c523739fb6457f6b156b648acd0bf52
12:tabParts	699	item.filter_coal	0	Activated Carbon Filter	render/588eccb39345280ebde0ee2f829d238c
12:tabParts	700	item.wire_fine	699	Carbon Wire	render/d99cac9bb7a0503d112ffc17433cb4da
12:tabParts	701	item.wire_fine	7900	Gold Wire	render/3742d5814e59c15613012ce4fd0b5e09
12:tabParts	702	item.wire_fine	12626	Schrabidium Wire	render/0d07e38d9b4458c7fe41cc428d16d0b7
12:tabParts	703	item.wire_fine	2900	Copper Wire	render/bbbbae5d93b4ae66622cf532e9664363
12:tabParts	704	item.wire_fine	7400	Tungsten Wire	render/af34140fcd29e59abf6dd75e99f0c955
12:tabParts	705	item.wire_fine	1300	Aluminium Wire	render/7f248443be61558b28750125d9e520cb
12:tabParts	706	item.wire_fine	8200	Lead Wire	render/11efdcdefb2648e38a9f240a88bf2bc0
12:tabParts	707	item.wire_fine	4000	Zirconium Wire	render/80c678b44b308dff0104e8a77ebd1a3c
12:tabParts	708	item.wire_fine	30	Steel Wire	render/e8ce313d2afd035f17b519485d9822b6
12:tabParts	709	item.wire_fine	31	Minecraft Grade Copper Wire	render/c765371f01f99507912a2475e8b2b209
12:tabParts	710	item.wire_fine	38	Magnetized Tungsten Wire	render/c45ccc67ee7b0614d9f15537941532c6
12:tabParts	711	item.wire_dense	7900	Dense Gold Wire	render/9cadbae6db53f711bc427464f38aa99c
12:tabParts	712	item.wire_dense	12626	Dense Schrabidium Wire	render/4eb18db220bf00b30e694413713d3b0e
12:tabParts	713	item.wire_dense	12600	Dense Ferric Schrabidate Wire	render/190e10c18a7f3cb24274a2968dd903ba
12:tabParts	714	item.wire_dense	2200	Dense Titanium Wire	render/a4a524c024e5f208c731ae8920b7d8fd
12:tabParts	715	item.wire_dense	2900	Dense Copper Wire	render/739be70e71216185bc345e8ba61127f7
12:tabParts	716	item.wire_dense	7400	Dense Tungsten Wire	render/73b4da1863af5cf8b12f3bfbccb97a27
12:tabParts	717	item.wire_dense	6000	Dense Neodymium Wire	render/829a7a2b45bd3201a4faf82ba03ed435
12:tabParts	718	item.wire_dense	4100	Dense Niobium Wire	render/b8ccf79d8469f56469fb976ec83b3794
12:tabParts	719	item.wire_dense	31	Dense Minecraft Grade Copper Wire	render/545c0a3e0cffb1df65d149ab2bf08876
12:tabParts	720	item.wire_dense	35	Dense Starmetal Wire	render/46c4a456df24f8e9aec4a14ae948f4a5
12:tabParts	721	item.wire_dense	48	Dense BSCCO Wire	render/f67c1332333ebe1f14fe6faf7788b73f
12:tabParts	722	item.wire_dense	38	Dense Magnetized Tungsten Wire	render/007b1a4b1f7cc9ad2e758f8161c041dd
12:tabParts	723	item.wire_dense	45	Dense Dineutronium Wire	render/719a4e379faf1f4f881ed80781ad908f
12:tabParts	724	item.coil_copper	0	Copper Coil	render/07246032a486a724e83b8c246c736e40
12:tabParts	725	item.coil_copper_torus	0	Ring Coil	render/4b0686dbbe437bc37599410cb0b0a9ae
12:tabParts	726	item.coil_gold	0	Gold Coil	render/afcb687069817ffa2afadf2fa8d3d679
12:tabParts	727	item.coil_gold_torus	0	Golden Ring Coil	render/95ced0415f6c441393adc3b71325957c
12:tabParts	728	item.coil_tungsten	0	Heating Coil	render/b08e8e06ee581a2811fa281e99eb3cfa
12:tabParts	729	item.coil_magnetized_tungsten	0	4000K High Temperature Super Conducting Coil	render/a1210cb0e53e8be46dc657662f91eb01
12:tabParts	730	item.safety_fuse	0	Safety Fuse	render/dbf86ab65e8b2c2aa383fd178f29fa1d
12:tabParts	731	item.tank_steel	0	Steel Tank	render/122baf141b5fdeeca99624df4d099f6f
12:tabParts	732	item.motor	0	Motor	render/f37587c3db048c09564a5a691987d5c8
12:tabParts	733	item.motor_desh	0	Desh Motor	render/1eee0faeda01e1e1e7122cfddfc45477
12:tabParts	734	item.motor_bismuth	0	Bismuth Motor	render/13bad159840f100d1dde1c5ea4be9729
12:tabParts	735	item.centrifuge_element	0	Centrifuge Element	render/de44badc979a7638e8ae94d5b35d8e73
12:tabParts	736	item.reactor_core	0	Breeding Reactor Core	render/12d03645277afe13929b35ffe79d3e00
12:tabParts	737	item.rtg_unit	0	RTG Unit	render/0b1105315c90233cc7faa29763f6dbaa
12:tabParts	738	item.pipes_steel	0	Steel Pipes	render/33a47139004e71bb46051780e531f58b
12:tabParts	739	item.drill_titanium	0	Titanium Drill	render/b1e24653aaa2a720e29d07fe2f26a6cd
12:tabParts	740	item.photo_panel	0	Photovoltaic Panel	render/dc974e0770de5df6e4d52b95cb187845
12:tabParts	741	item.chlorine_pinwheel	0	Chlorine Pinwheel	render/d9179d641735afd53717be13794f176a
12:tabParts	742	item.ring_starmetal	0	§9Starmetal Ring§r	render/3c0aae96e3e6ef1943659427ad20aac8
12:tabParts	743	item.deuterium_filter	0	Deuterium Filter	render/d227ff49c68de5f79295f2712d3fb55e
12:tabParts	744	item.chemical_dye	0	Chemical Dye (Black)	render/240bcb2de31dcb80316f21090fc9cb93
12:tabParts	745	item.chemical_dye	1	Chemical Dye (Red)	render/ee1858d778461acb94b5e7b61abe8fde
12:tabParts	746	item.chemical_dye	2	Chemical Dye (Green)	render/f79e6fdb56cafe301a6ece717883286f
12:tabParts	747	item.chemical_dye	3	Chemical Dye (Brown)	render/65934edd4a699f2fd7e722c709628e89
12:tabParts	748	item.chemical_dye	4	Chemical Dye (Blue)	render/c1aa90ccd773b8dcda3b9b4ed431d4cd
12:tabParts	749	item.chemical_dye	5	Chemical Dye (Purple)	render/119310e067aaf2b0b30c8547af070f23
12:tabParts	750	item.chemical_dye	6	Chemical Dye (Cyan)	render/fba4b97e6127a1a6241e8539f961cf3a
12:tabParts	751	item.chemical_dye	7	Chemical Dye (Light Gray)	render/a34900b771530e0bc5ffd72662921ed0
12:tabParts	752	item.chemical_dye	8	Chemical Dye (Gray)	render/004e913d4cb2f1086d0530c99c6d7b48
12:tabParts	753	item.chemical_dye	9	Chemical Dye (Pink)	render/6297f379acb0c38267446e4e2843c62b
12:tabParts	754	item.chemical_dye	10	Chemical Dye (Lime)	render/adafa3caddc3837f751bbfeb2cbc5884
12:tabParts	755	item.chemical_dye	11	Chemical Dye (Yellow)	render/5feffd71c5b951ee648cf162945edfdf
12:tabParts	756	item.chemical_dye	12	Chemical Dye (Light Blue)	render/e056117c817e66293074975365d55e99
12:tabParts	757	item.chemical_dye	13	Chemical Dye (Magenta)	render/a363eba73efde3587add983f8a69d46c
12:tabParts	758	item.chemical_dye	14	Chemical Dye (Orange)	render/b2b5b4bd6690f2fd017073fd8a787969
12:tabParts	759	item.chemical_dye	15	Chemical Dye (White)	render/42a50c7d7d4dc284575953d1ae16e5f0
12:tabParts	760	item.crayon	0	Black Crayon	render/ef33f8e20d68b2e8037cf5934f05753c
12:tabParts	761	item.crayon	1	Red Crayon	render/5b8dbab275674628decccd67a274056d
12:tabParts	762	item.crayon	2	Green Crayon	render/4d70d419475a33a1ec993f7212a6a721
12:tabParts	763	item.crayon	3	Brown Crayon	render/a58acc28411a9da3e617f73e1bbcdf85
12:tabParts	764	item.crayon	4	Blue Crayon	render/38c422f1464c48d32c2e028b4153f11a
12:tabParts	765	item.crayon	5	Purple Crayon	render/e704d5ae477c9eb1a2cb6013d98ef20c
12:tabParts	766	item.crayon	6	Cyan Crayon	render/f3ec905f6c905dec0168595f3350f409
12:tabParts	767	item.crayon	7	Light Gray Crayon	render/d4ba1783a0dd740f6f764c6c483b1245
12:tabParts	768	item.crayon	8	Gray Crayon	render/e5093f6a7a05da0d754b1404df004eaf
12:tabParts	769	item.crayon	9	Pink Crayon	render/b1f0f6e5b2cccaab51e71563afb948a8
12:tabParts	770	item.crayon	10	Lime Crayon	render/f3fa4cf9483fbbe1d97ba88def16cb5f
12:tabParts	771	item.crayon	11	Yellow Crayon	render/739008da4ecdbbdc152799ad532df35f
12:tabParts	772	item.crayon	12	Light Blue Crayon	render/ce5948dff7a71a2eb4fa72b485f2136e
12:tabParts	773	item.crayon	13	Magenta Crayon	render/9e22974a34eb8819dd81cc26209fe2a2
12:tabParts	774	item.crayon	14	Orange Crayon	render/0b7ca2d5577776301dd563ad7648c473
12:tabParts	775	item.crayon	15	White Crayon	render/42ff0809abde5cfb8ec898d921d783f9
12:tabParts	776	item.part_generic	0	Pneumatic Piston	render/44ef955b00c4a088e5e39d72f4eefb4f
12:tabParts	777	item.part_generic	1	Hydraulic Piston	render/4a8528d0e574119537a464f6f9c11e79
12:tabParts	778	item.part_generic	2	Electric Piston	render/04d4fc005f7279d352e695458615f886
12:tabParts	779	item.part_generic	3	Low-Density Element	render/b3101a944e615bcc5d0fd23456376da1
12:tabParts	780	item.part_generic	4	Heavy Duty Element	render/acbf38adb5bb10c6221ef3fbb8637f82
12:tabParts	781	item.part_generic	5	Polarized Lens	render/25cedc7583ad112ae8aa6b22bbbb095b
12:tabParts	782	item.item_expensive	0	Bolted Steel Plating	render/5822fa92037c03b96d67f7bd4ef5ebc7
12:tabParts	783	item.item_expensive	1	Heavy Framework	render/e325d0a7e5eedac788bc1f5841241f66
12:tabParts	784	item.item_expensive	2	Extensive Circuit Board	render/e616bd7ac74044e9bb92fb19f476833c
12:tabParts	785	item.item_expensive	3	Radiation Resistant Plating	render/eebb0328c2a2656969917a776f9a4c89
12:tabParts	786	item.item_expensive	4	Reinforced Ferrouranium Panels	render/19a83661fa5cab7b9adbc9f5d8c41807
12:tabParts	787	item.item_expensive	5	Mainframe	render/ad4cdcf85c460ec9c81dcecadd450355
12:tabParts	788	item.item_expensive	6	Bronze Structural Elements	render/74783a6d39323b09514b274f744c2234
12:tabParts	789	item.item_expensive	7	Plastic Panels	render/ad464b862e72a49cd556c5637ed043f3
12:tabParts	790	item.item_expensive	8	Ultra Fine Gold Dust	render/9ab5e4858664d12fc30ea081e951acd3
12:tabParts	791	item.item_expensive	9	Degenerate Matter	render/253e67976321b13e75674118d070d372
12:tabParts	792	item.parts_legendary	0	Legendary Parts	render/bfac612c8439bc37a8d976fdd22ea1b9
12:tabParts	793	item.parts_legendary	1	Legendary Parts	render/5a1319619c1a5d9d152c7485c5f4968d
12:tabParts	794	item.parts_legendary	2	Legendary Parts	render/812cff27dac608f77910fb130f0b9411
12:tabParts	795	item.gear_large	0	Large Gear	render/c695a0300d7113733c81e115dd3409bb__machines_stirling__machines_stirling__cog
12:tabParts	796	item.gear_large	1	Large Steel Gear	render/94aa7b74397329697215732fbbc79b2f__machines_stirling__machines_stirling_steel__cog
12:tabParts	797	item.sawblade	0	Sawblade	render/0c1a7a206174c3a336523c71be5bfe6c__machines_sawmill__machines_sawmill__blade
12:tabParts	798	item.part_barrel_light	30	Light Steel Barrel	render/e09e2d3c9c25321507363937580ae941
12:tabParts	799	item.part_barrel_light	33	Light High-Speed Steel Barrel	render/059a2d48868ac6d10794babe28de1389
12:tabParts	800	item.part_barrel_light	42	Light Desh Barrel	render/7fa406cc6ec8582368f601513b12331b
12:tabParts	801	item.part_barrel_light	36	Light Technetium Steel Barrel	render/fefd7bca4944939aa13056acff2349dd
12:tabParts	802	item.part_barrel_light	43	Light Cadmium Steel Barrel	render/eb4c8a1ac97ef35e557a6b980ba23b3f
12:tabParts	803	item.part_barrel_light	46	Light Bismuth Bronze Barrel	render/eb27c0f2b6d9f1926ff4e9d35e117359
12:tabParts	804	item.part_barrel_light	47	Light Arsenic Bronze Barrel	render/adb79fd0f4bce51c3ace73ce7f7e4078
12:tabParts	805	item.part_barrel_light	49	Light Gunmetal Barrel	render/1f868fca07a9fd8a29a17fceb2a706c9
12:tabParts	806	item.part_barrel_light	50	Light Weapon Steel Barrel	render/302cc3383a2706c285afcc35042063e0
12:tabParts	807	item.part_barrel_light	34	Light Saturnite Barrel	render/baae45ed2d2a644f390a20cdb3b0a51f
12:tabParts	808	item.part_barrel_heavy	30	Heavy Steel Barrel	render/4ec8952d59b71faa7c8a14fb6d4c5cbb
12:tabParts	809	item.part_barrel_heavy	33	Heavy High-Speed Steel Barrel	render/3416893a663fa01d259ce94011bc1128
12:tabParts	810	item.part_barrel_heavy	42	Heavy Desh Barrel	render/53bd0a8d338c9a933a1253098cbddcee
12:tabParts	811	item.part_barrel_heavy	37	Heavy Ferrouranium Barrel	render/049ad0b6700b498fe59be1e9dd540781
12:tabParts	812	item.part_barrel_heavy	36	Heavy Technetium Steel Barrel	render/f20d0cc6a9c74be1f85558f8d1c379c0
12:tabParts	813	item.part_barrel_heavy	43	Heavy Cadmium Steel Barrel	render/95b3459ed743970f0ad1f72574cc65c3
12:tabParts	814	item.part_barrel_heavy	49	Heavy Gunmetal Barrel	render/01ac6dac0229d90b7290182968dbb687
12:tabParts	815	item.part_barrel_heavy	50	Heavy Weapon Steel Barrel	render/ebd5d142106149520519a65ac3caf43b
12:tabParts	816	item.part_barrel_heavy	34	Heavy Saturnite Barrel	render/f1dff733d20e63dbee4a8ec22a4575dd
12:tabParts	817	item.part_receiver_light	30	Light Steel Receiver	render/81932c27728ed98b1de4e67f93a0ef95
12:tabParts	818	item.part_receiver_light	33	Light High-Speed Steel Receiver	render/d94e46d362daaa923fa2b90fc3fd969f
12:tabParts	819	item.part_receiver_light	42	Light Desh Receiver	render/09a06936403c1824a11faed5855962c0
12:tabParts	820	item.part_receiver_light	36	Light Technetium Steel Receiver	render/21c5b51651dc3453596b31a6d3131627
12:tabParts	821	item.part_receiver_light	43	Light Cadmium Steel Receiver	render/6a4dc765c7e3d7b02c02871e79d09c0b
12:tabParts	822	item.part_receiver_light	46	Light Bismuth Bronze Receiver	render/9c73b1d5496f5b96c4a34be67adbfc3d
12:tabParts	823	item.part_receiver_light	47	Light Arsenic Bronze Receiver	render/aa50225ad8b15bf9f8c4559be199c783
12:tabParts	824	item.part_receiver_light	49	Light Gunmetal Receiver	render/70a327e615b6b19ebef0c01a670f90d9
12:tabParts	825	item.part_receiver_light	50	Light Weapon Steel Receiver	render/9ab114474ba11d29d9b019978e2c67ea
12:tabParts	826	item.part_receiver_light	34	Light Saturnite Receiver	render/5a633f4c97cde31c35d889f005a51409
12:tabParts	827	item.part_receiver_heavy	33	Heavy High-Speed Steel Receiver	render/2e3172114e866855f09fd95adcf86342
12:tabParts	828	item.part_receiver_heavy	37	Heavy Ferrouranium Receiver	render/1a42a0610f24e014f73d3416cdf80ee5
12:tabParts	829	item.part_receiver_heavy	36	Heavy Technetium Steel Receiver	render/c43bd780c31671ec96c18801109e92a0
12:tabParts	830	item.part_receiver_heavy	43	Heavy Cadmium Steel Receiver	render/26ca8b577fc117fc562d26e4370caaec
12:tabParts	831	item.part_receiver_heavy	46	Heavy Bismuth Bronze Receiver	render/311c451894c72c454ca6ce6a85615b96
12:tabParts	832	item.part_receiver_heavy	47	Heavy Arsenic Bronze Receiver	render/c33375040bbcfa5dc22e9f5742924604
12:tabParts	833	item.part_receiver_heavy	49	Heavy Gunmetal Receiver	render/b78dedfdab58a5f5c1facbc57309d624
12:tabParts	834	item.part_receiver_heavy	50	Heavy Weapon Steel Receiver	render/43b650ffe3a732158da6ec19ebda61c4
12:tabParts	835	item.part_receiver_heavy	34	Heavy Saturnite Receiver	render/23655c3be91c20a8a921d26b3baaf6a3
12:tabParts	836	item.part_mechanism	49	Gunmetal Mechanism	render/6d258470f1a95d0dda61b433a3d6aa51
12:tabParts	837	item.part_mechanism	50	Weapon Steel Mechanism	render/12b05d5544f3d7244af81e6b024868d7
12:tabParts	838	item.part_mechanism	34	Saturnite Mechanism	render/f740cd90da84c93ffea33fc74c4fd436
12:tabParts	839	item.part_stock	3	Wood Stock	render/f5d812cc4bed56cc0ff5413b75e2a56a
12:tabParts	840	item.part_stock	42	Desh Stock	render/667b6e43893e3bd9338eae91b0c0bb08
12:tabParts	841	item.part_stock	49	Gunmetal Stock	render/9c62b75ab085b876bdf7f801dd4617ad
12:tabParts	842	item.part_stock	50	Weapon Steel Stock	render/5c4ee9f2ce5a2b44a1603def42f5762f
12:tabParts	843	item.part_stock	34	Saturnite Stock	render/31c1420c669e2a872becfa48f627c76c
12:tabParts	844	item.part_stock	20001	Polymer Stock	render/84e725306f523f6886a112b8f0a2d27a
12:tabParts	845	item.part_stock	20002	Bakelite Stock	render/e9ddb72b44f180d0b6c8bbef5258293d
12:tabParts	846	item.part_stock	20004	Hard Plastic Stock	render/1fc491c064bb53cadc84ec9bb7ffb9ed
12:tabParts	847	item.part_stock	20005	PVC Stock	render/1d04b3af745cad134e984f55327ba14f
12:tabParts	848	item.part_grip	3	Wood Grip	render/51dd115d032290249c6396c69d2372e8
12:tabParts	849	item.part_grip	4	Ivory Grip	render/e88e40dccaac6bb0a9f6e5978d95cdcd
12:tabParts	850	item.part_grip	30	Steel Grip	render/e7795142ebc4bb629d09c9588a889305
12:tabParts	851	item.part_grip	33	High-Speed Steel Grip	render/805f06e5caf9ebddb8db4ce02ca6f5f9
12:tabParts	852	item.part_grip	42	Desh Grip	render/76d3aa8585bb7005076e190e4d935487
12:tabParts	853	item.part_grip	49	Gunmetal Grip	render/ea42e684270210e84927ad3610ef2b2f
12:tabParts	854	item.part_grip	50	Weapon Steel Grip	render/310a54621d121feedc47154efe986244
12:tabParts	855	item.part_grip	34	Saturnite Grip	render/d8d2679f4f013a1d9f0acd6d739ed2cf
12:tabParts	856	item.part_grip	20001	Polymer Grip	render/4a65a4ba1072b2de2a9d43b5686002a2
12:tabParts	857	item.part_grip	20002	Bakelite Grip	render/ce22d2f01bce2993cc8467f282c2d7e0
12:tabParts	858	item.part_grip	20003	Rubber Grip	render/61d308cba9050a1b95d548ce8563c975
12:tabParts	859	item.part_grip	20004	Hard Plastic Grip	render/18289858086d2647a618f8190096e69a
12:tabParts	860	item.part_grip	20005	PVC Grip	render/453a3d66741e8b7401a3def8683882d8
12:tabParts	861	item.plant_item	0	Tobacco	render/2d92f9e8e151fd51966ff5b9ba61e5e6
12:tabParts	862	item.plant_item	1	Rope	render/659c27b8cbda53a2ea5523c8280f36db
12:tabParts	863	item.plant_item	2	Mustard Willow Leaf	render/eaa843b33dfb2bfb19f2410931828dd8
12:tabParts	864	item.entanglement_kit	0	Entanglement Kit	render/e602508f10f0fb80d26711185ea671be
12:tabParts	865	item.fins_flat	0	Flat Steel Casing	render/70077d8799c95b7e4328eac9e4552170
12:tabParts	866	item.fins_small_steel	0	Small Steel Grid Fins	render/0fe4bb0514a9501d66723b90d98409b9
12:tabParts	867	item.fins_big_steel	0	Big Steel Grid Fins	render/660995c35f64182b3b98d68066a936eb
12:tabParts	868	item.fins_tri_steel	0	Large Steel Fins	render/ca2f09792fbf4229ead1d57fff424043
12:tabParts	869	item.fins_quad_titanium	0	Small Titanium Fins	render/11b149cce1bc86aea27d70d76b6882b2
12:tabParts	870	item.sphere_steel	0	Steel Sphere	render/8689660105d4698f5cb81ee5f5a0499f
12:tabParts	871	item.pedestal_steel	0	Steel Pedestal	render/138f6c677fff061305bc367746bcf0c7
12:tabParts	872	item.dysfunctional_reactor	0	Dysfunctional Nuclear Reactor	render/a854a42f4a41637fb09c4875b65c1885
12:tabParts	873	item.blade_titanium	0	Titanium Blade	render/ed3c76f2b90e9dc66b70af0ec51dfdc3
12:tabParts	874	item.blade_tungsten	0	Tungsten Reinforced Blade	render/e5964b9641317f3c3c1bfb052d0234b4
12:tabParts	875	item.turbine_titanium	0	Titanium Steam Turbine	render/b3622cfbc679ae79093ce95866a9a418
12:tabParts	876	item.turbine_tungsten	0	Reinforced Turbofan Blades	render/8e88602a6e7c1e9fa81a393e971a0c9b
12:tabParts	877	item.flywheel_beryllium	0	Beryllium Flywheel	render/4bb37e1d5757145c066f72540c3065ee
12:tabParts	878	item.ducttape	0	Duct Tape	render/b8e47cfa1a5a471ae9ee66c657f20305
12:tabParts	879	item.catalyst_clay	0	Clay Catalyst	render/449da370b8aa6510604e946acc05285e
12:tabParts	880	item.missile_assembly	0	Small Missile Assembly	render/edc724f6bf688c24a1c3da51b4639acc
12:tabParts	881	item.warhead_generic_small	0	Small Warhead	render/65f619b50f678a2dddf03e87a69e1127
12:tabParts	882	item.warhead_generic_medium	0	Medium Warhead	render/7b90b116f8218f608473064e1d5d686f
12:tabParts	883	item.warhead_generic_large	0	Large Warhead	render/c0dbf3356d6992687cc96f6c354bc16a
12:tabParts	884	item.warhead_incendiary_small	0	Small Incendiary Warhead	render/66831437185060fa5f7402fc5c891a25
12:tabParts	885	item.warhead_incendiary_medium	0	Medium Incendiary Warhead	render/c0833ab67ce8b6d0c559a06c88c7743c
12:tabParts	886	item.warhead_incendiary_large	0	Large Incendiary Warhead	render/c125e0181c8b270a172789315e622cf5
12:tabParts	887	item.warhead_cluster_small	0	Small Cluster Warhead	render/30630c6df75a68bf6dc6cf7a84f033f6
12:tabParts	888	item.warhead_cluster_medium	0	Medium Cluster Warhead	render/de341ac65969e6073b229b240cd15c5b
12:tabParts	889	item.warhead_cluster_large	0	Large Cluster Warhead	render/cd38ceab843cca105230d5cddfde0f6e
12:tabParts	890	item.warhead_buster_small	0	Small Bunker Buster Warhead	render/bbda5e46962b4b8507add0487357a9e9
12:tabParts	891	item.warhead_buster_medium	0	Medium Bunker Buster Warhead	render/205e688a0c49edac0180f787e60c9d3b
12:tabParts	892	item.warhead_buster_large	0	Large Bunker Buster Warhead	render/82ec48acb0776383b47734139fed9f21
12:tabParts	893	item.warhead_nuclear	0	Nuclear Warhead	render/e4c44fa17d26c764a045d0f0b3e16fc7
12:tabParts	894	item.warhead_mirv	0	Thermonuclear Warhead	render/c64f635d0d5bada9f438fdb108682d1f
12:tabParts	895	item.warhead_volcano	0	Tectonic Warhead	render/7f3fbe9e83726d03ce10cf3412d80a71
12:tabParts	896	item.fuel_tank_small	0	Small Fuel Tank	render/76a374f67d7c4e6313125c95d3d2edc3
12:tabParts	897	item.fuel_tank_medium	0	Medium Fuel Tank	render/5a1bd43e3ff0a318a08ef95d6925430c
12:tabParts	898	item.fuel_tank_large	0	Large Fuel Tank	render/d49c36c0e02f2c64a865320a773e022b
12:tabParts	899	item.thruster_small	0	Small Thruster	render/c6fcc696db8bdccff8c3dc4b352ec43e
12:tabParts	900	item.thruster_medium	0	Medium Thruster	render/66c203637c7c047e8e2a2b850a596507
12:tabParts	901	item.thruster_large	0	Large Thruster	render/5f7a56791cbc9d896fe09117630214a3
12:tabParts	902	item.thruster_nuclear	0	LV-N Nuclear Rocket Engine	render/5c750e67674646f50551b35efa0e69b8
12:tabParts	903	item.seg_10	0	Size 10 Connector	render/332be0845448b6bb7300af335c13354d
12:tabParts	904	item.seg_15	0	Size 15 Connector	render/48218fe71d0ac325bb6e2349ab4a0645
12:tabParts	905	item.seg_20	0	Size 20 Connector	render/19a1deca361ab0e1423a26435b2aca30
12:tabParts	906	item.combine_scrap	0	CMB Scrap Metal	render/b25d03d132f058bb575726be5e52ebb2
12:tabParts	907	item.shimmer_head	0	Heavy Hammer Head	render/2d3fe90ce1a1279fa57b2ea1dbb8ca1e
12:tabParts	908	item.shimmer_axe_head	0	Heavy Axe Head	render/130d301a0c521c4fd61525a36994df00
12:tabParts	909	item.shimmer_handle	0	Reinforced Polymer Handle	render/043d8213bed0b9a729a27d4e441e3090
12:tabParts	910	item.circuit	0	Vacuum Tube	render/170b7e342158205736a366fae6f9014e
12:tabParts	911	item.circuit	19	Incandescent Seven Segment Display	render/c9415bf57b9d9d36bb521667e6f1d00c
12:tabParts	912	item.circuit	1	Capacitor	render/c7bc7093f020c0dbc4e986fd89304d04
12:tabParts	913	item.circuit	2	Tantalum Capacitor	render/5f45610cc352249f8c032bdc5fb91425
12:tabParts	914	item.circuit	18	Atomic Clock	render/9431fa19e0bd7166ca1d1981cc9e0115
12:tabParts	915	item.circuit	3	Printed Circuit Board	render/0f7a50d22e2c61450d077c65605e697c
12:tabParts	916	item.circuit	4	Printed Silicon Wafer	render/40e89cde18c0c3afd8abbcd9ba17437f
12:tabParts	917	item.circuit	5	Microchip	render/33a77afeb9d8a655348e9a2310c483bd
12:tabParts	918	item.circuit	6	Versatile Integrated Circuit	render/1e25e63ba3231ae2289586427150d21e
12:tabParts	919	item.circuit	16	Solid State Quantum Processor	render/51f95647258c130366a5cd9d6a330e83
12:tabParts	920	item.circuit	7	Analog Circuit Board	render/80a630fc708e171a53e81184ea2bad6e
12:tabParts	921	item.circuit	8	Integrated Circuit Board	render/2e28e4e31961128e7c81b6e157d457c7
12:tabParts	922	item.circuit	9	Military Grade Circuit Board	render/a681dbfbb4e71f0379a0269a53083c88
12:tabParts	923	item.circuit	10	Capacitor Board	render/1204616b77b2f19ef61df3660905e4a3
12:tabParts	924	item.circuit	11	Versatile Circuit Board	render/2a14af2aed06fc345277eac0eedd5102
12:tabParts	925	item.circuit	15	Quantum Processing Unit	render/9d3ab784ecc6d6fe1268dde694d903e1
12:tabParts	926	item.circuit	12	Control Unit Casing	render/8d6c75f50873d34c05e8b9754b18505c
12:tabParts	927	item.circuit	13	Control Unit	render/46b01ff89959c3f004ebbdb2f05d7589
12:tabParts	928	item.circuit	14	Advanced Control Unit	render/58e10e0e9a5a8ebe0373cf56dd95f4f1
12:tabParts	929	item.circuit	17	Quantum Computer	render/b60165e23a4d5df48912e4ddba6cced0
12:tabParts	930	item.crt_display	0	Cathode Ray Tube	render/3000ec2f01e2a0fd984313671dc9db45
12:tabParts	931	item.casing	0	Small Gunmetal Casing	render/5a73df2f737de8309bd8bef9d98de4c5
12:tabParts	932	item.casing	1	Large Gunmetal Casing	render/d8501ed14735e6ef6846b903e8475101
12:tabParts	933	item.casing	2	Small Weapon Steel Casing	render/ac07c885a11948475d7ead3465b2f133
12:tabParts	934	item.casing	3	Large Weapon Steel Casing	render/474b13f00bf276cbfb60070a77223f64
12:tabParts	935	item.casing	4	Black Powder Shotshell Casing	render/acb4dd4264760b359874e7ba4a6fbcc4
12:tabParts	936	item.casing	5	Plastic Shotshell Casing	render/c10c33b87941afe9497fdecc614cc203
12:tabParts	937	item.casing	6	Advanced Shotshell Casing	render/9990760b814f79bbc1dfc13a27c95f9a
12:tabParts	938	item.assembly_nuke	0	Mini Nuke Shell	render/08eb637aedd4f455e5c353be59ecc7e1
12:tabParts	939	item.wiring_red_copper	0	Cable Drum	render/7e84923e6cbed619aadda3a354617011
12:tabParts	940	item.flame_pony	0	Painting of a Cartoon Pony	render/ba01208dd93bea1f1b73820a88f324dd
12:tabParts	941	item.flame_conspiracy	0	Conspiracy Theory	render/7422c7c724bb33213c91afcd533b469b
12:tabParts	942	item.flame_politics	0	Political Topic	render/53f18e7004f26124452ba6f14dc87343
12:tabParts	943	item.flame_opinion	0	Own Opinion	render/2611adfe5301d4644dc69de6c0e86224
12:tabParts	944	item.pellet_cluster	0	Explosive Pellets	render/6cbfe0e932e7adc890b684be27b9f2aa
12:tabParts	945	item.pellet_buckshot	0	Lead Pellets	render/9f77776b87947f347121d618a79329c5
12:tabParts	946	item.pellet_charged	0	Ionized Particles	render/892352e964259283aa5f11173b10fa09
12:tabParts	947	item.pellet_gas	0	Poison Gas Cartridge	render/10e2320840bbf3dec4e8d6bea2bbd389
12:tabParts	948	item.magnetron	0	Magnetron	render/e1625e0a90ba8edaa58a383435530743
12:tabParts	949	item.scraps	0	Stone Scraps	render/695cd554b6a4306f7573595dfdd4b2f7
12:tabParts	950	item.scraps	699	Carbon Scraps	render/f5f6dca32338a67103c7dbcc992a76ea
12:tabParts	951	item.scraps	2600	Iron Scraps	render/6ef33279f7b69908a247de93e57a4bdf
12:tabParts	952	item.scraps	7900	Gold Scraps	render/0d41e1111b946d242d99bd2a8e700ad7
12:tabParts	953	item.scraps	1	Redstone Scraps	render/3283964fd9394aacb0571d2a404634cf
12:tabParts	954	item.scraps	2	Obsidian Scraps	render/d49f7741f0829b4d3fd2097e8d3000d1
12:tabParts	955	item.scraps	2601	Hematite Scraps	render/2a7803e1c5111aa7152b68c0a1a2a8f7
12:tabParts	956	item.scraps	2602	Wrought Iron Scraps	render/cef1861db554912f00f5467626e2e0df
12:tabParts	957	item.scraps	2603	Pig Iron Scraps	render/975690ca0ff69756281b27b5244300b8
12:tabParts	958	item.scraps	2604	Meteoric Iron Scraps	render/cafd35c5a4fb301751c83c52ebd52f85
12:tabParts	959	item.scraps	2901	Malachite Scraps	render/6de0f693f34b14ea120cba0510bbb223
12:tabParts	960	item.scraps	9200	Uranium Scraps	render/8e3cbcd11573c0193c73bb7467177f9a
12:tabParts	961	item.scraps	9233	Uranium-233 Scraps	render/8e3cbcd11573c0193c73bb7467177f9a
12:tabParts	962	item.scraps	9235	Uranium-235 Scraps	render/8e3cbcd11573c0193c73bb7467177f9a
12:tabParts	963	item.scraps	9238	Uranium-238 Scraps	render/8e3cbcd11573c0193c73bb7467177f9a
12:tabParts	964	item.scraps	9032	Thorium-232 Scraps	render/0c9fb131fdb8732f1cbb4189cb9813c4
12:tabParts	965	item.scraps	9400	Plutonium Scraps	render/df6a8f0d8a2f78f415369abf58a16125
12:tabParts	966	item.scraps	9401	Reactor-Grade Plutonium Scraps	render/df6a8f0d8a2f78f415369abf58a16125
12:tabParts	967	item.scraps	9438	Plutonium-238 Scraps	render/d885cb80f83aaea5932265552d9f2613
12:tabParts	968	item.scraps	9439	Plutonium-239 Scraps	render/df6a8f0d8a2f78f415369abf58a16125
12:tabParts	969	item.scraps	9440	Plutonium-240 Scraps	render/df6a8f0d8a2f78f415369abf58a16125
12:tabParts	970	item.scraps	9441	Plutonium-241 Scraps	render/df6a8f0d8a2f78f415369abf58a16125
12:tabParts	971	item.scraps	9501	Reactor-Grade Americium Scraps	render/e6e70b7d2888e2e04aaa38412f94b3a0
12:tabParts	972	item.scraps	9541	Americium-241 Scraps	render/e6e70b7d2888e2e04aaa38412f94b3a0
12:tabParts	973	item.scraps	9542	Americium-242 Scraps	render/e6e70b7d2888e2e04aaa38412f94b3a0
12:tabParts	974	item.scraps	9337	Neptunium-237 Scraps	render/3f70e361e3a3311d9a09067bdc558344
12:tabParts	975	item.scraps	8410	Polonium-210 Scraps	render/1f992ed4e5a371cb2087da60580e8949
12:tabParts	976	item.scraps	4399	Technetium-99 Scraps	render/9836708105870a6db569eb9fa43bb11f
12:tabParts	977	item.scraps	8826	Radium-226 Scraps	render/dc0efd0955a7f3216971401372aa53d0
12:tabParts	978	item.scraps	8927	Actinium-227 Scraps	render/e3277d551735c28e47e73a6aecd315c1
12:tabParts	979	item.scraps	2760	Cobalt-60 Scraps	render/dfbd859cc6390f947eb8368b2b757a36
12:tabParts	980	item.scraps	7998	Gold-198 Scraps	render/0d41e1111b946d242d99bd2a8e700ad7
12:tabParts	981	item.scraps	8209	Lead-209 Scraps	render/c1e6078a2ff727bffb5f93347c433f29
12:tabParts	982	item.scraps	12626	Schrabidium Scraps	render/309af12d0b03ab9a3af13974681b15bf
12:tabParts	983	item.scraps	12627	Solinium Scraps	render/0af4e2fa50ff7926db9eaa19b2f4aa96
12:tabParts	984	item.scraps	12600	Ferric Schrabidate Scraps	render/544a159a5844bb5f13ca85dc2bf51b5f
12:tabParts	985	item.scraps	12601	Schraranium Scraps	render/93b71aa68148a652a67dbf6ccf408e2c
12:tabParts	986	item.scraps	12836	Ghiorsium-336 Scraps	render/4f7d7ceb6c2d87546cc9b64ab90b37f6
12:tabParts	987	item.scraps	2200	Titanium Scraps	render/136406b7168547e4e27798f49a835d62
12:tabParts	988	item.scraps	2900	Copper Scraps	render/c5e063964e6973f7c120a20fa9957e2c
12:tabParts	989	item.scraps	7400	Tungsten Scraps	render/07557873e4f20dd5ceb780b69bf6b0e1
12:tabParts	990	item.scraps	1300	Aluminium Scraps	render/03dd3fe8e64e11644064f25d7b72d802
12:tabParts	991	item.scraps	8200	Lead Scraps	render/b320761c5f766c4ca1288211066bc30a
12:tabParts	992	item.scraps	8300	Bismuth Scraps	render/92f64bc7e0a3186d8280b9e0c96dae16
12:tabParts	993	item.scraps	3300	Arsenic Scraps	render/701f1542a15b80aa7f71a4cffad099cc
12:tabParts	994	item.scraps	7300	Tantalum Scraps	render/65b0bafe1752aee3f62b02710c8c5b1e
12:tabParts	995	item.scraps	6000	Neodymium Scraps	render/5ef8e4611deda1c740cfe1923995b748
12:tabParts	996	item.scraps	4100	Niobium Scraps	render/213009a91f03dfb5bbde53c2c17a8cd0
12:tabParts	997	item.scraps	400	Beryllium Scraps	render/fcb782368fe588f86685205b37705443
12:tabParts	998	item.scraps	2700	Cobalt Scraps	render/dfbd859cc6390f947eb8368b2b757a36
12:tabParts	999	item.scraps	500	Boron Scraps	render/189a25ceb6c9528932d424c6f583ec04
12:tabParts	1000	item.scraps	501	Borax Scraps	render/ca617968f4d272dfa9c47c43a874f70d
12:tabParts	1001	item.scraps	5700	Lanthanium Scraps	render/7ef88ddad7a8f1efa4c9114b465fbabf
12:tabParts	1002	item.scraps	4000	Zirconium Scraps	render/85cc013a39b881fd9f4fb9d892c01930
12:tabParts	1003	item.scraps	1100	Sodium Scraps	render/e6b433cc4e7f9c327727823d8e3eafee
12:tabParts	1004	item.scraps	3800	Strontium Scraps	render/885908891d27aaacaba14f0e1029047a
12:tabParts	1005	item.scraps	2000	Calcium Scraps	render/5c07f06e74bddef1777e9c24691f3b63
12:tabParts	1006	item.scraps	300	Lithium Scraps	render/9c61fd67b6d32888bf257823711ce2f7
12:tabParts	1007	item.scraps	4800	Cadmium Scraps	render/a13833c733d1a42cbe6292d1e2f8f056
12:tabParts	1008	item.scraps	1400	Silicon Scraps	render/23b28c03f04a5a8d93eb51074abc1a74
12:tabParts	1009	item.scraps	1401	Asbestos Scraps	render/f41c6a81dd9880592e4b05ba905dc63d
12:tabParts	1010	item.scraps	7699	Osmiridium Scraps	render/0485919260a7aad7d0210c572dbb7e20
12:tabParts	1011	item.scraps	30	Steel Scraps	render/8f925dc63b77873e2d7a8b67cb9c8147
12:tabParts	1012	item.scraps	31	Minecraft Grade Copper Scraps	render/6775a75497388eb14f0e44eb9b619516
12:tabParts	1013	item.scraps	33	High-Speed Steel Scraps	render/135ac5bc30c61dd067ea1fef74532e0a
12:tabParts	1014	item.scraps	42	Desh Scraps	render/225e716efaf65e2ca34cb37755b8091b
12:tabParts	1015	item.scraps	35	Starmetal Scraps	render/d513e730d9a2dbd007f75f479cf604c7
12:tabParts	1016	item.scraps	37	Ferrouranium Scraps	render/d2df18180ace2f8ed1b2bbf7361559e6
12:tabParts	1017	item.scraps	36	Technetium Steel Scraps	render/d25946aeffc38e4a75b97cdda093d4af
12:tabParts	1018	item.scraps	43	Cadmium Steel Scraps	render/2cf1d25feb42256686e02a7663305c83
12:tabParts	1019	item.scraps	46	Bismuth Bronze Scraps	render/e7668acf6876910193591d488b805b72
12:tabParts	1020	item.scraps	47	Arsenic Bronze Scraps	render/136cf54a05542092825e287a0c95c138
12:tabParts	1021	item.scraps	48	BSCCO Scraps	render/9069c1f2878dc512fe55ef4a6e9d398b
12:tabParts	1022	item.scraps	38	Magnetized Tungsten Scraps	render/c89eece7661d1944148120c54f61beca
12:tabParts	1023	item.scraps	39	Combine Steel Scraps	render/b29c819f9a7e4921bd3d092c1824f551
12:tabParts	1024	item.scraps	45	Dineutronium Scraps	render/c6fa6f603f4b557c3921a68c7c279370
12:tabParts	1025	item.scraps	40	Flux Scraps	render/b03a755e6c3edfe044d857776ecec773
12:tabParts	1026	item.scraps	41	Slag Scraps	render/14bfe4a9327d44522318e63cb4526fcd
12:tabParts	1027	item.scraps	44	Poisonous Mud Scraps	render/96f1380c604b251b19221f5e9bbd524b
12:tabParts	1028	item.scraps	49	Gunmetal Scraps	render/1c0e3a3e57c747a866f4dae0dd82d9fa
12:tabParts	1029	item.scraps	50	Weapon Steel Scraps	render/4cd594a013e08b77eee77f1babd91edc
12:tabParts	1030	item.scraps	34	Saturnite Scraps	render/47077a7895d9f883fdc889f106b2488e
12:tabParts	1031	item.upgrade_muffler	0	Muffler	render/9d063a116d082831b447d4d0a7616c71
12:tabParts	1032	item.upgrade_template	0	Machine Upgrade Template	render/1f01e162fe2bbadf1cac1f1bb7a9473e
12:tabParts	1033	item.rune_blank	0	Blank Catalyst Matrix	render/b764fe9b484b76946a343df2178f0b95
12:tabParts	1034	item.rune_isa	0	Cool Catalyst Matrix	render/a106a9c1ef15f5be8812faca09defce0
12:tabParts	1035	item.rune_dagaz	0	Balanced Catalyst Matrix	render/f08b2531f46f2c0b36ba8488f5912e96
12:tabParts	1036	item.rune_hagalaz	0	Rough Catalyst Matrix	render/41fceb3242d268289f82bed5dc015f7d
12:tabParts	1037	item.rune_jera	0	Multiplicative Catalyst Matrix	render/f7be44e70ffae548180db9a673c73449
12:tabParts	1038	item.rune_thurisaz	0	Additive Catalyst Matrix	render/5fdfdd28ed52aae1f608e4d97ff80ee8
12:tabParts	1039	item.waste_natural_uranium	0	Depleted Natural Uranium Fuel	render/df10730e37ac5a0d9b3e32238b1a03c5
12:tabParts	1040	item.waste_natural_uranium	1	Depleted Natural Uranium Fuel	render/7fdafc00bd5322a49110f4b6d0760e0e
12:tabParts	1041	item.waste_uranium	0	Depleted Uranium Fuel	render/df10730e37ac5a0d9b3e32238b1a03c5
12:tabParts	1042	item.waste_uranium	1	Depleted Uranium Fuel	render/7fdafc00bd5322a49110f4b6d0760e0e
12:tabParts	1043	item.waste_thorium	0	Depleted Thorium Fuel	render/29c2fa2c275a8c247a45a70795e01545
12:tabParts	1044	item.waste_thorium	1	Depleted Thorium Fuel	render/9673df4d61995ce9fb863176279cd7af
12:tabParts	1045	item.waste_mox	0	Depleted MOX Fuel	render/5c70aa6dc9feae04aea39d457f2da313
12:tabParts	1046	item.waste_mox	1	Depleted MOX Fuel	render/44d0cac03a2e2b21e68de93368eb36c3
12:tabParts	1047	item.waste_plutonium	0	Depleted Plutonium Fuel	render/93e3a894f53bf203e3da095fdf287c26
12:tabParts	1048	item.waste_plutonium	1	Depleted Plutonium Fuel	render/8fd045f969698b929b7420b5fc201ba0
12:tabParts	1049	item.waste_u233	0	Depleted Uranium-233 Fuel	render/df10730e37ac5a0d9b3e32238b1a03c5
12:tabParts	1050	item.waste_u233	1	Depleted Uranium-233 Fuel	render/7fdafc00bd5322a49110f4b6d0760e0e
12:tabParts	1051	item.waste_u235	0	Depleted Uranium-235 Fuel	render/df10730e37ac5a0d9b3e32238b1a03c5
12:tabParts	1052	item.waste_u235	1	Depleted Uranium-235 Fuel	render/7fdafc00bd5322a49110f4b6d0760e0e
12:tabParts	1053	item.waste_schrabidium	0	Depleted Schrabidium Fuel	render/b8b7e7bfc3dcff790b6d3ac022ed98f3
12:tabParts	1054	item.waste_schrabidium	1	Depleted Schrabidium Fuel	render/b5ada4cc85e715c0bf44044fc5d3cce4
12:tabParts	1055	item.waste_zfb_mox	0	Depleted ZFB MOX Fuel	render/0d3eb56929a28e4247ac43da069a39c7
12:tabParts	1056	item.waste_zfb_mox	1	Depleted ZFB MOX Fuel	render/2f8cf920e198383f4e1e80cbb8b63a1e
12:tabParts	1057	item.waste_plate_u233	0	Depleted HEU-233 Plate Fuel	render/588effaf5c9a9b325b7af747040195b0
12:tabParts	1058	item.waste_plate_u233	1	Depleted HEU-233 Plate Fuel	render/c4b8624286c781c0fbe0c38d7964bdd9
12:tabParts	1059	item.waste_plate_u235	0	Depleted HEU-235 Plate Fuel	render/588effaf5c9a9b325b7af747040195b0
12:tabParts	1060	item.waste_plate_u235	1	Depleted HEU-235 Plate Fuel	render/c4b8624286c781c0fbe0c38d7964bdd9
12:tabParts	1061	item.waste_plate_mox	0	Depleted MOX Plate Fuel	render/1f55d461c595a5cf6a4b945cca031a07
12:tabParts	1062	item.waste_plate_mox	1	Depleted MOX Plate Fuel	render/6a48ba1ca9425c3a1f4ab1bbdb67596c
12:tabParts	1063	item.waste_plate_pu239	0	Depleted HEP-239 Plate Fuel	render/1f55d461c595a5cf6a4b945cca031a07
12:tabParts	1064	item.waste_plate_pu239	1	Depleted HEP-239 Plate Fuel	render/6a48ba1ca9425c3a1f4ab1bbdb67596c
12:tabParts	1065	item.waste_plate_ra226be	0	Depleted Ra226Be Plate Fuel	render/ac0828a55c2325d210c1ef5dc103a0ad
12:tabParts	1066	item.waste_plate_ra226be	1	Depleted Ra226Be Plate Fuel	render/dc5b63bedadab6dc3609a7eae6f1434b
12:tabParts	1067	item.waste_plate_sa326	0	Depleted HES-326 Plate Fuel	render/f872724cd558354eaa92e9790119f53f
12:tabParts	1068	item.waste_plate_sa326	1	Depleted HES-326 Plate Fuel	render/9bf30f909d959d818cabf7f6fd976f80
12:tabParts	1069	item.waste_plate_pu238be	0	Depleted Pu238Be Plate Fuel	render/ebb2a1d816876f788a1a1e6f9a3baeed
12:tabParts	1070	item.waste_plate_pu238be	1	Depleted Pu238Be Plate Fuel	render/0cd10597fbed9ad245d5c171c7962f2c
12:tabParts	1071	item.undefined	0	Undefined	render/b9a2e8ad653548f0c61921301959684f
12:tabParts	1072	item.scrap	0	Scrap	render/7644b236797e4ab432331b3d9b006042
12:tabParts	1073	item.scrap_oil	0	Oily Scraps	render/f75a2c5a0dfcc2b9d50bf7d550a979d4
12:tabParts	1074	item.scrap_nuclear	0	Radioactive Scraps	render/41951a94d7dcec4bec0d6ed84666858f
12:tabParts	1075	item.trinitite	0	Trinitite	render/843452b88f9235ffbf191aa85f66c2a3
12:tabParts	1076	item.nuclear_waste_long	0	Long-Lived Nuclear Waste	render/7c29557872e862f874fe70abe49f7d4a
12:tabParts	1077	item.nuclear_waste_long	1	Long-Lived Nuclear Waste	render/7c29557872e862f874fe70abe49f7d4a
12:tabParts	1078	item.nuclear_waste_long	2	Long-Lived Nuclear Waste	render/7c29557872e862f874fe70abe49f7d4a
12:tabParts	1079	item.nuclear_waste_long	3	Long-Lived Nuclear Waste	render/7c29557872e862f874fe70abe49f7d4a
12:tabParts	1080	item.nuclear_waste_long	4	Long-Lived Nuclear Waste	render/7c29557872e862f874fe70abe49f7d4a
12:tabParts	1081	item.nuclear_waste_long_tiny	0	Tiny Pile of Long-Lived Nuclear Waste	render/8bb44062ca18a20690b1b26a4b770dca
12:tabParts	1082	item.nuclear_waste_long_tiny	1	Tiny Pile of Long-Lived Nuclear Waste	render/8bb44062ca18a20690b1b26a4b770dca
12:tabParts	1083	item.nuclear_waste_long_tiny	2	Tiny Pile of Long-Lived Nuclear Waste	render/8bb44062ca18a20690b1b26a4b770dca
12:tabParts	1084	item.nuclear_waste_long_tiny	3	Tiny Pile of Long-Lived Nuclear Waste	render/8bb44062ca18a20690b1b26a4b770dca
12:tabParts	1085	item.nuclear_waste_long_tiny	4	Tiny Pile of Long-Lived Nuclear Waste	render/8bb44062ca18a20690b1b26a4b770dca
12:tabParts	1086	item.nuclear_waste_short	0	Short-Lived Nuclear Waste	render/1a5bcc9c72f970a70e3b6aeb492e1796
12:tabParts	1087	item.nuclear_waste_short	1	Short-Lived Nuclear Waste	render/1a5bcc9c72f970a70e3b6aeb492e1796
12:tabParts	1088	item.nuclear_waste_short	2	Short-Lived Nuclear Waste	render/1a5bcc9c72f970a70e3b6aeb492e1796
12:tabParts	1089	item.nuclear_waste_short	3	Short-Lived Nuclear Waste	render/1a5bcc9c72f970a70e3b6aeb492e1796
12:tabParts	1090	item.nuclear_waste_short	4	Short-Lived Nuclear Waste	render/1a5bcc9c72f970a70e3b6aeb492e1796
12:tabParts	1091	item.nuclear_waste_short	5	Short-Lived Nuclear Waste	render/1a5bcc9c72f970a70e3b6aeb492e1796
12:tabParts	1092	item.nuclear_waste_short	6	Short-Lived Nuclear Waste	render/1a5bcc9c72f970a70e3b6aeb492e1796
12:tabParts	1093	item.nuclear_waste_short	7	Short-Lived Nuclear Waste	render/1a5bcc9c72f970a70e3b6aeb492e1796
12:tabParts	1094	item.nuclear_waste_short_tiny	0	Tiny Pile of Short-Lived Nuclear Waste	render/e1298ea69550801f01d3ce1a17c1067e
12:tabParts	1095	item.nuclear_waste_short_tiny	1	Tiny Pile of Short-Lived Nuclear Waste	render/e1298ea69550801f01d3ce1a17c1067e
12:tabParts	1096	item.nuclear_waste_short_tiny	2	Tiny Pile of Short-Lived Nuclear Waste	render/e1298ea69550801f01d3ce1a17c1067e
12:tabParts	1097	item.nuclear_waste_short_tiny	3	Tiny Pile of Short-Lived Nuclear Waste	render/e1298ea69550801f01d3ce1a17c1067e
12:tabParts	1098	item.nuclear_waste_short_tiny	4	Tiny Pile of Short-Lived Nuclear Waste	render/e1298ea69550801f01d3ce1a17c1067e
12:tabParts	1099	item.nuclear_waste_short_tiny	5	Tiny Pile of Short-Lived Nuclear Waste	render/e1298ea69550801f01d3ce1a17c1067e
12:tabParts	1100	item.nuclear_waste_short_tiny	6	Tiny Pile of Short-Lived Nuclear Waste	render/e1298ea69550801f01d3ce1a17c1067e
12:tabParts	1101	item.nuclear_waste_short_tiny	7	Tiny Pile of Short-Lived Nuclear Waste	render/e1298ea69550801f01d3ce1a17c1067e
12:tabParts	1102	item.nuclear_waste_long_depleted	0	Decayed Long-Lived Nuclear Waste	render/db38b4bdb3130aa626a03267a8179816
12:tabParts	1103	item.nuclear_waste_long_depleted	1	Decayed Long-Lived Nuclear Waste	render/db38b4bdb3130aa626a03267a8179816
12:tabParts	1104	item.nuclear_waste_long_depleted	2	Decayed Long-Lived Nuclear Waste	render/db38b4bdb3130aa626a03267a8179816
12:tabParts	1105	item.nuclear_waste_long_depleted	3	Decayed Long-Lived Nuclear Waste	render/db38b4bdb3130aa626a03267a8179816
12:tabParts	1106	item.nuclear_waste_long_depleted	4	Decayed Long-Lived Nuclear Waste	render/db38b4bdb3130aa626a03267a8179816
12:tabParts	1107	item.nuclear_waste_long_depleted_tiny	0	Tiny Pile of Decayed Long-Lived Nuclear Waste	render/184c652b0bbc7520ae90067913a25725
12:tabParts	1108	item.nuclear_waste_long_depleted_tiny	1	Tiny Pile of Decayed Long-Lived Nuclear Waste	render/184c652b0bbc7520ae90067913a25725
12:tabParts	1109	item.nuclear_waste_long_depleted_tiny	2	Tiny Pile of Decayed Long-Lived Nuclear Waste	render/184c652b0bbc7520ae90067913a25725
12:tabParts	1110	item.nuclear_waste_long_depleted_tiny	3	Tiny Pile of Decayed Long-Lived Nuclear Waste	render/184c652b0bbc7520ae90067913a25725
12:tabParts	1111	item.nuclear_waste_long_depleted_tiny	4	Tiny Pile of Decayed Long-Lived Nuclear Waste	render/184c652b0bbc7520ae90067913a25725
12:tabParts	1112	item.nuclear_waste_short_depleted	0	Decayed Short-Lived Nuclear Waste	render/a085df9170bb156999526328363cb2f3
12:tabParts	1113	item.nuclear_waste_short_depleted	1	Decayed Short-Lived Nuclear Waste	render/a085df9170bb156999526328363cb2f3
12:tabParts	1114	item.nuclear_waste_short_depleted	2	Decayed Short-Lived Nuclear Waste	render/a085df9170bb156999526328363cb2f3
12:tabParts	1115	item.nuclear_waste_short_depleted	3	Decayed Short-Lived Nuclear Waste	render/a085df9170bb156999526328363cb2f3
12:tabParts	1116	item.nuclear_waste_short_depleted	4	Decayed Short-Lived Nuclear Waste	render/a085df9170bb156999526328363cb2f3
12:tabParts	1117	item.nuclear_waste_short_depleted	5	Decayed Short-Lived Nuclear Waste	render/a085df9170bb156999526328363cb2f3
12:tabParts	1118	item.nuclear_waste_short_depleted	6	Decayed Short-Lived Nuclear Waste	render/a085df9170bb156999526328363cb2f3
12:tabParts	1119	item.nuclear_waste_short_depleted	7	Decayed Short-Lived Nuclear Waste	render/a085df9170bb156999526328363cb2f3
12:tabParts	1120	item.nuclear_waste_short_depleted_tiny	0	Tiny Pile of Decayed Short-Lived Nuclear Waste	render/773b2bba509789be5cf16dfdbe5c91f5
12:tabParts	1121	item.nuclear_waste_short_depleted_tiny	1	Tiny Pile of Decayed Short-Lived Nuclear Waste	render/773b2bba509789be5cf16dfdbe5c91f5
12:tabParts	1122	item.nuclear_waste_short_depleted_tiny	2	Tiny Pile of Decayed Short-Lived Nuclear Waste	render/773b2bba509789be5cf16dfdbe5c91f5
12:tabParts	1123	item.nuclear_waste_short_depleted_tiny	3	Tiny Pile of Decayed Short-Lived Nuclear Waste	render/773b2bba509789be5cf16dfdbe5c91f5
12:tabParts	1124	item.nuclear_waste_short_depleted_tiny	4	Tiny Pile of Decayed Short-Lived Nuclear Waste	render/773b2bba509789be5cf16dfdbe5c91f5
12:tabParts	1125	item.nuclear_waste_short_depleted_tiny	5	Tiny Pile of Decayed Short-Lived Nuclear Waste	render/773b2bba509789be5cf16dfdbe5c91f5
12:tabParts	1126	item.nuclear_waste_short_depleted_tiny	6	Tiny Pile of Decayed Short-Lived Nuclear Waste	render/773b2bba509789be5cf16dfdbe5c91f5
12:tabParts	1127	item.nuclear_waste_short_depleted_tiny	7	Tiny Pile of Decayed Short-Lived Nuclear Waste	render/773b2bba509789be5cf16dfdbe5c91f5
12:tabParts	1128	item.nuclear_waste	0	Nuclear Waste	render/bfea5639f72481fe8e6c6f1558793a6a
12:tabParts	1129	item.nuclear_waste_tiny	0	Tiny Pile of Nuclear Waste	render/3a60e89b0329af34d6b37f79005b3c77
12:tabParts	1130	item.nuclear_waste_vitrified	0	Vitrified Nuclear Waste	render/051b6ef4f6d9051ab02d0c4e5d42b75c
12:tabParts	1131	item.nuclear_waste_vitrified_tiny	0	Tiny Pile of Vitrified Nuclear Waste	render/e6c757804f9e45956e33a79e32b499b1
12:tabParts	1132	item.launch_code_piece	0	Silo Launch Code Piece	render/9b7b592a55d2d0f6848ed8d2346b539f
12:tabParts	1133	item.launch_code	0	Silo Launch Code	render/523af9fc2809eb0c4aaa4a50056cec20
12:tabParts	1134	item.launch_key	0	Silo Launch Key	render/176d79ed71d4e32ab01fefbe7fcbbeff
12:tabParts	1135	item.wrench	0	Pipe Wrench	render/f5edb9854a4f963ab04738f9046bfd6a
12:tabParts	1136	item.crystal_horn	0	Crystal Horn	render/f9618d5ba61ca5061770fb4d8fe4a71e
12:tabParts	1137	item.crystal_charred	0	Charred Crystal	render/32afc167cc062067d306e851e277826e
13:tabControl	0	item.pellet_rtg_radium	0	Radium-226 RTG Pellet	render/f7904d6a688cedc9ef7b7528c12ea77c
13:tabControl	1	item.pellet_rtg_weak	0	Weak Uranium RTG Pellet	render/c5d1a87806e7d76ccd1048683412f46c
13:tabControl	2	item.pellet_rtg	0	Plutonium-238 RTG Pellet	render/f41ba56ce707ff61c540c86515c8d157
13:tabControl	3	item.pellet_rtg_strontium	0	Strontium-90 RTG Pellet	render/bad7c8ef3bd0ab097abb277208b2cee7
13:tabControl	4	item.pellet_rtg_cobalt	0	Cobalt-60 RTG Pellet	render/1734a778cbf54dd9c8b9e2018a74079c
13:tabControl	5	item.pellet_rtg_actinium	0	Actinium-227 RTG Pellet	render/51f8eaae713e8b0b993e125012f46b6e
13:tabControl	6	item.pellet_rtg_polonium	0	Polonium-210 RTG Pellet	render/5c55509eaa91a031b65e1777e86b45cf
13:tabControl	7	item.pellet_rtg_americium	0	Americium-241 RTG Pellet	render/750845a17cc216300e6071f45ace251a
13:tabControl	8	item.pellet_rtg_gold	0	Gold-198 RTG Pellet	render/3a8bea7f7899e842c2eb0bfb0f85090d
13:tabControl	9	item.pellet_rtg_lead	0	Lead-209 RTG Pellet	render/3f7c9060a9527af2ea24c242dbf49c39
13:tabControl	10	item.pellet_rtg_depleted	0	Decayed Bismuth RTG Pellet	render/d94316d363a6b2f24a0f5b05a0adaeb0
13:tabControl	11	item.pellet_rtg_depleted	1	Decayed Mercury RTG Pellet	render/c7d77b0c911c8695946bbc21996f9c1e
13:tabControl	12	item.pellet_rtg_depleted	2	Decayed Neptunium RTG Pellet	render/d75429935c73d2bc6d614a10505dcf35
13:tabControl	13	item.pellet_rtg_depleted	3	Decayed Lead RTG Pellet	render/e6fb5f37a097c4b8730e55b9819df386
13:tabControl	14	item.pellet_rtg_depleted	4	Decayed Zirconium RTG Pellet	render/ec3f00f3ec59ca7cdc706d2f331e05af
13:tabControl	15	item.pellet_rtg_depleted	5	Decayed Nickel RTG Pellet	render/28ff59ff2895b8003512e76320232b9c
13:tabControl	16	item.piston_selenium	0	Combustion Engine Piston	render/11683e30dd24c8c1997c2093d6f180a1
13:tabControl	17	item.piston_set	0	Steel Piston Set	render/e9f3b453db74b77fe8fda256f7ca48ee
13:tabControl	18	item.piston_set	1	High-Speed Steel Piston Set	render/e85cb20f1909d05af76d748fd27e5bf0
13:tabControl	19	item.piston_set	2	Desh Piston Set	render/90bde0294ed02c9c4f6d442771ff1cc4
13:tabControl	20	item.piston_set	3	Starmetal Piston Set	render/ae2d88355d899bbc1f65accf2a99787c
13:tabControl	21	item.drillbit	0	Steel Drillbit	render/47169aa4c473692828c5cc9111f33f61
13:tabControl	22	item.drillbit	1	Steel Drillbit (Diamond-Tipped)	render/09d677db7580ec4548c152a271284dc4
13:tabControl	23	item.drillbit	2	High-Speed Steel Drillbit	render/9ba580b3dbdad07d8497765c2ac50e21
13:tabControl	24	item.drillbit	3	High-Speed Steel Drillbit (Diamond-Tipped)	render/bebeb4cdb7c9a939c28ac2f7df9930dd
13:tabControl	25	item.drillbit	4	Desh Drillbit	render/429b478d2c3376fadd52e904ab750f01
13:tabControl	26	item.drillbit	5	Desh Drillbit (Diamond-Tipped)	render/eb7bfe3b09de078b95f698ca3d1cac96
13:tabControl	27	item.drillbit	6	Technetium Steel Drillbit	render/af410d9b4b1000129c5412b2ee100991
13:tabControl	28	item.drillbit	7	Technetium Steel Drillbit (Diamond-Tipped)	render/f33881387862d898796ee81dba7cdc38
13:tabControl	29	item.drillbit	8	Ferrouranium Drillbit	render/bfc56db406a6b203e71cffbc8d72d5c1
13:tabControl	30	item.drillbit	9	Ferrouranium Drillbit (Diamond-Tipped)	render/a7f4ccb01a9ec01056fed41d2d4e4e73
13:tabControl	31	item.cell_empty	0	Empty Cell	render/e90668fbb9c9f074d3c3a96dfacf1009
13:tabControl	32	item.cell_uf6	0	Uranium Hexafluoride Cell	render/79fa77277c898b00498918925ecc6437
13:tabControl	33	item.cell_puf6	0	Plutonium Hexafluoride Cell	render/82b0f2f6369f43d6d21c2e5b37b38842
13:tabControl	34	item.cell_deuterium	0	Deuterium Cell	render/694c046ce732f23fb97ce98a5c12da3e
13:tabControl	35	item.cell_tritium	0	Tritium Cell	render/65665311a7b999999ffa0fa977a785ad
13:tabControl	36	item.cell_sas3	0	Schrabidium Trisulfide Cell	render/baeca0daca9ca4bbbb7b6b770948ed2d
13:tabControl	37	item.cell_antimatter	0	Antimatter Cell	render/06ea0625cf3712007671cc510739fe2d
13:tabControl	38	item.cell_anti_schrabidium	0	Antischrabidium Cell	render/a0b9073174ffa96b0fb258c3592a49ac
13:tabControl	39	item.cell_balefire	0	Gaseous Balefire Cell	render/639217c4cf8beed96f531a4ebb4618d8
13:tabControl	40	item.pa_coil	0	Large Gold Coil	render/158c285297d80db17784e76fd59a39f0
13:tabControl	41	item.pa_coil	1	Large NbTi Coil	render/e3e0991e6a5663c68323c7076aa2910c
13:tabControl	42	item.pa_coil	2	Large BSCCO Coil	render/75e12a5febe2793439902c2478af17a3
13:tabControl	43	item.pa_coil	3	Large Chlorophyte Coil	render/138dac59ecddea735208403df319fda1
13:tabControl	44	item.particle_empty	0	Empty Particle Capsule	render/b13c958fb3f46451aa067012dbb7e403
13:tabControl	45	item.particle_hydrogen	0	Hydrogen Ion Capsule	render/0d7cc1ea60b15bcd685541235589d760
13:tabControl	46	item.particle_copper	0	Copper Ion Capsule	render/0564c5500bf81525fd4e3f291e20e2c2
13:tabControl	47	item.particle_lead	0	Lead Ion Capsule	render/b8240374a055d9b07b7dc2d84954f87c
13:tabControl	48	item.particle_amat	0	Antimatter Capsule	render/d676ddc4c68a8a62e0b7b839cbe49b7a
13:tabControl	49	item.particle_aschrab	0	Antischrabidium Capsule	render/99f91bec9251eb37131286464b670ba2
13:tabControl	50	item.particle_higgs	0	Higgs Boson Capsule	render/c47f77b2355a21d1708c8e7325a17583
13:tabControl	51	item.particle_muon	0	Muon Capsule	render/8f22e0b79b1f66e05cd379d39137a977
13:tabControl	52	item.particle_tachyon	0	Tachyon Capsule	render/9c0ce211220e0ec0cc3afc80598d2051
13:tabControl	53	item.particle_strange	0	Strange Quark Capsule	render/2e260874b66dc4aaeb2dff96827a1ca4
13:tabControl	54	item.particle_dark	0	Dark Matter Capsule	render/dc54ad816778299a02b2f3d3d95e4357
13:tabControl	55	item.particle_sparkticle	0	Sparkticle Capsule	render/9962573e24fc1d9a36043e8479f35b37
13:tabControl	56	item.particle_digamma	0	§cThe Digamma Particle§r	render/516a69dddd7da32d1d725f9a54882f22
13:tabControl	57	item.particle_lutece	0	Lutece Quasiparticle	render/493e16624e461b715ed4d75a5ecbe76e
13:tabControl	58	item.singularity	0	Singularity	render/72ce68eacd3eecc704db4da905bc3c5e
13:tabControl	59	item.singularity_counter_resonant	0	Contained Counter-Resonant Singularity	render/46415a248e102bbe72d3995fce9ff413
13:tabControl	60	item.singularity_super_heated	0	Superheated Resonating Singularity	render/13cdbb82ad38713cfc4f59a991845e15
13:tabControl	61	item.black_hole	0	Miniature Black Hole	render/20fca386d7acdd558e7c8218d8890d3d
13:tabControl	62	item.singularity_spark	0	Spark Singularity	render/8841e77c9a0d22082d977415c51adf9f
13:tabControl	63	item.crystal_xen	0	Artificial Xen Crystal	render/50a0f2fbc7342be4d79f2fea0eb0f3ed
13:tabControl	64	item.pellet_antimatter	0	Antimatter Cluster	render/8e980edbc01b2315fa8760e78608df57
13:tabControl	65	item.inf_water	0	Infinite Water Tank	render/dc509c464604dafb9b8e1d30efeb0145
13:tabControl	66	item.inf_water_mk2	0	Large Infinite Water Tank	render/10d7ca1735eb5969ba23c2acd5c95799
13:tabControl	67	item.fuel_additive	0	Tetraethyllead Antiknock Agent	render/1b38ff885c5257a1322875fb60630ea1
13:tabControl	68	item.fuel_additive	1	Deicer	render/bd4e56d0470456a89891c1462f5a67af
13:tabControl	69	item.canister_empty	0	Empty Canister	render/8c2d2f64dbce932aa8d966fe4985c1c3
13:tabControl	70	item.canister_full	10	Canister: Crude Oil	render/e27f15808ade9b5cfcd03d6df928ce3f
13:tabControl	71	item.canister_full	133	Canister: Desulfurized Crude Oil	render/e27f15808ade9b5cfcd03d6df928ce3f
13:tabControl	72	item.canister_full	61	Canister: Cracked Oil	render/e27f15808ade9b5cfcd03d6df928ce3f
13:tabControl	73	item.canister_full	135	Canister: Desulfurized Cracked Oil	render/e27f15808ade9b5cfcd03d6df928ce3f
13:tabControl	74	item.canister_full	62	Canister: Coal Oil	render/e27f15808ade9b5cfcd03d6df928ce3f
13:tabControl	75	item.canister_full	12	Canister: Heavy Oil	render/cd6daa1cc5a6e7a16862c6aa406cc6d3
13:tabControl	76	item.canister_full	90	Canister: Vacuum Heavy Oil	render/cd6daa1cc5a6e7a16862c6aa406cc6d3
13:tabControl	77	item.canister_full	19	Canister: Naphtha	render/91169392e401c035266ae909afde624e
13:tabControl	78	item.canister_full	137	Canister: Desulfurized Naphtha	render/91169392e401c035266ae909afde624e
13:tabControl	79	item.canister_full	64	Canister: Cracked Naphtha	render/91169392e401c035266ae909afde624e
13:tabControl	80	item.canister_full	91	Canister: Reformate	render/2a7df113c28b7ff0524f1dafd3c21da9
13:tabControl	81	item.canister_full	21	Canister: Light Oil	render/89f62f1a8856c64e2f84b3db53c679b3
13:tabControl	82	item.canister_full	138	Canister: Desulfurized Light Oil	render/89f62f1a8856c64e2f84b3db53c679b3
13:tabControl	83	item.canister_full	65	Canister: Cracked Light Oil	render/89f62f1a8856c64e2f84b3db53c679b3
13:tabControl	84	item.canister_full	92	Canister: Vacuum Light Oil	render/89f62f1a8856c64e2f84b3db53c679b3
13:tabControl	85	item.canister_full	13	Canister: Bitumen	render/ae074f2d9dd5affd4a3e6e2df04fa3d3
13:tabControl	86	item.canister_full	14	Canister: Industrial Oil	render/5ebd381c23ccd813f43f701c8bf53233
13:tabControl	87	item.canister_full	15	Canister: Heating Oil	render/f6a1b4ca51431232c5f4d5a263c947ef
13:tabControl	88	item.canister_full	95	Canister: Heavy Heating Oil	render/f6a1b4ca51431232c5f4d5a263c947ef
13:tabControl	89	item.canister_full	16	Canister: Reclaimed Industrial Oil	render/c56518398f92a1bff36314896c5c1612
13:tabControl	90	item.canister_full	18	Canister: Engine Lubricant	render/f75a55b7153b662f68fd015d7f352cc2
13:tabControl	91	item.canister_full	94	Canister: BTX	render/09e76e78eede9483bd0c4924812517ec
13:tabControl	92	item.canister_full	20	Canister: Diesel	render/05d3c1091af5e9b67a8be5d305be6967
13:tabControl	93	item.canister_full	96	Canister: High-Cetane Diesel	render/2f9639f6f88e9de65d6210655a7438aa
13:tabControl	94	item.canister_full	66	Canister: Cracked Diesel	render/05d3c1091af5e9b67a8be5d305be6967
13:tabControl	95	item.canister_full	97	Canister: High-Cetane Cracked Diesel	render/2f9639f6f88e9de65d6210655a7438aa
13:tabControl	96	item.canister_full	22	Canister: Kerosene	render/0e454b6e747ba01bc39100cbc8591f33
13:tabControl	97	item.canister_full	98	Canister: Jet Fuel	render/0e454b6e747ba01bc39100cbc8591f33
13:tabControl	98	item.canister_full	17	Canister: Petroil	render/9e6365dc04f0316bf8435e46846ee428
13:tabControl	99	item.canister_full	72	Canister: Leaded Petroil	render/df8867ee599cb14d0b092e8ff46ff1c1
13:tabControl	100	item.canister_full	46	Canister: Gasoline	render/7c94dbccf83ad6f1095a7944742255cb
13:tabControl	101	item.canister_full	73	Canister: Leaded Gasoline	render/af7d8f7bf49c810cf5595bd285aa4ff2
13:tabControl	102	item.canister_full	47	Canister: Coal Gasoline	render/60c33c2f59987da650290aac4c4de2db
13:tabControl	103	item.canister_full	74	Canister: Leaded Coal Gasoline	render/9620689ff1aa27ae226af41b1542f016
13:tabControl	104	item.canister_full	80	Canister: Coal Tar Creosote	render/8ccd5745ae58332bc8b1cfa3e17c13d0
13:tabControl	105	item.canister_full	79	Canister: Wood Oil	render/0bfffbaff034479d71d0708965c072bb
13:tabControl	106	item.canister_full	27	Canister: Biofuel	render/9af2009b0c616a602655a6b1b429a314
13:tabControl	107	item.canister_full	59	Canister: Ethanol	render/dbf318c701f8ea7c0287ae770baa90b5
13:tabControl	108	item.canister_full	28	Canister: NITAN© 100 Octane Super Fuel	render/fce3cb0ac95df771f3b831ffae6983c6
13:tabControl	109	item.canister_full	81	Canister: Seeding Slurry	render/9ca10ec128e9c2454156f463b2d9732f
13:tabControl	110	item.canister_full	83	Canister: Solvent	render/343235036d3526a4adf97576ddfafed8
13:tabControl	111	item.canister_full	49	Canister: Fracking Solution	render/d022b58ac50839ca40484e23468aab1b
13:tabControl	112	item.canister_napalm	0	Napalm B	render/4b97848d2f91c5d5a54a758ea68170af
13:tabControl	113	item.gas_empty	0	Empty Gas Tank	render/c36a6dc650b0bf2ebfa2e0cac931bbd7
13:tabControl	114	item.gas_full	38	Gas Tank: Liquid Hydrogen	render/a62567408399d50bd75faf9a5fc22a0d
13:tabControl	115	item.gas_full	8	Gas Tank: Deuterium	render/f678d94b4f11568fc1e898312bd6d858
13:tabControl	116	item.gas_full	9	Gas Tank: Tritium	render/355dea8b0659aa23b310d9e2b8edbddc
13:tabControl	117	item.gas_full	57	Gas Tank: Helium-3	render/fa282314469c8dbfcdf6c307253705a6
13:tabControl	118	item.gas_full	123	Gas Tank: Helium-4	render/976833cc663f07b4447d9b43c96ca515
13:tabControl	119	item.gas_full	39	Gas Tank: Liquid Oxygen	render/49deea4bca2fdf3ff59d031e2be5e019
13:tabControl	120	item.gas_full	40	Gas Tank: Xenon Gas	render/e0f8ce949410a45ee73dec3eb77d3412
13:tabControl	121	item.gas_full	89	Gas Tank: Chlorine Gas	render/fdf7f410662d1669b93f5f3f9f80c99e
13:tabControl	122	item.gas_full	155	Gas Tank: Flue Gas	render/69067d574631d3947e32a91a1135e452
13:tabControl	123	item.gas_full	23	Gas Tank: Natural Gas	render/69067d574631d3947e32a91a1135e452
13:tabControl	124	item.gas_full	24	Gas Tank: Petroleum Gas	render/5c8eab1bd08c64f60a8598afe4e19215
13:tabControl	125	item.gas_full	93	Gas Tank: Sour Gas	render/b8ec293af526040d90a2fdf2035a3e93
13:tabControl	126	item.gas_full	86	Gas Tank: Syngas	render/9da2cfc7cce69cad966a029a5b9c87ab
13:tabControl	127	item.gas_full	67	Gas Tank: Aromatic Hydrocarbons	render/cc1dbcd4e63156205c5f5d04108860f7
13:tabControl	128	item.gas_full	68	Gas Tank: Unsaturated Hydrocarbons	render/7464a20a5080d82356e8c315b7cdc7af
13:tabControl	129	item.gas_full	99	Gas Tank: Reformate Gas	render/24033074f611f7d28d38796d59db1b51
13:tabControl	130	item.gas_full	26	Gas Tank: Biogas	render/8e67912ea070477a0af75e76531fd001
13:tabControl	131	item.gas_full	101	Gas Tank: Phosgene	render/19e6038e09b8ce0e8b00b72d8e0702d1
13:tabControl	132	item.gas_full	102	Gas Tank: Mustard Gas	render/09dc9cab128cbe9b5ec7a1b8ae8f6c1e
13:tabControl	133	item.fluid_tank_empty	0	Empty Universal Fluid Tank	render/1f07a47be1203a41943cb17ddd38ce66
13:tabControl	134	item.fluid_tank_full	151	Universal Fluid Tank: Compressed Air	render/9c4c27898fe621ebd16d95b5b2c48c2c
13:tabControl	135	item.fluid_tank_full	154	Universal Fluid Tank: Hot Air Blast	render/597f88f6d390e968d621e7122b85ac48
13:tabControl	136	item.fluid_tank_full	1	Universal Fluid Tank: Water	render/58a64d80457d21ffcf1fc72286be95bf
13:tabControl	137	item.fluid_tank_full	60	Universal Fluid Tank: Heavy Water	render/486ab0dfdeb0b023d01898cdcee73a0c
13:tabControl	138	item.fluid_tank_full	124	Universal Fluid Tank: Hot Heavy Water	render/3ccc18ea626df51c7d08c1b2db3a2c9f
13:tabControl	139	item.fluid_tank_full	7	Universal Fluid Tank: Lava	render/0165b89bc3d1d551ac2f776435c2806b
13:tabControl	140	item.fluid_tank_full	2	Universal Fluid Tank: Steam	render/4ec51faf4bd5bfdac409c7909a1fed6b
13:tabControl	141	item.fluid_tank_full	3	Universal Fluid Tank: Dense Steam	render/abb401017b7f2784cb7ebe59c5c7ca36
13:tabControl	142	item.fluid_tank_full	4	Universal Fluid Tank: Super Dense Steam	render/61c6b6f92706f0e34ddbacd57c6b3d99
13:tabControl	143	item.fluid_tank_full	5	Universal Fluid Tank: Ultra Dense Steam	render/4439f87427ba53794eae6cf47a422347
13:tabControl	144	item.fluid_tank_full	55	Universal Fluid Tank: Carbon Dioxide	render/03117585491cf69d92bff2e436a344ae
13:tabControl	145	item.fluid_tank_full	6	Universal Fluid Tank: Coolant	render/e4da8d6a3e163247d643b13f0a1dd044
13:tabControl	146	item.fluid_tank_full	76	Universal Fluid Tank: Hot Coolant	render/9cd7b7d5a4e21b7ad9456debc9583e4d
13:tabControl	147	item.fluid_tank_full	144	Universal Fluid Tank: Perfluoromethyl	render/b0e48c64a008f6ddd932e57b0c708ac5
13:tabControl	148	item.fluid_tank_full	145	Universal Fluid Tank: Cold Perfluoromethyl	render/8363c994736c914ffb30b2e2d22f9537
13:tabControl	149	item.fluid_tank_full	146	Universal Fluid Tank: Hot Perfluoromethyl	render/c8ba9a4bc509e696607670beb35d3ddf
13:tabControl	150	item.fluid_tank_full	37	Universal Fluid Tank: Cryogel	render/2b769bf64d4f5fcc419f3bc7fe9e873a
13:tabControl	151	item.fluid_tank_full	77	Universal Fluid Tank: Mug Root Beer	render/7d9ea6a1fc850f0b6a5d7231fe23e31a
13:tabControl	152	item.fluid_tank_full	78	Universal Fluid Tank: Hot Mug Root Beer	render/49036876190799e973961743d85c737b
13:tabControl	153	item.fluid_tank_full	84	Universal Fluid Tank: Blood	render/d0ba682543dc599d55d3c360a657056b
13:tabControl	154	item.fluid_tank_full	85	Universal Fluid Tank: Hot Blood	render/72a5a5ba75383fd399948ee8888812cb
13:tabControl	155	item.fluid_tank_full	125	Universal Fluid Tank: Liquid Sodium	render/45a5fe54f5849b5011a5fb93545732f9
13:tabControl	156	item.fluid_tank_full	126	Universal Fluid Tank: Hot Liquid Sodium	render/f5204fea2e7f388263a747c110c14ab4
13:tabControl	157	item.fluid_tank_full	142	Universal Fluid Tank: Liquid Lead	render/e2f785b121bec1492334decc921f51b1
13:tabControl	158	item.fluid_tank_full	143	Universal Fluid Tank: Hot Liquid Lead	render/4c142aa6a645207c558001e98a913818
13:tabControl	159	item.fluid_tank_full	127	Universal Fluid Tank: Liquid Thorium Salt	render/d58656ec1b940b2a48dae95d232a6a5c
13:tabControl	160	item.fluid_tank_full	128	Universal Fluid Tank: Hot Liquid Thorium Salt	render/3b445871dbecd014a2dec7c2bf0db1df
13:tabControl	161	item.fluid_tank_full	129	Universal Fluid Tank: Depleted Liquid Thorium Salt	render/bf0813a512615c58b342de14cc5e7d03
13:tabControl	162	item.fluid_tank_full	38	Universal Fluid Tank: Liquid Hydrogen	render/d3adaf9256b0eacc054a2aa71cc6131d
13:tabControl	163	item.fluid_tank_full	8	Universal Fluid Tank: Deuterium	render/6d30955b28f316d13a72968ef0ad8528
13:tabControl	164	item.fluid_tank_full	9	Universal Fluid Tank: Tritium	render/8ff8f56a12e59310ef1c7855c38cc9d1
13:tabControl	165	item.fluid_tank_full	57	Universal Fluid Tank: Helium-3	render/ab72585bc08b2b87594b1cb70525e1a9
13:tabControl	166	item.fluid_tank_full	123	Universal Fluid Tank: Helium-4	render/08e5f560da200b6ac6f0ef187a87b668
13:tabControl	167	item.fluid_tank_full	39	Universal Fluid Tank: Liquid Oxygen	render/e187de2ed186ad68d0368bfc1291ca76
13:tabControl	168	item.fluid_tank_full	40	Universal Fluid Tank: Xenon Gas	render/baed81badbb2d1bd4aee3baa8e3b1d50
13:tabControl	169	item.fluid_tank_full	89	Universal Fluid Tank: Chlorine Gas	render/d6c3bb1a8cf5677a11b03dd4da2d9b4f
13:tabControl	170	item.fluid_tank_full	42	Universal Fluid Tank: Mercury	render/c556cb71c584d2fcc8eb24eae2159c57
13:tabControl	171	item.fluid_tank_full	10	Universal Fluid Tank: Crude Oil	render/2aa717c4303820e066a1ecd4c323e4de
13:tabControl	172	item.fluid_tank_full	133	Universal Fluid Tank: Desulfurized Crude Oil	render/fe42149c80245fee5c280d9ce38ac255
13:tabControl	173	item.fluid_tank_full	61	Universal Fluid Tank: Cracked Oil	render/2aa717c4303820e066a1ecd4c323e4de
13:tabControl	174	item.fluid_tank_full	135	Universal Fluid Tank: Desulfurized Cracked Oil	render/694c399378f4c9a432dcb4ea5aa6b79b
13:tabControl	175	item.fluid_tank_full	62	Universal Fluid Tank: Coal Oil	render/2aa717c4303820e066a1ecd4c323e4de
13:tabControl	176	item.fluid_tank_full	104	Universal Fluid Tank: Coker Oil	render/e9f59b25f18b50bde42c5dc037ad3c81
13:tabControl	177	item.fluid_tank_full	11	Universal Fluid Tank: Hot Crude Oil	render/0ff70578e08c5e1f416e45ae65f66e54
13:tabControl	178	item.fluid_tank_full	134	Universal Fluid Tank: Desulfurized Hot Crude Oil	render/2715e441f70f37c3288792d4a2b6117e
13:tabControl	179	item.fluid_tank_full	63	Universal Fluid Tank: Hot Cracked Oil	render/0ff70578e08c5e1f416e45ae65f66e54
13:tabControl	180	item.fluid_tank_full	136	Universal Fluid Tank: Desulfurized Hot Cracked Oil	render/97635a7a820b96d5781dae9d8eeb9ad9
13:tabControl	181	item.fluid_tank_full	12	Universal Fluid Tank: Heavy Oil	render/543e06dbb5b8b473f4a1c22e0c5ae267
13:tabControl	182	item.fluid_tank_full	90	Universal Fluid Tank: Vacuum Heavy Oil	render/5fea9f82a8ac7d07b1b56c2ed58db928
13:tabControl	183	item.fluid_tank_full	19	Universal Fluid Tank: Naphtha	render/b54b4f43d9f5ee56aad0399ece9d34c2
13:tabControl	184	item.fluid_tank_full	137	Universal Fluid Tank: Desulfurized Naphtha	render/0b191519c9209cce55da0f0ebf1ce753
13:tabControl	185	item.fluid_tank_full	64	Universal Fluid Tank: Cracked Naphtha	render/b54b4f43d9f5ee56aad0399ece9d34c2
13:tabControl	186	item.fluid_tank_full	105	Universal Fluid Tank: Coker Naphtha	render/79931fefdd307b6165640f0f002b4900
13:tabControl	187	item.fluid_tank_full	91	Universal Fluid Tank: Reformate	render/2c35e485133d25ed9aa6bf9e21dc47b4
13:tabControl	188	item.fluid_tank_full	21	Universal Fluid Tank: Light Oil	render/82fdaa56f373f6bfb87388ba8080f125
13:tabControl	189	item.fluid_tank_full	138	Universal Fluid Tank: Desulfurized Light Oil	render/f6aa6777f801f5ea5400ac9b1a8f0230
13:tabControl	190	item.fluid_tank_full	65	Universal Fluid Tank: Cracked Light Oil	render/82fdaa56f373f6bfb87388ba8080f125
13:tabControl	191	item.fluid_tank_full	92	Universal Fluid Tank: Vacuum Light Oil	render/fb8a22fdc7c42fc904f8d203b50ba466
13:tabControl	192	item.fluid_tank_full	13	Universal Fluid Tank: Bitumen	render/3e10cb6080c2f16e85036f0fa2437f72
13:tabControl	193	item.fluid_tank_full	14	Universal Fluid Tank: Industrial Oil	render/f8e68d0690408630fbeeb5113b84a4dd
13:tabControl	194	item.fluid_tank_full	15	Universal Fluid Tank: Heating Oil	render/360d0d21db88304a86e176e59ffcb973
13:tabControl	195	item.fluid_tank_full	95	Universal Fluid Tank: Heavy Heating Oil	render/80d459801b55b842ebba32c5372ff523
13:tabControl	196	item.fluid_tank_full	16	Universal Fluid Tank: Reclaimed Industrial Oil	render/51f037342f720a6902fa32a526a156d2
13:tabControl	197	item.fluid_tank_full	18	Universal Fluid Tank: Engine Lubricant	render/081dceffce67dccedee98d1b9c84cd29
13:tabControl	198	item.fluid_tank_full	155	Universal Fluid Tank: Flue Gas	render/8054c981f69765d7802d553ff6a9e2e5
13:tabControl	199	item.fluid_tank_full	23	Universal Fluid Tank: Natural Gas	render/0568e5d736c1671c58cecfbf723eacf0
13:tabControl	200	item.fluid_tank_full	106	Universal Fluid Tank: Coker Gas	render/dd1681348217ca3a4e2d9688a31b6f3d
13:tabControl	201	item.fluid_tank_full	24	Universal Fluid Tank: Petroleum Gas	render/22ab02af5db6a16d00747278cc5a6846
13:tabControl	202	item.fluid_tank_full	93	Universal Fluid Tank: Sour Gas	render/ba0264182bbe4b83ef0bc84b4e6d9ab6
13:tabControl	203	item.fluid_tank_full	25	Universal Fluid Tank: LPG	render/062993fcbb424837831f05f511941e0d
13:tabControl	204	item.fluid_tank_full	86	Universal Fluid Tank: Syngas	render/8054c981f69765d7802d553ff6a9e2e5
13:tabControl	205	item.fluid_tank_full	87	Universal Fluid Tank: Oxyhydrogen	render/3bdaefac1a6f29ce70243457ad017af6
13:tabControl	206	item.fluid_tank_full	67	Universal Fluid Tank: Aromatic Hydrocarbons	render/2276c9f18ee9c40298964cc21a1b79e9
13:tabControl	207	item.fluid_tank_full	68	Universal Fluid Tank: Unsaturated Hydrocarbons	render/9bb58ccd5e7f7f0afce2b4236be745d9
13:tabControl	208	item.fluid_tank_full	94	Universal Fluid Tank: BTX	render/34f60b855ad2c35d5012b21b36e4fc8e
13:tabControl	209	item.fluid_tank_full	99	Universal Fluid Tank: Reformate Gas	render/32d64698a42e1353b4ba36eeffb50c1a
13:tabControl	210	item.fluid_tank_full	20	Universal Fluid Tank: Diesel	render/b960836ab81c0e53641f83c784f033a7
13:tabControl	211	item.fluid_tank_full	96	Universal Fluid Tank: High-Cetane Diesel	render/1641ff2074b8c00e72e4a543e8f774b7
13:tabControl	212	item.fluid_tank_full	66	Universal Fluid Tank: Cracked Diesel	render/b960836ab81c0e53641f83c784f033a7
13:tabControl	213	item.fluid_tank_full	97	Universal Fluid Tank: High-Cetane Cracked Diesel	render/d9734f647ed5d548f2e2291d45d14705
13:tabControl	214	item.fluid_tank_full	22	Universal Fluid Tank: Kerosene	render/54c21a2c57ef4cb4da6a2c1bd82d82ff
13:tabControl	215	item.fluid_tank_full	98	Universal Fluid Tank: Jet Fuel	render/00bf569de62f2adc5bb2d75e6a7f6009
13:tabControl	216	item.fluid_tank_full	17	Universal Fluid Tank: Petroil	render/9d91c3a8bb32a05a0b5f350f26810d6d
13:tabControl	217	item.fluid_tank_full	72	Universal Fluid Tank: Leaded Petroil	render/9d91c3a8bb32a05a0b5f350f26810d6d
13:tabControl	218	item.fluid_tank_full	46	Universal Fluid Tank: Gasoline	render/041688f4937f928dc4d5ad179e0ceb80
13:tabControl	219	item.fluid_tank_full	73	Universal Fluid Tank: Leaded Gasoline	render/041688f4937f928dc4d5ad179e0ceb80
13:tabControl	220	item.fluid_tank_full	47	Universal Fluid Tank: Coal Gasoline	render/041688f4937f928dc4d5ad179e0ceb80
13:tabControl	221	item.fluid_tank_full	74	Universal Fluid Tank: Leaded Coal Gasoline	render/041688f4937f928dc4d5ad179e0ceb80
13:tabControl	222	item.fluid_tank_full	80	Universal Fluid Tank: Coal Tar Creosote	render/2d682f28e80f1beee5054d5ee9a84e12
13:tabControl	223	item.fluid_tank_full	79	Universal Fluid Tank: Wood Oil	render/eeadbab535be83914e733f6cd8aead73
13:tabControl	224	item.fluid_tank_full	26	Universal Fluid Tank: Biogas	render/97509cf65b419c72b1456a2ebf0df7f0
13:tabControl	225	item.fluid_tank_full	27	Universal Fluid Tank: Biofuel	render/faadf98751555f849de526355298fc90
13:tabControl	226	item.fluid_tank_full	59	Universal Fluid Tank: Ethanol	render/4d7f1ed761b1858ea9086a099e57051c
13:tabControl	227	item.fluid_tank_full	110	Universal Fluid Tank: Fish Oil	render/f22c823589f97d0b413f27a9ff42f190
13:tabControl	228	item.fluid_tank_full	111	Universal Fluid Tank: Sunflower Seed Oil	render/35421fa154a4bb5b4305d350deb3eebb
13:tabControl	229	item.fluid_tank_full	28	Universal Fluid Tank: NITAN© 100 Octane Super Fuel	render/9fe90e06c66d93d1f6148518b76425bb
13:tabControl	230	item.fluid_tank_full	153	Universal Fluid Tank: Deuterated Hydrocarbon	render/f72d5c078b442314931bd1a8d9545f1d
13:tabControl	231	item.fluid_tank_full	41	Universal Fluid Tank: BF Rocket Fuel	render/19c1163015568f08db199b47e850ad86
13:tabControl	232	item.fluid_tank_full	69	Universal Fluid Tank: Salient Green	render/34862bc6a9c0b53a2f7a7e548bb0000b
13:tabControl	233	item.fluid_tank_full	81	Universal Fluid Tank: Seeding Slurry	render/34d088d4e11d11d54f9bcaee91511626
13:tabControl	234	item.fluid_tank_full	100	Universal Fluid Tank: Colloid	render/40a6bc5fd5c5461a316676530bdc3343
13:tabControl	235	item.fluid_tank_full	140	Universal Fluid Tank: Vitriol	render/c7e5d8617bf0f7c445d3b1f6bf0b3f85
13:tabControl	236	item.fluid_tank_full	141	Universal Fluid Tank: Ore Slop	render/ea61ea04ea28f0d9ecb4dbc876797886
13:tabControl	237	item.fluid_tank_full	103	Universal Fluid Tank: Ionic Gel	render/267dfba067d6a4c19a81aeb830b24775
13:tabControl	238	item.fluid_tank_full	35	Universal Fluid Tank: Hydrogen Peroxide	render/057176a2323404e168dd14790a6acd19
13:tabControl	239	item.fluid_tank_full	75	Universal Fluid Tank: Sulfuric Acid	render/780c8faea317b12bacc5f46840401d87
13:tabControl	240	item.fluid_tank_full	82	Universal Fluid Tank: Nitric Acid	render/ef9ef44c3067bb8574ac900968ac6688
13:tabControl	241	item.fluid_tank_full	83	Universal Fluid Tank: Solvent	render/86e59c76eef2d22736206ecfc77066a1
13:tabControl	242	item.fluid_tank_full	88	Universal Fluid Tank: High-Performance Solvent	render/93538d19c7ffe8ec8c2b0e8d490b9123
13:tabControl	243	item.fluid_tank_full	32	Universal Fluid Tank: Schrabidic Acid	render/3fee2e9e776451f627966b6aa142589b
13:tabControl	244	item.fluid_tank_full	29	Universal Fluid Tank: Uranium Hexafluoride	render/198a72ab035c80e5a586711cdd61c3f1
13:tabControl	245	item.fluid_tank_full	30	Universal Fluid Tank: Plutonium Hexafluoride	render/3cde841eb4780d5bff1f9d9fc7d1a618
13:tabControl	246	item.fluid_tank_full	31	Universal Fluid Tank: Schrabidium Trisulfide	render/f60156c7b4d0ebebdb7b7591ecca3bee
13:tabControl	247	item.fluid_tank_full	43	Universal Fluid Tank: Pandemonium(III)tantalite Solution	render/d20355896ef1ea5be1ea18be5805c1aa
13:tabControl	248	item.fluid_tank_full	36	Universal Fluid Tank: Poisonous Mud	render/1fb11467cc8ca3a8d1b55c2d5371eecb
13:tabControl	249	item.fluid_tank_full	130	Universal Fluid Tank: Fullerene Solution	render/03ad2aea613b2af6b6fb008933b2d463
13:tabControl	250	item.fluid_tank_full	107	Universal Fluid Tank: Dissolved Egg	render/02d741a024987295f963d6e900d1300d
13:tabControl	251	item.fluid_tank_full	108	Universal Fluid Tank: Cholesterol Solution	render/63d306029dca7fffb2e4704071b33430
13:tabControl	252	item.fluid_tank_full	148	Universal Fluid Tank: Sodium Aluminate	render/b2529ab3cbdab6e3ffc9b8548a344187
13:tabControl	253	item.fluid_tank_full	149	Universal Fluid Tank: Bauxite Solution	render/d5d101c9d1942dccc5205f17277e6896
13:tabControl	254	item.fluid_tank_full	150	Universal Fluid Tank: Alumina	render/e8931916ee064dd98469d2fb22463781
13:tabControl	255	item.fluid_tank_full	152	Universal Fluid Tank: Liquid Concrete	render/9af45546548c98a120fc653fd2a5dfd0
13:tabControl	256	item.fluid_tank_full	49	Universal Fluid Tank: Fracking Solution	render/fa128fdab6c8f55332d33e021804044b
13:tabControl	257	item.fluid_tank_full	147	Universal Fluid Tank: Lye	render/0b54833393a1309de18c3b9bbfdbcaba
13:tabControl	258	item.fluid_tank_full	101	Universal Fluid Tank: Phosgene	render/da97fadb8be4f5657d56ad0075bb492e
13:tabControl	259	item.fluid_tank_full	102	Universal Fluid Tank: Mustard Gas	render/d6c3bb1a8cf5677a11b03dd4da2d9b4f
13:tabControl	260	item.fluid_tank_full	109	Universal Fluid Tank: Estradiol Solution	render/857d83977cddcc2c8f735a067128c26b
13:tabControl	261	item.fluid_tank_full	112	Universal Fluid Tank: Nitroglycerin	render/15616902ee15848c65251ef9a1d5439e
13:tabControl	262	item.fluid_tank_full	33	Universal Fluid Tank: Antimatter	render/dc8cfd2891ea9c372cdb16f1916efae2
13:tabControl	263	item.fluid_tank_full	34	Universal Fluid Tank: Antischrabidium	render/c75b94968b5c26b069f314850db3517d
13:tabControl	264	item.fluid_tank_full	70	Universal Fluid Tank: Experience Juice	render/31b0570469d03ab91154c07ac1758053
13:tabControl	265	item.fluid_tank_full	71	Universal Fluid Tank: Ender Juice	render/a51e66602d2b4166158e9d616251e682
13:tabControl	266	item.fluid_tank_full	139	Universal Fluid Tank: Stellar Flux	render/978f32f8b729fcffd322debdb29b6dfd
13:tabControl	267	item.fluid_tank_full	131	Universal Fluid Tank: Booster Pheromone	render/6bb0bc6fe5918696ff2549ea9cc064eb
13:tabControl	268	item.fluid_tank_full	132	Universal Fluid Tank: Modified Booster Pheromone	render/08b39b44ed658aa2e49151f74ffc0470
13:tabControl	269	item.fluid_tank_full	1000	Universal Fluid Tank: Custom Fluid Demo	render/b843779fdc187c355ab283a85d0d5b62
13:tabControl	270	item.fluid_tank_lead_empty	0	Empty Hazardous Material Tank	render/4b3f181393a74ebdb8788a45c2a86fcf
13:tabControl	271	item.fluid_tank_lead_full	151	Hazardous Material Tank: Compressed Air	render/c093ae7454a9b12ed67a4850c0d5992c
13:tabControl	272	item.fluid_tank_lead_full	154	Hazardous Material Tank: Hot Air Blast	render/01e1b05842bd3ee98cab1a16d9fac87e
13:tabControl	273	item.fluid_tank_lead_full	1	Hazardous Material Tank: Water	render/59897354b43e3d95c9a9a6b028c42709
13:tabControl	274	item.fluid_tank_lead_full	60	Hazardous Material Tank: Heavy Water	render/f901272e2e8a93f96c063aa1d2221a2c
13:tabControl	275	item.fluid_tank_lead_full	124	Hazardous Material Tank: Hot Heavy Water	render/800e2988a40e5f7d0ff39dfa4542b0e7
13:tabControl	276	item.fluid_tank_lead_full	7	Hazardous Material Tank: Lava	render/dc63fef49f5df4de5cdc3d7cfd0d8fce
13:tabControl	277	item.fluid_tank_lead_full	2	Hazardous Material Tank: Steam	render/7eaeb7fb08c3edf28cbc2423deb37f2c
13:tabControl	278	item.fluid_tank_lead_full	3	Hazardous Material Tank: Dense Steam	render/6ecce71911febe3a86daac7d1751b245
13:tabControl	279	item.fluid_tank_lead_full	4	Hazardous Material Tank: Super Dense Steam	render/973ced90a23e6e61e16a612aea409f65
13:tabControl	280	item.fluid_tank_lead_full	5	Hazardous Material Tank: Ultra Dense Steam	render/c14a0d04b4e27af03d9159f87c32f751
13:tabControl	281	item.fluid_tank_lead_full	55	Hazardous Material Tank: Carbon Dioxide	render/53916eda75a46586005853e730ca1b45
13:tabControl	282	item.fluid_tank_lead_full	6	Hazardous Material Tank: Coolant	render/d3ed89bf0fd75af49deca1b3979c075a
13:tabControl	283	item.fluid_tank_lead_full	76	Hazardous Material Tank: Hot Coolant	render/e5ea5a6ad5ee8a36d9cd84c39e85eda0
13:tabControl	284	item.fluid_tank_lead_full	144	Hazardous Material Tank: Perfluoromethyl	render/97fdc80ff35b6c21dcd15761dcdff754
13:tabControl	285	item.fluid_tank_lead_full	145	Hazardous Material Tank: Cold Perfluoromethyl	render/d98c0a7232184f186e17ab89d7eaa46f
13:tabControl	286	item.fluid_tank_lead_full	146	Hazardous Material Tank: Hot Perfluoromethyl	render/449636d1da7279d4012d59e8d3164bfd
13:tabControl	287	item.fluid_tank_lead_full	37	Hazardous Material Tank: Cryogel	render/c0d1f8a45313c003ceca46c4e5074a2c
13:tabControl	288	item.fluid_tank_lead_full	77	Hazardous Material Tank: Mug Root Beer	render/7c3c7604d11e434c866afe8b542dd2cb
13:tabControl	289	item.fluid_tank_lead_full	78	Hazardous Material Tank: Hot Mug Root Beer	render/59aecbcc994b524ca364f4cf8fffb27e
13:tabControl	290	item.fluid_tank_lead_full	84	Hazardous Material Tank: Blood	render/40e0b9aac089c777673a7a77c5e7a2fa
13:tabControl	291	item.fluid_tank_lead_full	85	Hazardous Material Tank: Hot Blood	render/fddea9c766cb5f975823eb5c87ddaadb
13:tabControl	292	item.fluid_tank_lead_full	125	Hazardous Material Tank: Liquid Sodium	render/1d0d60fa22cf195855df176502375da6
13:tabControl	293	item.fluid_tank_lead_full	126	Hazardous Material Tank: Hot Liquid Sodium	render/e05cf829e3a7ace85366365ed02c8300
13:tabControl	294	item.fluid_tank_lead_full	142	Hazardous Material Tank: Liquid Lead	render/16fb7d9929967fb8d557a6d4bd663ad2
13:tabControl	295	item.fluid_tank_lead_full	143	Hazardous Material Tank: Hot Liquid Lead	render/de4de33383f1d59374a45c22d8b8c389
13:tabControl	296	item.fluid_tank_lead_full	127	Hazardous Material Tank: Liquid Thorium Salt	render/6fdefcb04f2a8932e4aae682a2294748
13:tabControl	297	item.fluid_tank_lead_full	128	Hazardous Material Tank: Hot Liquid Thorium Salt	render/958df0840110eb731c0c2b465cdd1063
13:tabControl	298	item.fluid_tank_lead_full	129	Hazardous Material Tank: Depleted Liquid Thorium Salt	render/b1857f4e6da5ee6a3ce49ce678411d4c
13:tabControl	299	item.fluid_tank_lead_full	38	Hazardous Material Tank: Liquid Hydrogen	render/d17e3a48b0a1bec7f4a894154d908564
13:tabControl	300	item.fluid_tank_lead_full	8	Hazardous Material Tank: Deuterium	render/e407472ab913b9b0f2ca0bab76223064
13:tabControl	301	item.fluid_tank_lead_full	9	Hazardous Material Tank: Tritium	render/9ee68a149df213dc0905d88f5e419867
13:tabControl	302	item.fluid_tank_lead_full	57	Hazardous Material Tank: Helium-3	render/a655f57346d310884f0add519435a415
13:tabControl	303	item.fluid_tank_lead_full	123	Hazardous Material Tank: Helium-4	render/9bb70024d0ac26510b8f6ed3a52adee5
13:tabControl	304	item.fluid_tank_lead_full	39	Hazardous Material Tank: Liquid Oxygen	render/464aee49fda2b205356cc0d69c78fa41
13:tabControl	305	item.fluid_tank_lead_full	40	Hazardous Material Tank: Xenon Gas	render/9c675e600639b7cbb57be9e5abf5fb5e
13:tabControl	306	item.fluid_tank_lead_full	89	Hazardous Material Tank: Chlorine Gas	render/8be96424a69612582a0d49b7e5d87f30
13:tabControl	307	item.fluid_tank_lead_full	42	Hazardous Material Tank: Mercury	render/062301d97950742301cc45bfcfcb0686
13:tabControl	308	item.fluid_tank_lead_full	10	Hazardous Material Tank: Crude Oil	render/41ab2918f4a71456e4a5f6d78eb66bf2
13:tabControl	309	item.fluid_tank_lead_full	133	Hazardous Material Tank: Desulfurized Crude Oil	render/09f41e0ba9875954b1951dca1b871a0d
13:tabControl	310	item.fluid_tank_lead_full	61	Hazardous Material Tank: Cracked Oil	render/41ab2918f4a71456e4a5f6d78eb66bf2
13:tabControl	311	item.fluid_tank_lead_full	135	Hazardous Material Tank: Desulfurized Cracked Oil	render/281f19a09147132b4b542fae7017637d
13:tabControl	312	item.fluid_tank_lead_full	62	Hazardous Material Tank: Coal Oil	render/41ab2918f4a71456e4a5f6d78eb66bf2
13:tabControl	313	item.fluid_tank_lead_full	104	Hazardous Material Tank: Coker Oil	render/1b23ff3ea49acf3ad4d83124fd71304b
13:tabControl	314	item.fluid_tank_lead_full	11	Hazardous Material Tank: Hot Crude Oil	render/031ef164ebb6e47a0aca495f888ff72b
13:tabControl	315	item.fluid_tank_lead_full	134	Hazardous Material Tank: Desulfurized Hot Crude Oil	render/e143188445ac9c62d03f3ee4d5c5225b
13:tabControl	316	item.fluid_tank_lead_full	63	Hazardous Material Tank: Hot Cracked Oil	render/031ef164ebb6e47a0aca495f888ff72b
13:tabControl	317	item.fluid_tank_lead_full	136	Hazardous Material Tank: Desulfurized Hot Cracked Oil	render/5ff6dfb7d276759a945d60f366514780
13:tabControl	318	item.fluid_tank_lead_full	12	Hazardous Material Tank: Heavy Oil	render/bb64ca17a8e34178bbfb93d73672a92a
13:tabControl	319	item.fluid_tank_lead_full	90	Hazardous Material Tank: Vacuum Heavy Oil	render/af6f9812b0137093cf4072d51a825e71
13:tabControl	320	item.fluid_tank_lead_full	19	Hazardous Material Tank: Naphtha	render/3cbe1d2517ec014ce58aca4aaf5e11de
13:tabControl	321	item.fluid_tank_lead_full	137	Hazardous Material Tank: Desulfurized Naphtha	render/7695de7d0d05289e42ca105d02ef8078
13:tabControl	322	item.fluid_tank_lead_full	64	Hazardous Material Tank: Cracked Naphtha	render/3cbe1d2517ec014ce58aca4aaf5e11de
13:tabControl	323	item.fluid_tank_lead_full	105	Hazardous Material Tank: Coker Naphtha	render/b8fda784291e348d99167ba8dddaf8a5
13:tabControl	324	item.fluid_tank_lead_full	91	Hazardous Material Tank: Reformate	render/9b5df533b9f46e0bac98c4772825e765
13:tabControl	325	item.fluid_tank_lead_full	21	Hazardous Material Tank: Light Oil	render/73315a9a3936681a3531866f65512423
13:tabControl	326	item.fluid_tank_lead_full	138	Hazardous Material Tank: Desulfurized Light Oil	render/06a60d197f738298017345e3ba2a4867
13:tabControl	327	item.fluid_tank_lead_full	65	Hazardous Material Tank: Cracked Light Oil	render/73315a9a3936681a3531866f65512423
13:tabControl	328	item.fluid_tank_lead_full	92	Hazardous Material Tank: Vacuum Light Oil	render/cb579b4633cf493893c2428106cc0aa5
13:tabControl	329	item.fluid_tank_lead_full	13	Hazardous Material Tank: Bitumen	render/daef7f95a070bd51a8a4377f0699aa19
13:tabControl	330	item.fluid_tank_lead_full	14	Hazardous Material Tank: Industrial Oil	render/5ebd4e8810d103430d41d2b556ec3cd3
13:tabControl	331	item.fluid_tank_lead_full	15	Hazardous Material Tank: Heating Oil	render/7ee8e7a62a6d0ae99a69e5a8d9b212aa
13:tabControl	332	item.fluid_tank_lead_full	95	Hazardous Material Tank: Heavy Heating Oil	render/27163aeadcacd04c5209e68f3d10dbf4
13:tabControl	333	item.fluid_tank_lead_full	16	Hazardous Material Tank: Reclaimed Industrial Oil	render/6937cc54a93ee87cbfa1f2e417feebc5
13:tabControl	334	item.fluid_tank_lead_full	18	Hazardous Material Tank: Engine Lubricant	render/7b337f2b286cd59d4f5b641e80c140e7
13:tabControl	335	item.fluid_tank_lead_full	155	Hazardous Material Tank: Flue Gas	render/b506e099e29e6593796e2c7ee3ddf9f9
13:tabControl	336	item.fluid_tank_lead_full	23	Hazardous Material Tank: Natural Gas	render/e2e8cd7bcd3d1b793a6a987b9e939558
13:tabControl	337	item.fluid_tank_lead_full	106	Hazardous Material Tank: Coker Gas	render/6e6f7ae93714033889192c2f40aca995
13:tabControl	338	item.fluid_tank_lead_full	24	Hazardous Material Tank: Petroleum Gas	render/7be861ad78741f83612bcfdbeaf34772
13:tabControl	339	item.fluid_tank_lead_full	93	Hazardous Material Tank: Sour Gas	render/fd1835c83cbc9141796aed1a95db99fd
13:tabControl	340	item.fluid_tank_lead_full	25	Hazardous Material Tank: LPG	render/5d014ab914f8e64a86eebf0d2b30913e
13:tabControl	341	item.fluid_tank_lead_full	86	Hazardous Material Tank: Syngas	render/b506e099e29e6593796e2c7ee3ddf9f9
13:tabControl	342	item.fluid_tank_lead_full	87	Hazardous Material Tank: Oxyhydrogen	render/140e091087edbab36299d540737325c7
13:tabControl	343	item.fluid_tank_lead_full	67	Hazardous Material Tank: Aromatic Hydrocarbons	render/4cfc0f46b636c3f4277e37132b9534bc
13:tabControl	344	item.fluid_tank_lead_full	68	Hazardous Material Tank: Unsaturated Hydrocarbons	render/8c341cc7e6d7c74a49dd45225e5550e0
13:tabControl	345	item.fluid_tank_lead_full	94	Hazardous Material Tank: BTX	render/9172d00f92ba846f90c23717501ec023
13:tabControl	346	item.fluid_tank_lead_full	99	Hazardous Material Tank: Reformate Gas	render/0da89f65b2610b3d7031f51570fc4e23
13:tabControl	347	item.fluid_tank_lead_full	20	Hazardous Material Tank: Diesel	render/ab76d61a418d17008409725fc89517af
13:tabControl	348	item.fluid_tank_lead_full	96	Hazardous Material Tank: High-Cetane Diesel	render/86e0a469bca985393842c1dda482420e
13:tabControl	349	item.fluid_tank_lead_full	66	Hazardous Material Tank: Cracked Diesel	render/ab76d61a418d17008409725fc89517af
13:tabControl	350	item.fluid_tank_lead_full	97	Hazardous Material Tank: High-Cetane Cracked Diesel	render/b917d9584107e71479a9367ba57bd7c7
13:tabControl	351	item.fluid_tank_lead_full	22	Hazardous Material Tank: Kerosene	render/04bd567d00ab7063e6e1fb034928860a
13:tabControl	352	item.fluid_tank_lead_full	98	Hazardous Material Tank: Jet Fuel	render/4ce3617c647036689c468225b7f73d7b
13:tabControl	353	item.fluid_tank_lead_full	17	Hazardous Material Tank: Petroil	render/f2f3517e9ecea2fe7b7ece5c0ec40482
13:tabControl	354	item.fluid_tank_lead_full	72	Hazardous Material Tank: Leaded Petroil	render/f2f3517e9ecea2fe7b7ece5c0ec40482
13:tabControl	355	item.fluid_tank_lead_full	46	Hazardous Material Tank: Gasoline	render/d1251dd6f330a9427ac208572fb018e1
13:tabControl	356	item.fluid_tank_lead_full	73	Hazardous Material Tank: Leaded Gasoline	render/d1251dd6f330a9427ac208572fb018e1
13:tabControl	357	item.fluid_tank_lead_full	47	Hazardous Material Tank: Coal Gasoline	render/d1251dd6f330a9427ac208572fb018e1
13:tabControl	358	item.fluid_tank_lead_full	74	Hazardous Material Tank: Leaded Coal Gasoline	render/d1251dd6f330a9427ac208572fb018e1
13:tabControl	359	item.fluid_tank_lead_full	80	Hazardous Material Tank: Coal Tar Creosote	render/12e8694f37458d68ee2a12d648c2f774
13:tabControl	360	item.fluid_tank_lead_full	79	Hazardous Material Tank: Wood Oil	render/974961661f3402b5735b1904126ea44c
13:tabControl	361	item.fluid_tank_lead_full	26	Hazardous Material Tank: Biogas	render/5897551c9b249c8acc8ca0c41d1ca754
13:tabControl	362	item.fluid_tank_lead_full	27	Hazardous Material Tank: Biofuel	render/bff6bd48bbb93e3d50d179f857531e63
13:tabControl	363	item.fluid_tank_lead_full	59	Hazardous Material Tank: Ethanol	render/56b33c8a1e61c4ca42c66675fdd17e32
13:tabControl	364	item.fluid_tank_lead_full	110	Hazardous Material Tank: Fish Oil	render/203d9ed886754c33566f51edbf1e5588
13:tabControl	365	item.fluid_tank_lead_full	111	Hazardous Material Tank: Sunflower Seed Oil	render/d56705abf3bc9082a7e7703c0cd4dbc6
13:tabControl	366	item.fluid_tank_lead_full	28	Hazardous Material Tank: NITAN© 100 Octane Super Fuel	render/4ae4d1bc10f5b101cb509dd6b27e09d0
13:tabControl	367	item.fluid_tank_lead_full	153	Hazardous Material Tank: Deuterated Hydrocarbon	render/b3e4f19e2abf76796e2374e756a48850
13:tabControl	368	item.fluid_tank_lead_full	41	Hazardous Material Tank: BF Rocket Fuel	render/2ae1505d917a623cac9b5c27c4f463a7
13:tabControl	369	item.fluid_tank_lead_full	69	Hazardous Material Tank: Salient Green	render/8b57511425badf28f550e7e10dc9fd73
13:tabControl	370	item.fluid_tank_lead_full	81	Hazardous Material Tank: Seeding Slurry	render/7706fb142a2955139d46b842bd7b0db4
13:tabControl	371	item.fluid_tank_lead_full	100	Hazardous Material Tank: Colloid	render/389b1d1152a529b3674c87aa60a3c51e
13:tabControl	372	item.fluid_tank_lead_full	140	Hazardous Material Tank: Vitriol	render/d653f9d439ffe04e26c8260e57a4e828
13:tabControl	373	item.fluid_tank_lead_full	141	Hazardous Material Tank: Ore Slop	render/03b6dbf501519668e80b5d19f5820cb5
13:tabControl	374	item.fluid_tank_lead_full	103	Hazardous Material Tank: Ionic Gel	render/53148c1e8b93f098660b95e8f34f0026
13:tabControl	375	item.fluid_tank_lead_full	35	Hazardous Material Tank: Hydrogen Peroxide	render/8b4a6df3264d3c2f6fc799a7165990e6
13:tabControl	376	item.fluid_tank_lead_full	75	Hazardous Material Tank: Sulfuric Acid	render/de39ed893d908b6c140aa2989c87238b
13:tabControl	377	item.fluid_tank_lead_full	82	Hazardous Material Tank: Nitric Acid	render/bb9fec4db21b3e2985be8d1453e964a9
13:tabControl	378	item.fluid_tank_lead_full	83	Hazardous Material Tank: Solvent	render/99f9162d53a4141a6f5eecbb4ad33646
13:tabControl	379	item.fluid_tank_lead_full	88	Hazardous Material Tank: High-Performance Solvent	render/c6cd22e42cf5a6c5e28cd39353a99984
13:tabControl	380	item.fluid_tank_lead_full	32	Hazardous Material Tank: Schrabidic Acid	render/6d7ec7b287e590eaad564d822efac717
13:tabControl	381	item.fluid_tank_lead_full	29	Hazardous Material Tank: Uranium Hexafluoride	render/24d122a5909af6903994cdd91aff6819
13:tabControl	382	item.fluid_tank_lead_full	30	Hazardous Material Tank: Plutonium Hexafluoride	render/18fd715573cb90ba93a6c7a02fce77a8
13:tabControl	383	item.fluid_tank_lead_full	31	Hazardous Material Tank: Schrabidium Trisulfide	render/e5e7744403805511bb94a929aa75c907
13:tabControl	384	item.fluid_tank_lead_full	43	Hazardous Material Tank: Pandemonium(III)tantalite Solution	render/6eaf15d90ef3211a81f14491e3fa835b
13:tabControl	385	item.fluid_tank_lead_full	58	Hazardous Material Tank: Osmiridic Solution	render/056ffffe510deb8af2c39bc4ff020092
13:tabControl	386	item.fluid_tank_lead_full	36	Hazardous Material Tank: Poisonous Mud	render/a303c95ac6cbceb29b692e2fdaa128f6
13:tabControl	387	item.fluid_tank_lead_full	113	Hazardous Material Tank: Red Mud	render/efdabd4708deaed550698baf1e3967b1
13:tabControl	388	item.fluid_tank_lead_full	130	Hazardous Material Tank: Fullerene Solution	render/41a06f00f7bc348e5d6b473cd42cd62d
13:tabControl	389	item.fluid_tank_lead_full	107	Hazardous Material Tank: Dissolved Egg	render/cde335bbaca7f27335c273b3bbcb3808
13:tabControl	390	item.fluid_tank_lead_full	108	Hazardous Material Tank: Cholesterol Solution	render/5f0cff59e4fb5d3767b7ad4135e183f6
13:tabControl	391	item.fluid_tank_lead_full	148	Hazardous Material Tank: Sodium Aluminate	render/f1d395a1d46aa95333f7edf1da24dee8
13:tabControl	392	item.fluid_tank_lead_full	149	Hazardous Material Tank: Bauxite Solution	render/92d3942ebe980f91c68c59c51b30f8d1
13:tabControl	393	item.fluid_tank_lead_full	150	Hazardous Material Tank: Alumina	render/ccb02db4489a015471c91c7e6e444885
13:tabControl	394	item.fluid_tank_lead_full	152	Hazardous Material Tank: Liquid Concrete	render/6626172257a3557e4d942bf36239567d
13:tabControl	395	item.fluid_tank_lead_full	49	Hazardous Material Tank: Fracking Solution	render/ded80708fc149547bed0a76cd7c1a14c
13:tabControl	396	item.fluid_tank_lead_full	147	Hazardous Material Tank: Lye	render/1d3c5597ea46fb3bf93d2334b65e579e
13:tabControl	397	item.fluid_tank_lead_full	101	Hazardous Material Tank: Phosgene	render/ea2b17d09709f0df5f6eb928ca948713
13:tabControl	398	item.fluid_tank_lead_full	102	Hazardous Material Tank: Mustard Gas	render/8be96424a69612582a0d49b7e5d87f30
13:tabControl	399	item.fluid_tank_lead_full	109	Hazardous Material Tank: Estradiol Solution	render/43e61f1879c4eb4b618c20c22fd82e22
13:tabControl	400	item.fluid_tank_lead_full	112	Hazardous Material Tank: Nitroglycerin	render/aedfbba7f3b56bb490ff5e5a40d83402
13:tabControl	401	item.fluid_tank_lead_full	33	Hazardous Material Tank: Antimatter	render/0fc4847bc9d09609b3abbd521c3cde1b
13:tabControl	402	item.fluid_tank_lead_full	34	Hazardous Material Tank: Antischrabidium	render/3dc03de9d34b3bec1c3ac899e43cff69
13:tabControl	403	item.fluid_tank_lead_full	70	Hazardous Material Tank: Experience Juice	render/77d693ee3393a8cfa7e0df13c654988e
13:tabControl	404	item.fluid_tank_lead_full	71	Hazardous Material Tank: Ender Juice	render/e0d77b36c820aad658f11933af416d61
13:tabControl	405	item.fluid_tank_lead_full	139	Hazardous Material Tank: Stellar Flux	render/53839d0d5a72013fd4071e48ffafad06
13:tabControl	406	item.fluid_tank_lead_full	131	Hazardous Material Tank: Booster Pheromone	render/c595b1f6cf4a82934c87b9a49850251a
13:tabControl	407	item.fluid_tank_lead_full	132	Hazardous Material Tank: Modified Booster Pheromone	render/fcc61d440881c7f3ff4bb4b4c334e71b
13:tabControl	408	item.fluid_tank_lead_full	1000	Hazardous Material Tank: Custom Fluid Demo	render/eab66723dae30e76a6d322c52851b629
13:tabControl	409	item.fluid_barrel_empty	0	Empty Fluid Barrel	render/264932c82f33777a447cab37d49af210
13:tabControl	410	item.fluid_barrel_full	151	Fluid Barrel: Compressed Air	render/011618a2cea7b47147a6a1ceaabb6346
13:tabControl	411	item.fluid_barrel_full	154	Fluid Barrel: Hot Air Blast	render/b7a7785f81dfd4baf253a7d112b4fd07
13:tabControl	412	item.fluid_barrel_full	1	Fluid Barrel: Water	render/37eb90900afd7e7c2ff9835ded1f9f40
13:tabControl	413	item.fluid_barrel_full	60	Fluid Barrel: Heavy Water	render/3ad3cc0b8e89f3e684d18e2c31f4413f
13:tabControl	414	item.fluid_barrel_full	124	Fluid Barrel: Hot Heavy Water	render/d3d2eac2a9cfed1e8e9d474010df9af8
13:tabControl	415	item.fluid_barrel_full	7	Fluid Barrel: Lava	render/fe04801214c873b719d4dbc0532ae4da
13:tabControl	416	item.fluid_barrel_full	2	Fluid Barrel: Steam	render/e783fbb0c51b3562768ff0057a946989
13:tabControl	417	item.fluid_barrel_full	3	Fluid Barrel: Dense Steam	render/448019987fec572eab0869c8cb0e8f70
13:tabControl	418	item.fluid_barrel_full	4	Fluid Barrel: Super Dense Steam	render/1c8b04d98c3e8864a94e83f7011da015
13:tabControl	419	item.fluid_barrel_full	5	Fluid Barrel: Ultra Dense Steam	render/b627682ed406484670fadd4c1fa1852b
13:tabControl	420	item.fluid_barrel_full	55	Fluid Barrel: Carbon Dioxide	render/1b7f3d33e2161ef5bbeb254757f4c214
13:tabControl	421	item.fluid_barrel_full	6	Fluid Barrel: Coolant	render/9bcbe71d85d906ca05f568ea3522da06
13:tabControl	422	item.fluid_barrel_full	76	Fluid Barrel: Hot Coolant	render/0eeb18b5d791715b0f70032b2b976ffd
13:tabControl	423	item.fluid_barrel_full	144	Fluid Barrel: Perfluoromethyl	render/9e51923de2a8e48eec62e09808890cfc
13:tabControl	424	item.fluid_barrel_full	145	Fluid Barrel: Cold Perfluoromethyl	render/e26680b83affba5a3276b6f15fde1fe2
13:tabControl	425	item.fluid_barrel_full	146	Fluid Barrel: Hot Perfluoromethyl	render/50c98a9cd8faebed5dcf4369d1c7d08e
13:tabControl	426	item.fluid_barrel_full	37	Fluid Barrel: Cryogel	render/61ac20a0156c281a123ccefcdb9bc11a
13:tabControl	427	item.fluid_barrel_full	77	Fluid Barrel: Mug Root Beer	render/69c42555b73c40264efafe6a46fe7180
13:tabControl	428	item.fluid_barrel_full	78	Fluid Barrel: Hot Mug Root Beer	render/debf596b4f1e14c0e3a5ac8acd39ad8e
13:tabControl	429	item.fluid_barrel_full	84	Fluid Barrel: Blood	render/55a986c4f77060338b6ef686f95997fc
13:tabControl	430	item.fluid_barrel_full	85	Fluid Barrel: Hot Blood	render/b59b7aef65d25f4190e1435191913c35
13:tabControl	431	item.fluid_barrel_full	125	Fluid Barrel: Liquid Sodium	render/57a9c2ecae005f212c5f169bb653b41d
13:tabControl	432	item.fluid_barrel_full	126	Fluid Barrel: Hot Liquid Sodium	render/bcb3d288679dc7120aba8f87d027f8bf
13:tabControl	433	item.fluid_barrel_full	142	Fluid Barrel: Liquid Lead	render/6e619e803217e6de699f6bc330bac1fb
13:tabControl	434	item.fluid_barrel_full	143	Fluid Barrel: Hot Liquid Lead	render/fbf3c3be5fe65208ea9e2f1cb40bc0a6
13:tabControl	435	item.fluid_barrel_full	127	Fluid Barrel: Liquid Thorium Salt	render/efa9932711ac2554597e3c857c23b71a
13:tabControl	436	item.fluid_barrel_full	128	Fluid Barrel: Hot Liquid Thorium Salt	render/226d98e8c2140ca4b00e1bb664e3abf2
13:tabControl	437	item.fluid_barrel_full	129	Fluid Barrel: Depleted Liquid Thorium Salt	render/4d67867627e3f1858b228e235d3941f0
13:tabControl	438	item.fluid_barrel_full	38	Fluid Barrel: Liquid Hydrogen	render/b4d0f75869415da03e6569440ebbf85d
13:tabControl	439	item.fluid_barrel_full	8	Fluid Barrel: Deuterium	render/184593775675c118d01b6b654ede6425
13:tabControl	440	item.fluid_barrel_full	9	Fluid Barrel: Tritium	render/1f603426a6ad6d0e644270888e1073a7
13:tabControl	441	item.fluid_barrel_full	57	Fluid Barrel: Helium-3	render/262cfd659f1da8b06e96e5d8c2640176
13:tabControl	442	item.fluid_barrel_full	123	Fluid Barrel: Helium-4	render/58db2ef38bbc71df34a34a88b421d6d5
13:tabControl	443	item.fluid_barrel_full	39	Fluid Barrel: Liquid Oxygen	render/f8b0016d99266bef67450ff55293d5fa
13:tabControl	444	item.fluid_barrel_full	40	Fluid Barrel: Xenon Gas	render/a863ea2b07fd74dad37ccf62025e4a31
13:tabControl	445	item.fluid_barrel_full	89	Fluid Barrel: Chlorine Gas	render/b083d29e7828a2f3772c6e9ac9a75889
13:tabControl	446	item.fluid_barrel_full	42	Fluid Barrel: Mercury	render/c402c7309be7a987d05c0d671d9dae13
13:tabControl	447	item.fluid_barrel_full	10	Fluid Barrel: Crude Oil	render/29d9d3e20523861ba030746f2cf9a03f
13:tabControl	448	item.fluid_barrel_full	133	Fluid Barrel: Desulfurized Crude Oil	render/47820fd66cb96cef04a651f2286cec2a
13:tabControl	449	item.fluid_barrel_full	61	Fluid Barrel: Cracked Oil	render/29d9d3e20523861ba030746f2cf9a03f
13:tabControl	450	item.fluid_barrel_full	135	Fluid Barrel: Desulfurized Cracked Oil	render/0e495c2c111d86790fa56211d788d2e3
13:tabControl	451	item.fluid_barrel_full	62	Fluid Barrel: Coal Oil	render/29d9d3e20523861ba030746f2cf9a03f
13:tabControl	452	item.fluid_barrel_full	104	Fluid Barrel: Coker Oil	render/26a9ca5b2f6cc8937e7ef4ce2554d4e0
13:tabControl	453	item.fluid_barrel_full	11	Fluid Barrel: Hot Crude Oil	render/e385283c7f23472bd307a56f76003e21
13:tabControl	454	item.fluid_barrel_full	134	Fluid Barrel: Desulfurized Hot Crude Oil	render/0ad263a9ffb72a429868e01cf8d70e13
13:tabControl	455	item.fluid_barrel_full	63	Fluid Barrel: Hot Cracked Oil	render/e385283c7f23472bd307a56f76003e21
13:tabControl	456	item.fluid_barrel_full	136	Fluid Barrel: Desulfurized Hot Cracked Oil	render/33d23e9b04d105fae31fbef0f3210a3f
13:tabControl	457	item.fluid_barrel_full	12	Fluid Barrel: Heavy Oil	render/030dab7c7d57ab79f363a5e0692b6a48
13:tabControl	458	item.fluid_barrel_full	90	Fluid Barrel: Vacuum Heavy Oil	render/9c6a590e6a22ea1baf9b10486f39939a
13:tabControl	459	item.fluid_barrel_full	19	Fluid Barrel: Naphtha	render/0087da8feb4f69004c01d0c647b5b0c6
13:tabControl	460	item.fluid_barrel_full	137	Fluid Barrel: Desulfurized Naphtha	render/2ec574483d96b1d312a6daedf951304e
13:tabControl	461	item.fluid_barrel_full	64	Fluid Barrel: Cracked Naphtha	render/0087da8feb4f69004c01d0c647b5b0c6
13:tabControl	462	item.fluid_barrel_full	105	Fluid Barrel: Coker Naphtha	render/4ae55315e164239d1276c04398f4c2be
13:tabControl	463	item.fluid_barrel_full	91	Fluid Barrel: Reformate	render/a3bb94c863b8f75d8cc2273d4a1c2863
13:tabControl	464	item.fluid_barrel_full	21	Fluid Barrel: Light Oil	render/40921fb417d49201b07a45c758a7b057
13:tabControl	465	item.fluid_barrel_full	138	Fluid Barrel: Desulfurized Light Oil	render/331833dedc9076ed46fb45c379d1f64b
13:tabControl	466	item.fluid_barrel_full	65	Fluid Barrel: Cracked Light Oil	render/40921fb417d49201b07a45c758a7b057
13:tabControl	467	item.fluid_barrel_full	92	Fluid Barrel: Vacuum Light Oil	render/03a2dd8029bb6ab22ee682d236620883
13:tabControl	468	item.fluid_barrel_full	13	Fluid Barrel: Bitumen	render/17e09817fd20176f2e66b4e7fdaabbf0
13:tabControl	469	item.fluid_barrel_full	14	Fluid Barrel: Industrial Oil	render/9ae92d6eb3bdd99461131c0f479080b7
13:tabControl	470	item.fluid_barrel_full	15	Fluid Barrel: Heating Oil	render/ade9bd8672d5a366cc820f61343a90c3
13:tabControl	471	item.fluid_barrel_full	95	Fluid Barrel: Heavy Heating Oil	render/5fe01be10307a0bb9331b559c67e0c49
13:tabControl	472	item.fluid_barrel_full	16	Fluid Barrel: Reclaimed Industrial Oil	render/a264fa0328a7747f4f9cb7ae39e270e7
13:tabControl	473	item.fluid_barrel_full	18	Fluid Barrel: Engine Lubricant	render/6296388d5c9758a3b64168b196245933
13:tabControl	474	item.fluid_barrel_full	155	Fluid Barrel: Flue Gas	render/cb26c7e5664d2f7ad2be57d56d02d27c
13:tabControl	475	item.fluid_barrel_full	23	Fluid Barrel: Natural Gas	render/2543e052311a40cf4223f6f7a99d46a8
13:tabControl	476	item.fluid_barrel_full	106	Fluid Barrel: Coker Gas	render/9508b82c7e629ecbdd03bfb3a6be6f3a
13:tabControl	477	item.fluid_barrel_full	24	Fluid Barrel: Petroleum Gas	render/926f31ed10a3388055d6fa7f78c95404
13:tabControl	478	item.fluid_barrel_full	93	Fluid Barrel: Sour Gas	render/4d4faf3d00676c02fd5237c7ad1e39b4
13:tabControl	479	item.fluid_barrel_full	25	Fluid Barrel: LPG	render/7f9222a2fdbdabcc9771f2e897aa8b44
13:tabControl	480	item.fluid_barrel_full	86	Fluid Barrel: Syngas	render/cb26c7e5664d2f7ad2be57d56d02d27c
13:tabControl	481	item.fluid_barrel_full	87	Fluid Barrel: Oxyhydrogen	render/5b13e53d68c1f8d85fea2a87be36c9b6
13:tabControl	482	item.fluid_barrel_full	67	Fluid Barrel: Aromatic Hydrocarbons	render/9ead81c436989c2088f81b3c87ed33e0
13:tabControl	483	item.fluid_barrel_full	68	Fluid Barrel: Unsaturated Hydrocarbons	render/ee0cc2f5744f0e2f64e05ef1bfc4aa6f
13:tabControl	484	item.fluid_barrel_full	94	Fluid Barrel: BTX	render/2df889746b1381ad81a6bc929975edd4
13:tabControl	485	item.fluid_barrel_full	99	Fluid Barrel: Reformate Gas	render/50c6ace54f5ac1eed8e9b465d8a2f4d2
13:tabControl	486	item.fluid_barrel_full	20	Fluid Barrel: Diesel	render/baed32b73dc974abb29134690d9155bb
13:tabControl	487	item.fluid_barrel_full	96	Fluid Barrel: High-Cetane Diesel	render/42c418af2afc7c2f616aa7eafaaa3472
13:tabControl	488	item.fluid_barrel_full	66	Fluid Barrel: Cracked Diesel	render/baed32b73dc974abb29134690d9155bb
13:tabControl	489	item.fluid_barrel_full	97	Fluid Barrel: High-Cetane Cracked Diesel	render/a824f0b154927e1f9fb74ac4e848224e
13:tabControl	490	item.fluid_barrel_full	22	Fluid Barrel: Kerosene	render/4131d28eaf8953b0b642b6a16689158c
13:tabControl	491	item.fluid_barrel_full	98	Fluid Barrel: Jet Fuel	render/095d5e3beac6bb1005d6660612a683bb
13:tabControl	492	item.fluid_barrel_full	17	Fluid Barrel: Petroil	render/a1222333657bff1232ce4c56c0b9f678
13:tabControl	493	item.fluid_barrel_full	72	Fluid Barrel: Leaded Petroil	render/a1222333657bff1232ce4c56c0b9f678
13:tabControl	494	item.fluid_barrel_full	46	Fluid Barrel: Gasoline	render/f078a6bd29897322cdbda560b42f4700
13:tabControl	495	item.fluid_barrel_full	73	Fluid Barrel: Leaded Gasoline	render/f078a6bd29897322cdbda560b42f4700
13:tabControl	496	item.fluid_barrel_full	47	Fluid Barrel: Coal Gasoline	render/f078a6bd29897322cdbda560b42f4700
13:tabControl	497	item.fluid_barrel_full	74	Fluid Barrel: Leaded Coal Gasoline	render/f078a6bd29897322cdbda560b42f4700
13:tabControl	498	item.fluid_barrel_full	80	Fluid Barrel: Coal Tar Creosote	render/7702544cbfc0f78402155b6e430bc75c
13:tabControl	499	item.fluid_barrel_full	79	Fluid Barrel: Wood Oil	render/030faf07972e7318b4cb868d0344e829
13:tabControl	500	item.fluid_barrel_full	26	Fluid Barrel: Biogas	render/f0df5b1ae81c70281bec9eab4fe1df1d
13:tabControl	501	item.fluid_barrel_full	27	Fluid Barrel: Biofuel	render/0cf489f0f6aaede4f6f86d7c548141cf
13:tabControl	502	item.fluid_barrel_full	59	Fluid Barrel: Ethanol	render/947cfeb32952976c7c8305c119291ac3
13:tabControl	503	item.fluid_barrel_full	110	Fluid Barrel: Fish Oil	render/700098e3a60a45a8e0a9c62f8d3c41da
13:tabControl	504	item.fluid_barrel_full	111	Fluid Barrel: Sunflower Seed Oil	render/9fb46449e0d9df5661875c1175a40a9f
13:tabControl	505	item.fluid_barrel_full	28	Fluid Barrel: NITAN© 100 Octane Super Fuel	render/c912d88244bcb507d0434058db471818
13:tabControl	506	item.fluid_barrel_full	153	Fluid Barrel: Deuterated Hydrocarbon	render/0744fe97dfa23175b8156097010906c8
13:tabControl	507	item.fluid_barrel_full	41	Fluid Barrel: BF Rocket Fuel	render/0e6caabc778733fec7abad34a57e72dc
13:tabControl	508	item.fluid_barrel_full	69	Fluid Barrel: Salient Green	render/94c68089648f7a67fee7c6626a53b033
13:tabControl	509	item.fluid_barrel_full	81	Fluid Barrel: Seeding Slurry	render/17ee9fa8524641cb32c8b2cbe31fd77a
13:tabControl	510	item.fluid_barrel_full	100	Fluid Barrel: Colloid	render/e601f6206826106e6bddef00883acf96
13:tabControl	511	item.fluid_barrel_full	140	Fluid Barrel: Vitriol	render/bb85e1ab5635652ad7d5cf3bc75e998c
13:tabControl	512	item.fluid_barrel_full	141	Fluid Barrel: Ore Slop	render/f506a37efa2e866917b279475c9e279e
13:tabControl	513	item.fluid_barrel_full	103	Fluid Barrel: Ionic Gel	render/333a432c0985df3c75abbd1caf3ab4bc
13:tabControl	514	item.fluid_barrel_full	35	Fluid Barrel: Hydrogen Peroxide	render/0c73f195551194ade979272e46067102
13:tabControl	515	item.fluid_barrel_full	75	Fluid Barrel: Sulfuric Acid	render/36e13852f43b7ebca4495b28167481da
13:tabControl	516	item.fluid_barrel_full	82	Fluid Barrel: Nitric Acid	render/38a6427bcc356f6a4d87d8dacb1c1a4e
13:tabControl	517	item.fluid_barrel_full	83	Fluid Barrel: Solvent	render/33f8af93af9eaf4550c36aa7110fd3ca
13:tabControl	518	item.fluid_barrel_full	88	Fluid Barrel: High-Performance Solvent	render/be68ef8726f3ff029645d4688f930f68
13:tabControl	519	item.fluid_barrel_full	32	Fluid Barrel: Schrabidic Acid	render/99765b3fcc473c138f113b366cbc13b1
13:tabControl	520	item.fluid_barrel_full	29	Fluid Barrel: Uranium Hexafluoride	render/0f79e4f24e74ece8bb2c23c2361a9be7
13:tabControl	521	item.fluid_barrel_full	30	Fluid Barrel: Plutonium Hexafluoride	render/956d0763accafc81e91a529fc094d4eb
13:tabControl	522	item.fluid_barrel_full	31	Fluid Barrel: Schrabidium Trisulfide	render/c4dd37256c0e353c91573429f8e48f5b
13:tabControl	523	item.fluid_barrel_full	43	Fluid Barrel: Pandemonium(III)tantalite Solution	render/59d4c0b5ef9d249f3b2a8489268adc3d
13:tabControl	524	item.fluid_barrel_full	36	Fluid Barrel: Poisonous Mud	render/6b9e51f3928c903b28f59bb346c626d4
13:tabControl	525	item.fluid_barrel_full	130	Fluid Barrel: Fullerene Solution	render/600ee6705f403664cba73f4e278108ff
13:tabControl	526	item.fluid_barrel_full	107	Fluid Barrel: Dissolved Egg	render/6abce6035530a469600f179fb4c52118
13:tabControl	527	item.fluid_barrel_full	108	Fluid Barrel: Cholesterol Solution	render/fee490d2be0976876649d528455e421a
13:tabControl	528	item.fluid_barrel_full	148	Fluid Barrel: Sodium Aluminate	render/e522c735905e228a511a5fe9f32ac147
13:tabControl	529	item.fluid_barrel_full	149	Fluid Barrel: Bauxite Solution	render/ba5c1c55c1c72cb71adb67d88c5d7700
13:tabControl	530	item.fluid_barrel_full	150	Fluid Barrel: Alumina	render/fc3d26dcc05d680d19d3dba162d2caca
13:tabControl	531	item.fluid_barrel_full	152	Fluid Barrel: Liquid Concrete	render/b8f0dcbaf2db234c6452a5aa5fea13ab
13:tabControl	532	item.fluid_barrel_full	49	Fluid Barrel: Fracking Solution	render/1ed2f20d2553d9e4ab3519e0c03106ff
13:tabControl	533	item.fluid_barrel_full	147	Fluid Barrel: Lye	render/0a6363d93e021c6a3cdfd1747ffcae7e
13:tabControl	534	item.fluid_barrel_full	101	Fluid Barrel: Phosgene	render/bc5a4b2ad9b85d78459537d1981dc86d
13:tabControl	535	item.fluid_barrel_full	102	Fluid Barrel: Mustard Gas	render/b083d29e7828a2f3772c6e9ac9a75889
13:tabControl	536	item.fluid_barrel_full	109	Fluid Barrel: Estradiol Solution	render/735f38e367823c6024822c8609e2ad79
13:tabControl	537	item.fluid_barrel_full	112	Fluid Barrel: Nitroglycerin	render/1386a02089b62db13e5e0ac3bcc0626f
13:tabControl	538	item.fluid_barrel_full	33	Fluid Barrel: Antimatter	render/fa17f9eb2d502821e421d08836b39f50
13:tabControl	539	item.fluid_barrel_full	34	Fluid Barrel: Antischrabidium	render/eb181c8c251405a40ea12a899fcb052e
13:tabControl	540	item.fluid_barrel_full	70	Fluid Barrel: Experience Juice	render/d7b85447d744435b8dfca35788c280af
13:tabControl	541	item.fluid_barrel_full	71	Fluid Barrel: Ender Juice	render/799e3a07f047f63e15784b104adbb240
13:tabControl	542	item.fluid_barrel_full	139	Fluid Barrel: Stellar Flux	render/1157071408d8680fe5172ee7f328cd5d
13:tabControl	543	item.fluid_barrel_full	131	Fluid Barrel: Booster Pheromone	render/e8f2a0a000856ae81fc50d20d278ce5b
13:tabControl	544	item.fluid_barrel_full	132	Fluid Barrel: Modified Booster Pheromone	render/77c2e3714447ab869fe4ba43b52b5491
13:tabControl	545	item.fluid_barrel_full	1000	Fluid Barrel: Custom Fluid Demo	render/be0cd6582326d2115ed0a2c70adb5783
13:tabControl	546	item.fluid_barrel_infinite	0	Infinite Fluid Barrel	render/f40d3ffecb90481713d9192157c202b3
13:tabControl	547	item.fluid_pack_empty	0	Large Fluid Container	render/c0fa559a241bd8260c349a0298f54d24
13:tabControl	548	item.fluid_pack_full	151	Packaged Compressed Air	render/77d20b6ce38e6f9aaf3a2ca227e9f015
13:tabControl	549	item.fluid_pack_full	154	Packaged Hot Air Blast	render/07796949cf2c8900b6c4a4c2be5d2f5b
13:tabControl	550	item.fluid_pack_full	1	Packaged Water	render/fdd3271617e54a13c119737613a8ed8d
13:tabControl	551	item.fluid_pack_full	60	Packaged Heavy Water	render/9e90bfbd3be2a7c5798282e3ba83e4e1
13:tabControl	552	item.fluid_pack_full	124	Packaged Hot Heavy Water	render/a8bf52f2658062778e4bd772af00c6df
13:tabControl	553	item.fluid_pack_full	7	Packaged Lava	render/24ccf7c3c56aa480902cbe741a6fff34
13:tabControl	554	item.fluid_pack_full	2	Packaged Steam	render/0ee4ea684441cacfa9313fe6bbf37b3b
13:tabControl	555	item.fluid_pack_full	3	Packaged Dense Steam	render/3eb607641a2a2b68b78263897b262d53
13:tabControl	556	item.fluid_pack_full	4	Packaged Super Dense Steam	render/7f9c165477685ff6793758c21eb90d62
13:tabControl	557	item.fluid_pack_full	5	Packaged Ultra Dense Steam	render/28b4958f150c46e3b9d006a306f063a4
13:tabControl	558	item.fluid_pack_full	55	Packaged Carbon Dioxide	render/c0e481ef98b33fe83079018c064499a9
13:tabControl	559	item.fluid_pack_full	6	Packaged Coolant	render/f50f272f1648f9c3f750a3bb0ba89027
13:tabControl	560	item.fluid_pack_full	76	Packaged Hot Coolant	render/d171f470613c678646f24ce9f5a7e6cd
13:tabControl	561	item.fluid_pack_full	144	Packaged Perfluoromethyl	render/2315365dece43d7b7dbeb4b27c8f4f2d
13:tabControl	562	item.fluid_pack_full	145	Packaged Cold Perfluoromethyl	render/e067e75a7d21abcef16b1dce9aa20598
13:tabControl	563	item.fluid_pack_full	146	Packaged Hot Perfluoromethyl	render/2d331f9055964bcc166c995faeb71afc
13:tabControl	564	item.fluid_pack_full	37	Packaged Cryogel	render/a00cec52098341b8324ab3fc4dd4ebee
13:tabControl	565	item.fluid_pack_full	77	Packaged Mug Root Beer	render/94dcd77d9ca66c3232ac10a186f31fd8
13:tabControl	566	item.fluid_pack_full	78	Packaged Hot Mug Root Beer	render/5d73c2cfb37359f75e758f7d39177ed9
13:tabControl	567	item.fluid_pack_full	84	Packaged Blood	render/405b014545d2c6b00bc6da20d299f7ac
13:tabControl	568	item.fluid_pack_full	85	Packaged Hot Blood	render/d124736f07d849562a279a4c5bfc9aff
13:tabControl	569	item.fluid_pack_full	125	Packaged Liquid Sodium	render/82cd8815472285928d9a9d6baefa9a98
13:tabControl	570	item.fluid_pack_full	126	Packaged Hot Liquid Sodium	render/b65640254f7bcbe927d1942f418f48bf
13:tabControl	571	item.fluid_pack_full	142	Packaged Liquid Lead	render/c99e6e40a4f7d60aa2f81988bcb98ae4
13:tabControl	572	item.fluid_pack_full	143	Packaged Hot Liquid Lead	render/ccd2bf2b6abad83253ae5a8101752b07
13:tabControl	573	item.fluid_pack_full	127	Packaged Liquid Thorium Salt	render/c2005883fcaec513dfd92e7107d2f7c6
13:tabControl	574	item.fluid_pack_full	128	Packaged Hot Liquid Thorium Salt	render/0e409cd96a00a171f1657ec14e299d89
13:tabControl	575	item.fluid_pack_full	129	Packaged Depleted Liquid Thorium Salt	render/51bdba2a4391493978642b522ee73c8b
13:tabControl	576	item.fluid_pack_full	38	Packaged Liquid Hydrogen	render/5c55a33628651049e80d095c1df2d397
13:tabControl	577	item.fluid_pack_full	8	Packaged Deuterium	render/da03693b75fea1f9abe4715172a4d762
13:tabControl	578	item.fluid_pack_full	9	Packaged Tritium	render/de655a25ad9eb9ff7a2d826a1c66ad48
13:tabControl	579	item.fluid_pack_full	57	Packaged Helium-3	render/a572afc2f1974d227c194cbdd3df6a35
13:tabControl	580	item.fluid_pack_full	123	Packaged Helium-4	render/c040715d2edf860c6430588a4adb3c6e
13:tabControl	581	item.fluid_pack_full	39	Packaged Liquid Oxygen	render/cda4ecaf6ddc849a85e1fd97a5da1f94
13:tabControl	582	item.fluid_pack_full	40	Packaged Xenon Gas	render/0cc018425be7c90db8c2a25a41ca4355
13:tabControl	583	item.fluid_pack_full	89	Packaged Chlorine Gas	render/4cd41f555e0dbfdf409a229096933b05
13:tabControl	584	item.fluid_pack_full	42	Packaged Mercury	render/75f6e698440d39b4dfe128518b1735ba
13:tabControl	585	item.fluid_pack_full	10	Packaged Crude Oil	render/bb31f1afcbab10d7131a907eb9ba5984
13:tabControl	586	item.fluid_pack_full	133	Packaged Desulfurized Crude Oil	render/188e3db473ca16162b861b56cb14c4cb
13:tabControl	587	item.fluid_pack_full	61	Packaged Cracked Oil	render/bb31f1afcbab10d7131a907eb9ba5984
13:tabControl	588	item.fluid_pack_full	135	Packaged Desulfurized Cracked Oil	render/0658a56aeddcd863296b604620e908e2
13:tabControl	589	item.fluid_pack_full	62	Packaged Coal Oil	render/bb31f1afcbab10d7131a907eb9ba5984
13:tabControl	590	item.fluid_pack_full	104	Packaged Coker Oil	render/8c6c6bf9a549fa2b7ee0fd6f81aae159
13:tabControl	591	item.fluid_pack_full	11	Packaged Hot Crude Oil	render/9a9774b4113dca694cd50553fe8f6218
13:tabControl	592	item.fluid_pack_full	134	Packaged Desulfurized Hot Crude Oil	render/c40fab9688465a914785966b7476f532
13:tabControl	593	item.fluid_pack_full	63	Packaged Hot Cracked Oil	render/9a9774b4113dca694cd50553fe8f6218
13:tabControl	594	item.fluid_pack_full	136	Packaged Desulfurized Hot Cracked Oil	render/20bdae2717674d9cb6808da5eb4f1205
13:tabControl	595	item.fluid_pack_full	12	Packaged Heavy Oil	render/8f53dda801c984a5938fce9479b7ec5a
13:tabControl	596	item.fluid_pack_full	90	Packaged Vacuum Heavy Oil	render/90f776726c7b7deb9150aafc7dfdc405
13:tabControl	597	item.fluid_pack_full	19	Packaged Naphtha	render/2c317fd4f3f922dbde564fd0900d018f
13:tabControl	598	item.fluid_pack_full	137	Packaged Desulfurized Naphtha	render/08933100116de4e6b35b65a46f9349d7
13:tabControl	599	item.fluid_pack_full	64	Packaged Cracked Naphtha	render/2c317fd4f3f922dbde564fd0900d018f
13:tabControl	600	item.fluid_pack_full	105	Packaged Coker Naphtha	render/98a2e5417c0b201bbbcac2df1dd4af63
13:tabControl	601	item.fluid_pack_full	91	Packaged Reformate	render/e2b8be826c698e882c2984a2b88a2f5c
13:tabControl	602	item.fluid_pack_full	21	Packaged Light Oil	render/902f10534aa4126051b8a5a8f0a31a89
13:tabControl	603	item.fluid_pack_full	138	Packaged Desulfurized Light Oil	render/3c72fbbc6d3c8e9ad442a8cf25f696ff
13:tabControl	604	item.fluid_pack_full	65	Packaged Cracked Light Oil	render/902f10534aa4126051b8a5a8f0a31a89
13:tabControl	605	item.fluid_pack_full	92	Packaged Vacuum Light Oil	render/1b53750b2fe2572f1bd7ebf6a6d9d5be
13:tabControl	606	item.fluid_pack_full	13	Packaged Bitumen	render/fe463657134369a4e9641c44b27e6b0e
13:tabControl	607	item.fluid_pack_full	14	Packaged Industrial Oil	render/8913d460c3d93c6e59f2655d775cb6e1
13:tabControl	608	item.fluid_pack_full	15	Packaged Heating Oil	render/ea40993416dc31b270ddbb1c7536ced4
13:tabControl	609	item.fluid_pack_full	95	Packaged Heavy Heating Oil	render/2084e92688a4b0ab663c8e8884aa9fe0
13:tabControl	610	item.fluid_pack_full	16	Packaged Reclaimed Industrial Oil	render/1183c21ab7aa592c6bbd2b03aa79159d
13:tabControl	611	item.fluid_pack_full	18	Packaged Engine Lubricant	render/63b5e43fe8faa711bf957305a3d4546f
13:tabControl	612	item.fluid_pack_full	155	Packaged Flue Gas	render/f50fdfe088d31260e4107d23f9293787
13:tabControl	613	item.fluid_pack_full	23	Packaged Natural Gas	render/eea5099f521c708df35a78d11b43df73
13:tabControl	614	item.fluid_pack_full	106	Packaged Coker Gas	render/8b9b294263dda5e2ffbf815a229b3a01
13:tabControl	615	item.fluid_pack_full	24	Packaged Petroleum Gas	render/51284e2fe5a0ecbe98eafb2da3dbc10a
13:tabControl	616	item.fluid_pack_full	93	Packaged Sour Gas	render/e1c8fa45beafc6d662edd068ffe5b383
13:tabControl	617	item.fluid_pack_full	25	Packaged LPG	render/f6444f913f7e9165e246cca954ac9c44
13:tabControl	618	item.fluid_pack_full	86	Packaged Syngas	render/f50fdfe088d31260e4107d23f9293787
13:tabControl	619	item.fluid_pack_full	87	Packaged Oxyhydrogen	render/9455e88f3d453012e141409c12b8f352
13:tabControl	620	item.fluid_pack_full	67	Packaged Aromatic Hydrocarbons	render/3003da87140991ad5cce4eb185894298
13:tabControl	621	item.fluid_pack_full	68	Packaged Unsaturated Hydrocarbons	render/6dfa56fc1516cc342391b170e0dc270e
13:tabControl	622	item.fluid_pack_full	94	Packaged BTX	render/ad56690c8aec761111d7c3f7f02211b1
13:tabControl	623	item.fluid_pack_full	99	Packaged Reformate Gas	render/34d77c0e0f50671de7fa423c3f90f949
13:tabControl	624	item.fluid_pack_full	20	Packaged Diesel	render/92dd5dd9485a1216baa646ab305ce5e7
13:tabControl	625	item.fluid_pack_full	96	Packaged High-Cetane Diesel	render/803d4fced80ba4d77549087d38dd19ac
13:tabControl	626	item.fluid_pack_full	66	Packaged Cracked Diesel	render/92dd5dd9485a1216baa646ab305ce5e7
13:tabControl	627	item.fluid_pack_full	97	Packaged High-Cetane Cracked Diesel	render/a9af1a8eac99f442ba108061a582f717
13:tabControl	628	item.fluid_pack_full	22	Packaged Kerosene	render/866444e6ee97bbf84edcef8a3b01ed1d
13:tabControl	629	item.fluid_pack_full	98	Packaged Jet Fuel	render/98daa23004d3185bd7033e1334ac5938
13:tabControl	630	item.fluid_pack_full	17	Packaged Petroil	render/e3964e0a8d48bd6064051904f8ec5694
13:tabControl	631	item.fluid_pack_full	72	Packaged Leaded Petroil	render/e3964e0a8d48bd6064051904f8ec5694
13:tabControl	632	item.fluid_pack_full	46	Packaged Gasoline	render/8c4ba331d3c5a55f8a7363772212b5ee
13:tabControl	633	item.fluid_pack_full	73	Packaged Leaded Gasoline	render/8c4ba331d3c5a55f8a7363772212b5ee
13:tabControl	634	item.fluid_pack_full	47	Packaged Coal Gasoline	render/8c4ba331d3c5a55f8a7363772212b5ee
13:tabControl	635	item.fluid_pack_full	74	Packaged Leaded Coal Gasoline	render/8c4ba331d3c5a55f8a7363772212b5ee
13:tabControl	636	item.fluid_pack_full	80	Packaged Coal Tar Creosote	render/4c98a58398371eb0012db5ef45d9c3bd
13:tabControl	637	item.fluid_pack_full	79	Packaged Wood Oil	render/88febf95780f730de384a2b4cc4aac04
13:tabControl	638	item.fluid_pack_full	26	Packaged Biogas	render/0df3818d3fd6890224f8cd50adf8f7b0
13:tabControl	639	item.fluid_pack_full	27	Packaged Biofuel	render/75ff1489ce571108e0a7ae71d8d013cc
13:tabControl	640	item.fluid_pack_full	59	Packaged Ethanol	render/60b9352d4bc794ceab322e4d6a4afbe1
13:tabControl	641	item.fluid_pack_full	110	Packaged Fish Oil	render/6fac0bbc53d2df2e67bdcc12ab9cc050
13:tabControl	642	item.fluid_pack_full	111	Packaged Sunflower Seed Oil	render/e1513253d8ecf4b422f35673a9a2c1c8
13:tabControl	643	item.fluid_pack_full	28	Packaged NITAN© 100 Octane Super Fuel	render/67875153a0b1864d601fb5752c04791f
13:tabControl	644	item.fluid_pack_full	153	Packaged Deuterated Hydrocarbon	render/baf251a2792f99d23aa8d2451c1bf1f2
13:tabControl	645	item.fluid_pack_full	41	Packaged BF Rocket Fuel	render/368f6ed5e3677efd1e9d5fc6601d617c
13:tabControl	646	item.fluid_pack_full	69	Packaged Salient Green	render/ce51616531bded4b695697d31e0ef0bf
13:tabControl	647	item.fluid_pack_full	81	Packaged Seeding Slurry	render/884787b4d3f8c5e6c80a93a7597585d6
13:tabControl	648	item.fluid_pack_full	100	Packaged Colloid	render/26151325e9c8af05c71a76b1bf74c19d
13:tabControl	649	item.fluid_pack_full	140	Packaged Vitriol	render/ac72f8b41ed94c8266de0cef94056d1a
13:tabControl	650	item.fluid_pack_full	141	Packaged Ore Slop	render/2073dea9b7b668a3d4b2d5d3e9f1d531
13:tabControl	651	item.fluid_pack_full	103	Packaged Ionic Gel	render/2289b5d8113c8385ae24620ef555270e
13:tabControl	652	item.fluid_pack_full	35	Packaged Hydrogen Peroxide	render/3dacbbbe99b615bc069791f9366bb6f9
13:tabControl	653	item.fluid_pack_full	75	Packaged Sulfuric Acid	render/38b8a1d7c5ea1e05c4fd2c36af494717
13:tabControl	654	item.fluid_pack_full	82	Packaged Nitric Acid	render/f11147890cade9552ff5cd1c9ba4b9b6
13:tabControl	655	item.fluid_pack_full	83	Packaged Solvent	render/d7c9b7e3aaecef3e6392f0c99648e3bb
13:tabControl	656	item.fluid_pack_full	88	Packaged High-Performance Solvent	render/badd249f927d4a1ca4953b6e5683d795
13:tabControl	657	item.fluid_pack_full	32	Packaged Schrabidic Acid	render/a140b9bf151f3b9f7dd26fc1496b69cc
13:tabControl	658	item.fluid_pack_full	29	Packaged Uranium Hexafluoride	render/ae3a1cad43fe2890cd51d8ac1544828c
13:tabControl	659	item.fluid_pack_full	30	Packaged Plutonium Hexafluoride	render/4de2ade2e39006e441512779dae18905
13:tabControl	660	item.fluid_pack_full	31	Packaged Schrabidium Trisulfide	render/53ce6f1ab83000d9070fb76f60036c65
13:tabControl	661	item.fluid_pack_full	43	Packaged Pandemonium(III)tantalite Solution	render/a81645e31d238955f331023b112c0ab3
13:tabControl	662	item.fluid_pack_full	36	Packaged Poisonous Mud	render/15732a6eb525fca53c3af2921d7bcfc0
13:tabControl	663	item.fluid_pack_full	130	Packaged Fullerene Solution	render/8edf0e57ea291ade6d8a76e7cf2edb6d
13:tabControl	664	item.fluid_pack_full	107	Packaged Dissolved Egg	render/839fd2be4217ffa2e1a6e1e9c466b7a9
13:tabControl	665	item.fluid_pack_full	108	Packaged Cholesterol Solution	render/eb931b387974400031607bfbc91b3fef
13:tabControl	666	item.fluid_pack_full	148	Packaged Sodium Aluminate	render/3d60838e5e9b84b86973dace4652c5e7
13:tabControl	667	item.fluid_pack_full	149	Packaged Bauxite Solution	render/1c610cf58ec157528e6f866897fbe0e0
13:tabControl	668	item.fluid_pack_full	150	Packaged Alumina	render/4b2637253f057ae0dcbed8d10717152d
13:tabControl	669	item.fluid_pack_full	152	Packaged Liquid Concrete	render/9c248b49415ecb65ffe88f2d1aaf7ebd
13:tabControl	670	item.fluid_pack_full	49	Packaged Fracking Solution	render/bb9e81197f6420ca9e048ce299878e86
13:tabControl	671	item.fluid_pack_full	147	Packaged Lye	render/41fd4065397dd29ec25b14f752e30514
13:tabControl	672	item.fluid_pack_full	101	Packaged Phosgene	render/aa4162cc8e84adb9a49886b90f70562c
13:tabControl	673	item.fluid_pack_full	102	Packaged Mustard Gas	render/4cd41f555e0dbfdf409a229096933b05
13:tabControl	674	item.fluid_pack_full	109	Packaged Estradiol Solution	render/30dc9f393d644493cc9cdc6975dac129
13:tabControl	675	item.fluid_pack_full	112	Packaged Nitroglycerin	render/9761b056f401d35372272de8f04f7fb4
13:tabControl	676	item.fluid_pack_full	33	Packaged Antimatter	render/55ed6b7dfd4ce7704d14ca2e67353ba1
13:tabControl	677	item.fluid_pack_full	34	Packaged Antischrabidium	render/c11289c73aa6ef77f01e00943939762d
13:tabControl	678	item.fluid_pack_full	70	Packaged Experience Juice	render/afc360cd21befc607a59591ef766dd79
13:tabControl	679	item.fluid_pack_full	71	Packaged Ender Juice	render/1b352ecd7b0eedab31ff3de702c55fdf
13:tabControl	680	item.fluid_pack_full	139	Packaged Stellar Flux	render/35eecdf50fe3edaf2ad83a6c623c4b05
13:tabControl	681	item.fluid_pack_full	131	Packaged Booster Pheromone	render/b74cb351821940b29b56751821fc2c4e
13:tabControl	682	item.fluid_pack_full	132	Packaged Modified Booster Pheromone	render/74bae09fe69521d5f83362780ed2fc7d
13:tabControl	683	item.fluid_pack_full	1000	Packaged Custom Fluid Demo	render/5a49f34a448e418852744919199da014
13:tabControl	684	item.pipette	0	Pipette	render/30887ee47fe8ebee1703f74cfc844b78
13:tabControl	685	item.pipette_boron	0	Boron Pipette	render/fc377b2eaef510154bb7599957f1c61b
13:tabControl	686	item.pipette_laboratory	0	Laboratory Grade Pipette	render/d83ad2f7f3b3ed882a2cc05f622bc463
13:tabControl	687	item.siphon	0	Siphon	render/ee62a708563728626c6f6fe9433ea4f1
13:tabControl	688	item.battery_pack	0	Redstone Battery	render/48cd1b9b970742841fd67124c196759a__machines_battery__machines_battery_redstone__battery
13:tabControl	689	item.battery_pack	0	Redstone Battery	render/48cd1b9b970742841fd67124c196759a__machines_battery__machines_battery_redstone__battery
13:tabControl	690	item.battery_pack	1	Lead-Acid Battery	render/1d0db140ebe6ecc8b9ff90b222363eeb__machines_battery__machines_battery_lead__battery
13:tabControl	691	item.battery_pack	1	Lead-Acid Battery	render/1d0db140ebe6ecc8b9ff90b222363eeb__machines_battery__machines_battery_lead__battery
13:tabControl	692	item.battery_pack	2	Lithium-Ion Battery	render/ffdd700dacca9e94c7a8c1f4cef1cfac__machines_battery__machines_battery_lithium__battery
13:tabControl	693	item.battery_pack	2	Lithium-Ion Battery	render/ffdd700dacca9e94c7a8c1f4cef1cfac__machines_battery__machines_battery_lithium__battery
13:tabControl	694	item.battery_pack	3	Sodium-Iron Battery	render/e9aa7f0f27490d566ad0e064425595d6__machines_battery__machines_battery_sodium__battery
13:tabControl	695	item.battery_pack	3	Sodium-Iron Battery	render/e9aa7f0f27490d566ad0e064425595d6__machines_battery__machines_battery_sodium__battery
13:tabControl	696	item.battery_pack	4	Schrabidium Battery	render/ba6cda006c207bbd15b96eb410558d79__machines_battery__machines_battery_schrabidium__battery
13:tabControl	697	item.battery_pack	4	Schrabidium Battery	render/ba6cda006c207bbd15b96eb410558d79__machines_battery__machines_battery_schrabidium__battery
13:tabControl	698	item.battery_pack	5	Quantum Battery	render/6965e046120fe92676c9a30d4d5c01a8__machines_battery__machines_battery_quantum__battery
13:tabControl	699	item.battery_pack	5	Quantum Battery	render/6965e046120fe92676c9a30d4d5c01a8__machines_battery__machines_battery_quantum__battery
13:tabControl	700	item.battery_pack	6	Copper Capacitor	render/033a7f437b4bbc54b03b69afbacfb6fb__machines_battery__machines_capacitor_copper__capacitor
13:tabControl	701	item.battery_pack	6	Copper Capacitor	render/033a7f437b4bbc54b03b69afbacfb6fb__machines_battery__machines_capacitor_copper__capacitor
13:tabControl	702	item.battery_pack	7	Gold Capacitor	render/017b0b4ac34d81699128c556b48756e2__machines_battery__machines_capacitor_gold__capacitor
13:tabControl	703	item.battery_pack	7	Gold Capacitor	render/017b0b4ac34d81699128c556b48756e2__machines_battery__machines_capacitor_gold__capacitor
13:tabControl	704	item.battery_pack	8	Niobium Capacitor	render/77c46b638a9d8879cd56f29233642687__machines_battery__machines_capacitor_niobium__capacitor
13:tabControl	705	item.battery_pack	8	Niobium Capacitor	render/77c46b638a9d8879cd56f29233642687__machines_battery__machines_capacitor_niobium__capacitor
13:tabControl	706	item.battery_pack	9	Tantalum Capacitor	render/15d3291917ad11e0a484a22fd9b44339__machines_battery__machines_capacitor_tantalum__capacitor
13:tabControl	707	item.battery_pack	9	Tantalum Capacitor	render/15d3291917ad11e0a484a22fd9b44339__machines_battery__machines_capacitor_tantalum__capacitor
13:tabControl	708	item.battery_pack	10	Bismuth Capacitor	render/efeb607508da364dcd99c29119239c4c__machines_battery__machines_capacitor_bismuth__capacitor
13:tabControl	709	item.battery_pack	10	Bismuth Capacitor	render/efeb607508da364dcd99c29119239c4c__machines_battery__machines_capacitor_bismuth__capacitor
13:tabControl	710	item.battery_pack	11	Spark Capacitor	render/f7538611de5a4b7bd6e4454adb07a83f__machines_battery__machines_capacitor_spark__capacitor
13:tabControl	711	item.battery_pack	11	Spark Capacitor	render/f7538611de5a4b7bd6e4454adb07a83f__machines_battery__machines_capacitor_spark__capacitor
13:tabControl	712	item.battery_sc	0	Empty Self-Charging Battery	render/b2743994a70b607125f86c4a60ce2e4f
13:tabControl	713	item.battery_sc	1	Spent Fuel Self-Charging Battery	render/55bc865f313c5d607e3c54ee86d942bc
13:tabControl	714	item.battery_sc	2	Radium-226 Self-Charging Battery	render/7a33b8beb815ed84119d922f6bef6e75
13:tabControl	715	item.battery_sc	3	Technetium-99 Self-Charging Battery	render/f7e80946ad7456598b601755417bce2d
13:tabControl	716	item.battery_sc	4	Cobalt-60 Self-Charging Battery	render/1c0128e5aedda1e134ed42f3516ad205
13:tabControl	717	item.battery_sc	5	Plutonium-238 Self-Charging Battery	render/1fcad6bac83de4cab401a5c9c4acf111
13:tabControl	718	item.battery_sc	6	Polonium-210 Self-Charging Battery	render/04f94b6c480efd2db582bb1434c117b3
13:tabControl	719	item.battery_sc	7	Gold-198 Self-Charging Battery	render/26e05ee92a31ac18d4e8240548b53832
13:tabControl	720	item.battery_sc	8	Lead-209 Self-Charging Battery	render/019e2ab87b5e08585cc07e247403019e
13:tabControl	721	item.battery_sc	9	Americium-241 Self-Charging Battery	render/dc767bd384c9263d011d68ff4ec004e7
13:tabControl	722	item.battery_creative	0	Infinite Battery	render/ecd7632864d58f75abe16780e6c057ea
13:tabControl	723	item.cube_power	0	Electronium Cube	render/1ee9f7fc1bf954ca5ac0f59afee3d830
13:tabControl	724	item.cube_power	0	Electronium Cube	render/1ee9f7fc1bf954ca5ac0f59afee3d830
13:tabControl	725	item.battery_potato	0	Potato Battery	render/d6029379be5793f7c2efdd89ee19e8c7
13:tabControl	726	item.battery_potatos	0	PotatOS	render/0a3029dd4d8cd303a25ea889d741e368
13:tabControl	727	item.hev_battery	0	Suit Battery	render/bb00648ac2dfa5c43f359828278f20cc
13:tabControl	728	item.fusion_core	0	Fusion Core	render/bfc9adc58f55dd9ec83ebbe3136ea042
13:tabControl	729	item.stamp_stone_flat	0	Flat Stamp (Stone)	render/8ffd6c7e8ec83360b3f7d3c1fafd7d18
13:tabControl	730	item.stamp_stone_plate	0	Plate Stamp (Stone)	render/9683c767af9a106736e98dc6e15b5ce9
13:tabControl	731	item.stamp_stone_wire	0	Wire Stamp (Stone)	render/04276483888aea74c78b0d24ac8193a6
13:tabControl	732	item.stamp_stone_circuit	0	Circuit Stamp (Stone)	render/958f6ebad4477ff3014e7244790872a3
13:tabControl	733	item.stamp_iron_flat	0	Flat Stamp (Iron)	render/d1ac95a7a8de3dcb5cda233dca4dfb98
13:tabControl	734	item.stamp_iron_plate	0	Plate Stamp (Iron)	render/ba2e5c89b6e73f63d03eea57b2e47d0a
13:tabControl	735	item.stamp_iron_wire	0	Wire Stamp (Iron)	render/0cc5861056abfffcd1a247b7ffcb7a41
13:tabControl	736	item.stamp_iron_circuit	0	Circuit Stamp (Iron)	render/2a3b3e10d724b5a3667a061c71ff5211
13:tabControl	737	item.stamp_steel_flat	0	Flat Stamp (Steel)	render/60f3b65d30fa971f32d098158cd1e4f3
13:tabControl	738	item.stamp_steel_plate	0	Plate Stamp (Steel)	render/5e6afd48d7e2a506db9eb5dfeca38b70
13:tabControl	739	item.stamp_steel_wire	0	Wire Stamp (Steel)	render/6cb7909d10a9ff978d07327da19bd40f
13:tabControl	740	item.stamp_steel_circuit	0	Circuit Stamp (Steel)	render/28dab3d7295180de0a5752296a9fd958
13:tabControl	741	item.stamp_titanium_flat	0	Flat Stamp (Titanium)	render/10b964ad3db645e3764fae505fcabd47
13:tabControl	742	item.stamp_titanium_plate	0	Plate Stamp (Titanium)	render/555371359f88dc1127a0bce7cbbc5e52
13:tabControl	743	item.stamp_titanium_wire	0	Wire Stamp (Titanium)	render/1e48ba3f2312035eccc5254b08af97bb
13:tabControl	744	item.stamp_titanium_circuit	0	Circuit Stamp (Titanium)	render/e7fd200e439cc8eb07f8930eebc23078
13:tabControl	745	item.stamp_obsidian_flat	0	Flat Stamp (Obsidian)	render/38fbbf0a23b8922d87932578c817e5f5
13:tabControl	746	item.stamp_obsidian_plate	0	Plate Stamp (Obsidian)	render/a0e50d2c34d9c6f89f5d46385e2237bc
13:tabControl	747	item.stamp_obsidian_wire	0	Wire Stamp (Obsidian)	render/2f4f830cd964de5bf9e911343410b0c5
13:tabControl	748	item.stamp_obsidian_circuit	0	Circuit Stamp (Obsidian)	render/616c31419d025cc3e9642147ef9ecb17
13:tabControl	749	item.stamp_desh_flat	0	Flat Stamp (Desh)	render/f196602919d8cf3736b0781dd3ae0d9c
13:tabControl	750	item.stamp_desh_plate	0	Plate Stamp (Desh)	render/447caaa447c42ea821c3184a3d65b524
13:tabControl	751	item.stamp_desh_wire	0	Wire Stamp (Desh)	render/fa7faebac07af4474da10038f6d8a490
13:tabControl	752	item.stamp_desh_circuit	0	Circuit Stamp (Desh)	render/79a7319d21f5587a0bef7a54fdcee639
13:tabControl	753	item.stamp_357	0	.357 Magnum Stamp	render/767f602c1b686eea9d1d32246ee96edf
13:tabControl	754	item.stamp_44	0	.44 Magnum Stamp	render/0a39bc9264f65000c598bdfb4fd9f647
13:tabControl	755	item.stamp_9	0	Small Caliber Stamp	render/9b54cc28a239e60d383a4c2e104eba64
13:tabControl	756	item.stamp_50	0	Large Caliber Stamp	render/70e84969e3414150e4c8b99f6ded8fe1
13:tabControl	757	item.stamp_desh_357	0	.357 Magnum Stamp (Desh)	render/2b111f11376798cdd1ca35ea8f76997a
13:tabControl	758	item.stamp_desh_44	0	.44 Magnum Stamp (Desh)	render/df7c9ac45ec3eff32135e33b7dcb890d
13:tabControl	759	item.stamp_desh_9	0	Small Caliber Stamp (Desh)	render/29dbb278476e405f08b317c068bb0025
13:tabControl	760	item.stamp_desh_50	0	Large Caliber Stamp (Desh)	render/52414e4fa98929ad53828b6b1a250e2e
13:tabControl	761	item.mold_base	0	Blank Foundry Mold	render/7c2d13da9ab34999b0de75b960f68fe2
13:tabControl	762	item.mold	0	Foundry Mold	render/e3594a6dfcfb84252e5e9d58ac5570dc
13:tabControl	763	item.mold	1	Foundry Mold	render/d0fc3600e9d70afcf0a15f3295675c97
13:tabControl	764	item.mold	2	Foundry Mold	render/a5e5ac376238417fbac13e8edf7955cb
13:tabControl	765	item.mold	3	Foundry Mold	render/47896229ca88a33a4f7235e1531cf48a
13:tabControl	766	item.mold	4	Foundry Mold	render/6402a73264fac6a346de3a38ccb56a9b
13:tabControl	767	item.mold	19	Foundry Mold	render/611a47c5c90256907dc6db8f9156a423
13:tabControl	768	item.mold	20	Foundry Mold	render/2aea634a9501bca0c1969bc46e25e6fc
13:tabControl	769	item.mold	5	Foundry Mold	render/973741a3bb5c675d08753d46ef72e0ea
13:tabControl	770	item.mold	6	Foundry Mold	render/fb935acaa73df798c5bb0b78a63479ec
13:tabControl	771	item.mold	7	Foundry Mold	render/2fd0481c0e99aa0ad4b68ac06a8e74d4
13:tabControl	772	item.mold	8	Foundry Mold	render/4f919c4b977a4e20ab4b1a9ba2af1ad2
13:tabControl	773	item.mold	9	Foundry Mold	render/36cf7b82b4e3941d1549423411e88888
13:tabControl	774	item.mold	10	Foundry Mold	render/b7c1f6a4c33e0aa5b4f0c15262fbc85e
13:tabControl	775	item.mold	11	Foundry Mold	render/a27d07e0f4a8b08e40f9e58d51ee5fde
13:tabControl	776	item.mold	13	Foundry Mold	render/f566e4e26bc4924f31116adab0a9e091
13:tabControl	777	item.mold	21	Foundry Mold	render/acaba3639884bf3498e60dda6ac09049
13:tabControl	778	item.mold	12	Foundry Mold	render/4dfc2ee343423fc4b68255d81a39c88a
13:tabControl	779	item.mold	16	Foundry Mold	render/8075a8579f23e1e44cce5f13679b9039
13:tabControl	780	item.mold	17	Foundry Mold	render/1246c9e0ed5bb2867ab3bc8b5559b0ad
13:tabControl	781	item.mold	22	Foundry Mold	render/f340daf45872c9f3ed417e7973fe84ee
13:tabControl	782	item.mold	23	Foundry Mold	render/63fef594df5709f021ce67fa5f3bd087
13:tabControl	783	item.mold	24	Foundry Mold	render/969dcbcefae8bfce61b055e8ca8fe795
13:tabControl	784	item.mold	25	Foundry Mold	render/bd3a3814c100eeac721fb3685d622fb6
13:tabControl	785	item.mold	26	Foundry Mold	render/fecebaab01954b4daa614278b3760265
13:tabControl	786	item.mold	27	Foundry Mold	render/c9b1755325103312e4b85ca37b594017
13:tabControl	787	item.mold	28	Foundry Mold	render/b8d93f0fdf9121a4a0dc9a6dc166fb12
13:tabControl	788	item.upgrade_speed_1	0	Speed Upgrade Mk.I	render/df612fb78dbfac3cad95db76f8c66299
13:tabControl	789	item.upgrade_speed_2	0	Speed Upgrade Mk.II	render/c8969797277255e7c61d6a7b88230389
13:tabControl	790	item.upgrade_speed_3	0	Speed Upgrade Mk.III	render/ba36ad3a01e4fd5b0cd3a9a1b9259ba1
13:tabControl	791	item.upgrade_effect_1	0	Effectiveness Upgrade Mk.I	render/cc3848c42fd6de778d7eef23a7bfda57
13:tabControl	792	item.upgrade_effect_2	0	Effectiveness Upgrade Mk.II	render/b8920669c9612a3c01cdbf906629483d
13:tabControl	793	item.upgrade_effect_3	0	Effectiveness Upgrade Mk.III	render/05d2a52ed4164b0799e3f6a8b57f1051
13:tabControl	794	item.upgrade_power_1	0	Power Saving Upgrade Mk.I	render/b3c780528910aa6f3f19d08a86e51bc2
13:tabControl	795	item.upgrade_power_2	0	Power Saving Upgrade Mk.II	render/42c68f3cd276e0d0533cd984e461a1ce
13:tabControl	796	item.upgrade_power_3	0	Power Saving Upgrade Mk.III	render/2c9775cb107f9a7cc9edc927a113561a
13:tabControl	797	item.upgrade_fortune_1	0	Fortune Upgrade Mk.I	render/8113df0868ab1c2fc1db6de5941404e3
13:tabControl	798	item.upgrade_fortune_2	0	Fortune Upgrade Mk.II	render/3ab91a7de4e12a1980d4b29ab8891ad1
13:tabControl	799	item.upgrade_fortune_3	0	Fortune Upgrade Mk.III	render/5116905560a4832610e510af2626c9e1
13:tabControl	800	item.upgrade_afterburn_1	0	Afterburner Upgrade Mk.I	render/3b9fc9e3c4f99fb42fbea5336e6cb87e
13:tabControl	801	item.upgrade_afterburn_2	0	Afterburner Upgrade Mk.II	render/c8abd522a3694fe5f1277a635314e764
13:tabControl	802	item.upgrade_afterburn_3	0	Afterburner Upgrade Mk.III	render/1dca78747180f4cb3f06bf7a73d084e9
13:tabControl	803	item.upgrade_overdrive_1	0	Overdrive Upgrade Mk.I	render/4f15968267368ad09afd40e982b212fd
13:tabControl	804	item.upgrade_overdrive_2	0	Overdrive Upgrade Mk.II	render/633c49fe805f30c3b93fa795a8fe1daa
13:tabControl	805	item.upgrade_overdrive_3	0	Overdrive Upgrade Mk.III	render/ec25e7b81b7025f2fa096bf4b16225ae
13:tabControl	806	item.upgrade_radius	0	Emitter Radius Upgrade	render/ea62a8f6f8015367704b76a1ac34ae7f
13:tabControl	807	item.upgrade_health	0	Emitter Health Upgrade	render/4478124f3903d9a8ae17b7e6f0024b14
13:tabControl	808	item.upgrade_smelter	0	Smelter Upgrade	render/323df2901c712e8644b973648173340d
13:tabControl	809	item.upgrade_shredder	0	Shredder Upgrade	render/0ce3045984c719be1fc56943f9d770a1
13:tabControl	810	item.upgrade_centrifuge	0	Centrifuge Upgrade	render/909634ee6b7c6160ec914e35778c994a
13:tabControl	811	item.upgrade_crystallizer	0	Crystallizer Upgrade	render/88c90bc98cae540c137cbe406101db3f
13:tabControl	812	item.upgrade_nullifier	0	Scrap Destroyer Upgrade	render/12b5a6dca89c351b03a23c0be5fc7ffb
13:tabControl	813	item.upgrade_screm	0	Screaming Scientist Upgrade	render/2877ad6e8a55cd6e058c9b1ad070b1cb
13:tabControl	814	item.upgrade_gc_speed	0	Gas Centrifuge Overclocking Upgrade	render/b569085cd6424d2b46f5d32238a175c5
13:tabControl	815	item.upgrade_5g	0	5G Radiation Emitter Upgrade	render/595ce809fc55e793d57b403e4361b163
13:tabControl	816	item.upgrade_stack	0	Stack Ejection Upgrade Mk.I	render/1f597e7ea0a3975b81001c8c96d7b526
13:tabControl	817	item.upgrade_stack	1	Stack Ejection Upgrade Mk.II	render/9e9fbb39de02530718892443814cb89f
13:tabControl	818	item.upgrade_stack	2	Stack Ejection Upgrade Mk.III	render/9179206274c9aff2c9d10e895a14becf
13:tabControl	819	item.upgrade_ejector	0	Ejection Speed Upgrade Mk.I	render/a4b6ec93b7be59fab93261f07408c3f3
13:tabControl	820	item.upgrade_ejector	1	Ejection Speed Upgrade Mk.II	render/2f26477fea0da641c5b18a0e43b265a8
13:tabControl	821	item.upgrade_ejector	2	Ejection Speed Upgrade Mk.III	render/4a48e7ddc2326358d88e297dee6b001a
13:tabControl	822	item.fuse	0	Fuse	render/01322b78db75c55538438a6f8a0c7e17
13:tabControl	823	item.screwdriver	0	Screwdriver	render/b525542be36a83cc33db0871f5338d61
13:tabControl	824	item.screwdriver_desh	0	Desh Screwdriver	render/f497ec5cd930a34ce56a0d0fe3d10cc3
13:tabControl	825	item.hand_drill	0	Hand Drill	render/8a9c9117d622338cbe9fc71c167bac5c
13:tabControl	826	item.hand_drill_desh	0	Desh Hand Drill	render/738d30865802dbffb00f7371f36667a4
13:tabControl	827	item.chemistry_set	0	Laboratory Glassware	render/e2c0d44ba3410ca02059fb1356e4da6f
13:tabControl	828	item.chemistry_set_boron	0	Laboratory Glassware (Boron Glass)	render/4216534c4f032b7b66e7065aec95f4ff
13:tabControl	829	item.blowtorch	0	Blowtorch	render/66cac76c6c533314a74abac091e1ffe9
13:tabControl	830	item.acetylene_torch	0	Acetylene Welding Torch	render/31bcfbc8fa23fb615d50e35c614749bd
13:tabControl	831	item.boltgun	0	Pneumatic Rivet Gun	render/c409c62c055892cfa688bc300222507d__weapons_boltgun__weapons_boltgun__barrel__gun
13:tabControl	832	item.arc_electrode	0	Graphite Electrode	render/ac6ec78453c3f78ccb3221f0372dad6e
13:tabControl	833	item.arc_electrode	1	Lanthanium Electrode	render/0da651616f863dd509289c525a4f119f
13:tabControl	834	item.arc_electrode	2	Desh Electrode	render/2b1a702ffd786ca988c3a046bc2fbc10
13:tabControl	835	item.arc_electrode	3	Saturnite Electrode	render/36dfd6a2151c0b364f67961160312a11
13:tabControl	836	item.arc_electrode_burnt	0	Molten Graphite Electrode	render/bc5ab9681e4e823d6a9d2e5ee4acaaef
13:tabControl	837	item.arc_electrode_burnt	1	Molten Lanthanium Electrode	render/be70eb2ffdcf1583110ed845b076cb11
13:tabControl	838	item.arc_electrode_burnt	2	Molten Desh Electrode	render/08fe4f9b98b510de7cc175bfae396b96
13:tabControl	839	item.arc_electrode_burnt	3	Molten Saturnite Electrode	render/8d6dfc71a923a748c3ece8a72bc55e7e
13:tabControl	840	item.part_lithium	0	Box of Lithium Dust	render/a080d6ce045f477622212c2df6633de1
13:tabControl	841	item.part_beryllium	0	Box of Beryllium Dust	render/aa980b6856c42e6caf70dd5300acf08f
13:tabControl	842	item.part_carbon	0	Box of Carbon Dust	render/30648270483cb85604d31ccbdfb99caa
13:tabControl	843	item.part_copper	0	Box of Copper Dust	render/f1373269cbee4b91fc274ad92e29c762
13:tabControl	844	item.part_plutonium	0	Box of Plutonium Dust	render/2a3ffbb443acffb00ab8ef9b288f87f4
13:tabControl	845	item.laser_crystal_co2	0	CO2-Desh Laser Crystal	render/6669862b93ac907f7cc78c7cf476fd50
13:tabControl	846	item.laser_crystal_bismuth	0	BiSmUTh Laser Crystal	render/d217aed43a69a75ba57900071dc9787d
13:tabControl	847	item.laser_crystal_cmb	0	CMB-Schrabidate Antimatter Laser Crystal	render/13dc4f8b3db79129155b0ee4b564154f
13:tabControl	848	item.laser_crystal_dnt	0	Spark Laser Crystal	render/dc608606bf27c65d1db25f772bf81a0b
13:tabControl	849	item.laser_crystal_digamma	0	Digamma Laser Crystal	render/f61d645b386e17abcc88b008091e540c
13:tabControl	850	item.ams_catalyst_blank	0	Blank Reaction Catalyst	render/929183a485a100dcfe36b5c7287dcac0
13:tabControl	851	item.ams_catalyst_aluminium	0	Aluminium Reaction Catalyst	render/0ead2fc9ced5e145e5b558488ac072f7
13:tabControl	852	item.ams_catalyst_beryllium	0	Beryllium Reaction Catalyst	render/f4ba4516904f3becc567a5ccc0243033
13:tabControl	853	item.ams_catalyst_caesium	0	Caeseium Reaction Catalyst	render/c4cf59875f34444a8706055e89483704
13:tabControl	854	item.ams_catalyst_cerium	0	Cerium Reaction Catalyst	render/054b0e5dad3c14ac9f97324a4c243695
13:tabControl	855	item.ams_catalyst_cobalt	0	Cobalt Reaction Catalyst	render/aab68dffd01fcd70c1b24777df486d99
13:tabControl	856	item.ams_catalyst_copper	0	Copper Reaction Catalyst	render/4e7dbab2529e28b76fc8e3cdc19168cd
13:tabControl	857	item.ams_catalyst_euphemium	0	Euphemium Reaction Catalyst	render/6eb1ddae3599478659ff2298b740ec8e
13:tabControl	858	item.ams_catalyst_dineutronium	0	Dineutronium Reaction Catalyst	render/a4bb0bb26d886721eb1a57e0bbe81dd0
13:tabControl	859	item.ams_catalyst_iron	0	Iron Reaction Catalyst	render/162eff731bafff34c90e25b32fa3d8de
13:tabControl	860	item.ams_catalyst_lithium	0	Lithium Reaction Catalyst	render/173d5faf6c8aeccd41ee8a4aab1f47e9
13:tabControl	861	item.ams_catalyst_niobium	0	Niobium Reaction Catalyst	render/fc14f73cdec455ac72e9fec89f69d275
13:tabControl	862	item.ams_catalyst_schrabidium	0	Schrabidium Reaction Catalyst	render/ceb81ce1ee248583e13ac0a6b0a3f1a9
13:tabControl	863	item.ams_catalyst_strontium	0	Strontium Reaction Catalyst	render/f7dc9c63ce1ec91455afa14aea0c2fc7
13:tabControl	864	item.ams_catalyst_thorium	0	Thorium Reaction Catalyst	render/6a0c754dd0fde2bdff2c0842b8cd6a09
13:tabControl	865	item.ams_catalyst_tungsten	0	Tungsten Reaction Catalyst	render/ef7a16f9c254742b8be998bdba83151e
13:tabControl	866	item.blades_steel	0	Steel Shredder Blades	render/10c003ff1d0b2e5e9dc4b18774928bc1
13:tabControl	867	item.blades_titanium	0	Titanium Shredder Blades	render/853fa92dc443a3641079b5f63d173a27
13:tabControl	868	item.blades_desh	0	Desh Shredder Blades	render/964b685d81b3bb30b90d85e92990a3ac
13:tabControl	869	item.thermo_element	0	Thermoelectric Element	render/93bb3c2f951859297aa9dbb17313c910
13:tabControl	870	item.catalytic_converter	0	Catalytic Converter	render/c326f609e8dcbe4ddfd8d172bc806bb7
13:tabControl	871	item.ams_lens	0	Stabilizer Lens	render/718eb60ced4fe97f56f79a3c84902ac5
13:tabControl	872	item.ams_core_sing	0	Vibrant Singularity (AMS/DFC Core)	render/1ac020e88320817145b48b0c3e243eee
13:tabControl	873	item.ams_core_wormhole	0	Tiny Wormhole (AMS/DFC Core)	render/0527736e279242321bb97f3b1ec146fb
13:tabControl	874	item.ams_core_eyeofharmony	0	Eye of Harmony (AMS/DFC Core)	render/f8b190c225a966c98957b3fd23eae8e8
13:tabControl	875	item.fusion_shield_tungsten	0	Tungsten Fusion Reactor Blanket	render/3f6649d52593b9f0e474d1e4ff0c7859
13:tabControl	876	item.fusion_shield_desh	0	Desh Fusion Reactor Blanket	render/192c2bb785b48b2f65cc9a4fa5634849
13:tabControl	877	item.fusion_shield_chlorophyte	0	Chlorophyte-Metallized Fusion Reactor Blanket	render/b9b9c7f393773819b704ef75c995a3ef
13:tabControl	878	item.fusion_shield_vaporwave	0	Vaporwave Fusion Reactor Blanket	render/763aaca3639d9f88411d1a0ce3f3d693
13:tabControl	879	item.rod_empty	0	Empty Rod	render/328346ed8482e10b729c55cc3bd73c1a
13:tabControl	880	item.rod	0	Lithium Rod	render/feb2f25811e6fdaecf2f1f95297dc30b
13:tabControl	881	item.rod	1	Tritium Rod	render/9f1d2128c3b27ffb51a14da6fca341f4
13:tabControl	882	item.rod	2	Cobalt Rod	render/365a7fee2149dc134f1604ce3b0b8ed0
13:tabControl	883	item.rod	3	Cobalt-60 Rod	render/df237651f63b877605ff6f1178c798d4
13:tabControl	884	item.rod	4	Thorium-232 Rod	render/54ad4f4187d4fa8bf305dacab62b4c62
13:tabControl	885	item.rod	5	Thorium Fuel Rod	render/bf452eaed39fe99d10c99567ae30a90f
13:tabControl	886	item.rod	6	Uranium-235 Rod	render/d578fa576ef92cdde04a0ca4ad5d389d
13:tabControl	887	item.rod	7	Neptunium-237 Rod	render/d0189cc19d223768977fa5aa73e856fe
13:tabControl	888	item.rod	8	Uranium-238 Rod	render/2069efba10a9ac29b3525944a0fbd0b2
13:tabControl	889	item.rod	9	Plutonium-238 Rod	render/8553185558c160dba2b8574c33505c1d
13:tabControl	890	item.rod	10	Plutonium-239 Rod	render/de505941ac42e67a53a3a2b5f0efda96
13:tabControl	891	item.rod	11	Reactor-Grade Plutonium Rod	render/bd186d0f2be556a2a0b7fa60c727fb95
13:tabControl	892	item.rod	12	Nuclear Waste Rod	render/ec9f88409282eb2482d6e64a96951f44
13:tabControl	893	item.rod	13	Lead Rod	render/2c0c2a85e711b56bf13c17d604339b8c
13:tabControl	894	item.rod	14	Uranium Rod	render/3ceed25018675ee62f1875be7e8fdd05
13:tabControl	895	item.rod	15	Radium-226 Rod	render/b13b39a97413231e1d69cd260ca423a3
13:tabControl	896	item.rod	16	Actinium-227 Rod	render/5df16e0a6cc523b34a9d038593733f75
13:tabControl	897	item.rod_dual_empty	0	Empty Dual Rod	render/9f82840f28a79cde25fde1b85d67b90a
13:tabControl	898	item.rod_dual	0	Lithium Dual Rod	render/015361e8258362f13e6c1d2174454221
13:tabControl	899	item.rod_dual	1	Tritium Dual Rod	render/9b2c136fa304faabb1a24544a45c0a50
13:tabControl	900	item.rod_dual	2	Cobalt Dual Rod	render/654627d6ec43e7d699e3afcbf2d12f17
13:tabControl	901	item.rod_dual	3	Cobalt-60 Dual Rod	render/946c05fb8e273c261fd5a6afd6e3e4c6
13:tabControl	902	item.rod_dual	4	Thorium-232 Dual Rod	render/cfb89d511a254d4b8ca5dae6f95a1344
13:tabControl	903	item.rod_dual	5	Thorium Fuel Dual Rod	render/1ea093e7671b58ee6f0a0dcf07b0836f
13:tabControl	904	item.rod_dual	6	Uranium-235 Dual Rod	render/3380c0c0cfbe29f2eb361f822eb5691f
13:tabControl	905	item.rod_dual	7	Neptunium-237 Dual Rod	render/e9f8ab0c63d5e103523b9f7af534b64b
13:tabControl	906	item.rod_dual	8	Uranium-238 Dual Rod	render/7eb0ecd445985556dad740a8d288f60a
13:tabControl	907	item.rod_dual	9	Plutonium-238 Dual Rod	render/d87d1ed67a9789de84b278114594a151
13:tabControl	908	item.rod_dual	10	Plutonium-239 Dual Rod	render/fc0cbee1268971b15d22d35791542ed2
13:tabControl	909	item.rod_dual	11	Reactor-Grade Plutonium Dual Rod	render/63263e0c4042ae782449b7816713a341
13:tabControl	910	item.rod_dual	12	Nuclear Waste Dual Rod	render/ec3f6fbd06481a0019d37cca32e8cc86
13:tabControl	911	item.rod_dual	13	Lead Dual Rod	render/98e84599af55cb20878fcccc9320cca6
13:tabControl	912	item.rod_dual	14	Uranium Dual Rod	render/2038e7b3252a108cf9a1fdf7fde8bb4e
13:tabControl	913	item.rod_dual	15	Radium-226 Dual Rod	render/15238a2af637555877a063fbb3be583d
13:tabControl	914	item.rod_dual	16	Actinium-227 Dual Rod	render/a393ecf7df7626520d5b89cda30cc3b8
13:tabControl	915	item.rod_quad_empty	0	Empty Quad Rod	render/03c8b929dcac7a30a8dbf84689995a4b
13:tabControl	916	item.rod_quad	0	Lithium Quad Rod	render/c8df5641f8939180b2f437e764aa729c
13:tabControl	917	item.rod_quad	1	Tritium Quad Rod	render/00597e6d7930d8161fee14f562d4b694
13:tabControl	918	item.rod_quad	2	Cobalt Quad Rod	render/1c7dc98f785d27773c794a0312f900e2
13:tabControl	919	item.rod_quad	3	Cobalt-60 Quad Rod	render/76ed1d2350c7deb510e29a5ac2e8aac4
13:tabControl	920	item.rod_quad	4	Thorium-232 Quad Rod	render/cc76cecbdfb7f218b113d8be3e970ed7
13:tabControl	921	item.rod_quad	5	Thorium Fuel Quad Rod	render/5e64b0858c604feb3a949028ce7d38bc
13:tabControl	922	item.rod_quad	6	Uranium-235 Quad Rod	render/fc8d0546bd509c9cc8c5e0a4345b77f7
13:tabControl	923	item.rod_quad	7	Neptunium-237 Quad Rod	render/5c327e9d25d3ebdea160e0b663611880
13:tabControl	924	item.rod_quad	8	Uranium-238 Quad Rod	render/6db69d301399b07e079b77dff1ab6a7c
13:tabControl	925	item.rod_quad	9	Plutonium-238 Quad Rod	render/8a1061293a5bfb994dc6ad375deae435
13:tabControl	926	item.rod_quad	10	Plutonium-239 Quad Rod	render/54f6f0e777f8597fb233d9c16cf352bc
13:tabControl	927	item.rod_quad	11	Reactor-Grade Plutonium Quad Rod	render/2afdc7e6b9b01e44501df7e626953159
13:tabControl	928	item.rod_quad	12	Nuclear Waste Quad Rod	render/160db310b1886ba8ae0a4384ffefd8db
13:tabControl	929	item.rod_quad	13	Lead Quad Rod	render/e2e3563cf81477ce67d735b304145d25
13:tabControl	930	item.rod_quad	14	Uranium Quad Rod	render/e5df19c1303980b3317d05d50307e866
13:tabControl	931	item.rod_quad	15	Radium-226 Quad Rod	render/a6f6d628201cffc7128fe3f1df64e508
13:tabControl	932	item.rod_quad	16	Actinium-227 Quad Rod	render/6281a25bb7b9f5d4f499f08dd99820d7
13:tabControl	933	item.rod_zirnox_empty	0	Empty ZIRNOX Rod	render/8c9d9054dccaff4b4df2d0ca352a827d
13:tabControl	934	item.rod_zirnox_tritium	0	ZIRNOX Tritium Rod	render/f845c8b0126ad964ea0d6349322f72d7
13:tabControl	935	item.rod_zirnox	0	ZIRNOX Natural Uranium Fuel Rod	render/0c1f28ab73f86c4607a9308c868dcfcf
13:tabControl	936	item.rod_zirnox	1	ZIRNOX Uranium Fuel Rod	render/81988ed89d57327d2ff1f2bc26c5b4c0
13:tabControl	937	item.rod_zirnox	2	ZIRNOX Thorium-232 Rod	render/4c8547b308e698ab839409b24a5ec78f
13:tabControl	938	item.rod_zirnox	3	ZIRNOX Thorium Fuel Rod	render/6c1b1b0c26144d636d88679e83b9dfdf
13:tabControl	939	item.rod_zirnox	4	ZIRNOX MOX Fuel Rod	render/7b8fc896551f9e44d0f661ab4321b916
13:tabControl	940	item.rod_zirnox	5	ZIRNOX Plutonium Fuel Rod	render/a82993b29892cca2bdd13535a449232f
13:tabControl	941	item.rod_zirnox	6	ZIRNOX Uranium-233 Fuel Rod	render/bbc86a939df0732c57292b8b2f5c26d2
13:tabControl	942	item.rod_zirnox	7	ZIRNOX Uranium-235 Fuel Rod	render/c891f94013ba3ff5a80039f058adc258
13:tabControl	943	item.rod_zirnox	8	ZIRNOX LES Fuel Rod	render/270e9a81aa8f1a1b39db8bcdd7296236
13:tabControl	944	item.rod_zirnox	9	ZIRNOX Lithium Rod	render/fa7cd7cc46669c497277c0419dda76ce
13:tabControl	945	item.rod_zirnox	10	ZIRNOX ZFB MOX Fuel Rod	render/24284f3fb7952158d07d5cf71e56cef8
13:tabControl	946	item.rod_zirnox_natural_uranium_fuel_depleted	0	Depleted ZIRNOX Natural Uranium Fuel Rod	render/773fe7d4075aa15dc70445353b6be4f3
13:tabControl	947	item.rod_zirnox_uranium_fuel_depleted	0	Depleted ZIRNOX Uranium Fuel Rod	render/773fe7d4075aa15dc70445353b6be4f3
13:tabControl	948	item.rod_zirnox_thorium_fuel_depleted	0	Depleted ZIRNOX Thorium Fuel Rod	render/ddb7a399481cc218215b7c1839857534
13:tabControl	949	item.rod_zirnox_mox_fuel_depleted	0	Depleted ZIRNOX MOX Fuel Rod	render/9d515ea0212f13ef54f774f8c0d1f4ad
13:tabControl	950	item.rod_zirnox_plutonium_fuel_depleted	0	Depleted ZIRNOX Plutonium Fuel Rod	render/d8c9e67bfa9a2d63e0ac13ea3e2fdc93
13:tabControl	951	item.rod_zirnox_u233_fuel_depleted	0	Depleted ZIRNOX Uranium-233 Fuel Rod	render/0715e5f9dc1a928d768e953cf69fb7ac
13:tabControl	952	item.rod_zirnox_u235_fuel_depleted	0	Depleted ZIRNOX Uranium-235 Fuel Rod	render/0715e5f9dc1a928d768e953cf69fb7ac
13:tabControl	953	item.rod_zirnox_les_fuel_depleted	0	Depleted ZIRNOX LES Fuel Rod	render/325f5cfaa3e745c14dbfbc627811d145
13:tabControl	954	item.rod_zirnox_zfb_mox_depleted	0	Depleted ZIRNOX ZFB MOX Fuel Rod	render/b753c0ba74fcf2bc91533f4395b05daf
13:tabControl	955	item.pile_rod	0	Chicago Pile Ra226Be Neutron source	render/a97afb2135b910f510e73bbebf0e50fb
13:tabControl	956	item.pile_rod	1	Chicago Pile Po210Be Neutron source	render/b250cc8454eef5de99dc314ec18bcab1
13:tabControl	957	item.pile_rod	2	Chicago Pile Zirconium Rod	render/a0f23d6a45c8f10e44fce52cab560496
13:tabControl	958	item.pile_rod	3	Chicago Pile Natural Uranium Rod	render/8f07228deb4ea3ca06566c1095e03877
13:tabControl	959	item.pile_rod	4	Chicago Pile Plutonium-239 Rod	render/c30051b1a81ed8d50a26979d5c7b276a
13:tabControl	960	item.pile_rod	5	Chicago Pile RGP Rod	render/e0243dcaeceb95c366976eb6a2a7b173
13:tabControl	961	item.pile_rod	6	Chicago Pile Nuclear Waste Rod	render/91c04015ea514843bf80fda958a13a60
13:tabControl	962	item.pwr_fuel	0	MEU PWR Fuel Rod	render/67518310b5357c2b1ddd248dd6456013
13:tabControl	963	item.pwr_fuel	1	HEU-233 PWR Fuel Rod	render/acdee70d22613c8392c4aa94ac28c04f
13:tabControl	964	item.pwr_fuel	2	HEU-235 PWR Fuel Rod	render/b897e3a1f78eb635560d31b3c4923f2b
13:tabControl	965	item.pwr_fuel	3	MEN PWR Fuel Rod	render/7cf11e33a2ba2495d0b509bf5659983f
13:tabControl	966	item.pwr_fuel	4	HEN-237 PWR Fuel Rod	render/b081d1b1b17fdfc599b1ebc30f38bc6e
13:tabControl	967	item.pwr_fuel	5	MOX PWR Fuel Rod	render/e55de4f23ab868888d4c65de28c57f16
13:tabControl	968	item.pwr_fuel	6	MEP PWR Fuel Rod	render/d9595be51f39103d3fcac8c57ccf9513
13:tabControl	969	item.pwr_fuel	7	HEP-239 PWR Fuel Rod	render/01bf331a25077a00410cfa2f9169634a
13:tabControl	970	item.pwr_fuel	8	HEP-241 PWR Fuel Rod	render/837e8b98dbf5dc834536c66db05b6f16
13:tabControl	971	item.pwr_fuel	9	MEA PWR Fuel Rod	render/743864b8c27c86403b63757bf0f1781d
13:tabControl	972	item.pwr_fuel	10	HEA-242 PWR Fuel Rod	render/a3566255bfb40ae68237e4d73b326827
13:tabControl	973	item.pwr_fuel	11	HES-326 PWR Fuel Rod	render/bdc792c06ad499d9d42079af4e7e172e
13:tabControl	974	item.pwr_fuel	12	HES-327 PWR Fuel Rod	render/fc18e9d2de238d2ef0beff274c92ebdb
13:tabControl	975	item.pwr_fuel	13	Fuel Grade Americium PWR BFB Rod	render/6c52d07fd8440c9270f84c5c778e8dc9
13:tabControl	976	item.pwr_fuel	14	Plutonium-241 PWR BFB Rod	render/f8b972b7b3b400b6418df30f5bb87131
13:tabControl	977	item.pwr_fuel_hot	0	Hot MEU PWR Fuel Rod	render/cd385149ffa0fb612ccbfbc9c984bdbb
13:tabControl	978	item.pwr_fuel_hot	1	Hot HEU-233 PWR Fuel Rod	render/cd385149ffa0fb612ccbfbc9c984bdbb
13:tabControl	979	item.pwr_fuel_hot	2	Hot HEU-235 PWR Fuel Rod	render/cd385149ffa0fb612ccbfbc9c984bdbb
13:tabControl	980	item.pwr_fuel_hot	3	Hot MEN PWR Fuel Rod	render/cd385149ffa0fb612ccbfbc9c984bdbb
13:tabControl	981	item.pwr_fuel_hot	4	Hot HEN-237 PWR Fuel Rod	render/cd385149ffa0fb612ccbfbc9c984bdbb
13:tabControl	982	item.pwr_fuel_hot	5	Hot MOX PWR Fuel Rod	render/cd385149ffa0fb612ccbfbc9c984bdbb
13:tabControl	983	item.pwr_fuel_hot	6	Hot MEP PWR Fuel Rod	render/cd385149ffa0fb612ccbfbc9c984bdbb
13:tabControl	984	item.pwr_fuel_hot	7	Hot HEP-239 PWR Fuel Rod	render/cd385149ffa0fb612ccbfbc9c984bdbb
13:tabControl	985	item.pwr_fuel_hot	8	Hot HEP-241 PWR Fuel Rod	render/cd385149ffa0fb612ccbfbc9c984bdbb
13:tabControl	986	item.pwr_fuel_hot	9	Hot MEA PWR Fuel Rod	render/cd385149ffa0fb612ccbfbc9c984bdbb
13:tabControl	987	item.pwr_fuel_hot	10	Hot HEA-242 PWR Fuel Rod	render/cd385149ffa0fb612ccbfbc9c984bdbb
13:tabControl	988	item.pwr_fuel_hot	11	Hot HES-326 PWR Fuel Rod	render/cd385149ffa0fb612ccbfbc9c984bdbb
13:tabControl	989	item.pwr_fuel_hot	12	Hot HES-327 PWR Fuel Rod	render/cd385149ffa0fb612ccbfbc9c984bdbb
13:tabControl	990	item.pwr_fuel_hot	13	Hot Fuel Grade Americium PWR BFB Rod	render/cd385149ffa0fb612ccbfbc9c984bdbb
13:tabControl	991	item.pwr_fuel_hot	14	Hot Plutonium-241 PWR BFB Rod	render/cd385149ffa0fb612ccbfbc9c984bdbb
13:tabControl	992	item.pwr_fuel_depleted	0	Depleted MEU PWR Fuel Rod	render/d3ed3bebda6506ab07288c3aac6907f6
13:tabControl	993	item.pwr_fuel_depleted	1	Depleted HEU-233 PWR Fuel Rod	render/d3ed3bebda6506ab07288c3aac6907f6
13:tabControl	994	item.pwr_fuel_depleted	2	Depleted HEU-235 PWR Fuel Rod	render/d3ed3bebda6506ab07288c3aac6907f6
13:tabControl	995	item.pwr_fuel_depleted	3	Depleted MEN PWR Fuel Rod	render/d3ed3bebda6506ab07288c3aac6907f6
13:tabControl	996	item.pwr_fuel_depleted	4	Depleted HEN-237 PWR Fuel Rod	render/d3ed3bebda6506ab07288c3aac6907f6
13:tabControl	997	item.pwr_fuel_depleted	5	Depleted MOX PWR Fuel Rod	render/d3ed3bebda6506ab07288c3aac6907f6
13:tabControl	998	item.pwr_fuel_depleted	6	Depleted MEP PWR Fuel Rod	render/d3ed3bebda6506ab07288c3aac6907f6
13:tabControl	999	item.pwr_fuel_depleted	7	Depleted HEP-239 PWR Fuel Rod	render/d3ed3bebda6506ab07288c3aac6907f6
13:tabControl	1000	item.pwr_fuel_depleted	8	Depleted HEP-241 PWR Fuel Rod	render/d3ed3bebda6506ab07288c3aac6907f6
13:tabControl	1001	item.pwr_fuel_depleted	9	Depleted MEA PWR Fuel Rod	render/d3ed3bebda6506ab07288c3aac6907f6
13:tabControl	1002	item.pwr_fuel_depleted	10	Depleted HEA-242 PWR Fuel Rod	render/d3ed3bebda6506ab07288c3aac6907f6
13:tabControl	1003	item.pwr_fuel_depleted	11	Depleted HES-326 PWR Fuel Rod	render/d3ed3bebda6506ab07288c3aac6907f6
13:tabControl	1004	item.pwr_fuel_depleted	12	Depleted HES-327 PWR Fuel Rod	render/d3ed3bebda6506ab07288c3aac6907f6
13:tabControl	1005	item.pwr_fuel_depleted	13	Depleted Fuel Grade Americium PWR BFB Rod	render/d3ed3bebda6506ab07288c3aac6907f6
13:tabControl	1006	item.pwr_fuel_depleted	14	Depleted Plutonium-241 PWR BFB Rod	render/d3ed3bebda6506ab07288c3aac6907f6
13:tabControl	1007	item.pwr_printer	0	PWR Printer	render/58ecf546280b88bab22a4dc09a95ccaf
13:tabControl	1008	item.rbmk_lid	0	RBMK Cover Panel	render/4bfad0d8e67b018dc6a697168f2a4095
13:tabControl	1009	item.rbmk_lid_glass	0	RBMK Glass Cover Panel	render/26416fa26e1f4b3e0c0f0305c20671f1
13:tabControl	1010	item.rbmk_fuel_empty	0	Empty RBMK Fuel Rod	render/5bea6d78bbee1b1cf7d556b3e6afbb7e
13:tabControl	1011	item.rbmk_fuel_ueu	0	NU RBMK Fuel Rod	render/be08aeadf496535c6d6d49fbabbffb15
13:tabControl	1012	item.rbmk_fuel_meu	0	MEU RBMK Fuel Rod	render/24416000d4f3b1c193f6657216a9fe11
13:tabControl	1013	item.rbmk_fuel_heu233	0	HEU-233 RBMK Fuel Rod	render/80c58c13f15098765079a7d31d6d5020
13:tabControl	1014	item.rbmk_fuel_heu235	0	HEU-235 RBMK Fuel Rod	render/140455c652e378487e76201237732b8a
13:tabControl	1015	item.rbmk_fuel_uzh	0	UZrH RBMK Fuel Rod	render/1dfb397d8a1f71f887722fae2a144683
13:tabControl	1016	item.rbmk_fuel_thmeu	0	ThMEU RBMK Fuel Rod	render/af16108def38dc54f31aa393819095c5
13:tabControl	1017	item.rbmk_fuel_lep	0	LEP-239 RBMK Fuel Rod	render/a366e8c0dd0cd0aa5e033839b59ffcd3
13:tabControl	1018	item.rbmk_fuel_mep	0	MEP-239 RBMK Fuel Rod	render/675425cbc8f1bb76c97f8adf4d9583a2
13:tabControl	1019	item.rbmk_fuel_hep	0	HEP-239 RBMK Fuel Rod	render/0867727da8354ab6043cb8be57550a1a
13:tabControl	1020	item.rbmk_fuel_hep241	0	HEP-241 RBMK Fuel Rod	render/84e0a05d6bc27589d3d52ebd5ef4ac06
13:tabControl	1021	item.rbmk_fuel_lea	0	LEA RBMK Fuel Rod	render/4bf28d4c3a2851ddfc375fbb1a81e87b
13:tabControl	1022	item.rbmk_fuel_mea	0	MEA RBMK Fuel Rod	render/3b0a6464408077881d9187993b844364
13:tabControl	1023	item.rbmk_fuel_hea241	0	HEA-241 RBMK Fuel Rod	render/6aa2cc67b3e5badfc851fcae5bafefca
13:tabControl	1024	item.rbmk_fuel_hea242	0	HEA-242 RBMK Fuel Rod	render/6654f001c695abf63ae9c30eb5b2e5b0
13:tabControl	1025	item.rbmk_fuel_men	0	MEN RBMK Fuel Rod	render/b75a0076bb8b3ed5bc75127174812cb1
13:tabControl	1026	item.rbmk_fuel_hen	0	HEN RBMK Fuel Rod	render/87f2a6c3fb164888a102a3c8131d73ca
13:tabControl	1027	item.rbmk_fuel_mox	0	MOX RBMK Fuel Rod	render/40277553744e3741a66c879916012817
13:tabControl	1028	item.rbmk_fuel_les	0	LES RBMK Fuel Rod	render/b27e6c0879a8f843a2943d57ea1695a9
13:tabControl	1029	item.rbmk_fuel_mes	0	MES RBMK Fuel Rod	render/362857da5afe2070527345df5d5de4e9
13:tabControl	1030	item.rbmk_fuel_hes	0	HES RBMK Fuel Rod	render/06616585272fa163eaa4d5a7b8e85a26
13:tabControl	1031	item.rbmk_fuel_leaus	0	LEAus RBMK Fuel Rod	render/dc00dc089416467725a2ca3d2b995e4c
13:tabControl	1032	item.rbmk_fuel_heaus	0	HEAus RBMK Fuel Rod	render/4b904ffe73b738b515f8a4f537e06518
13:tabControl	1033	item.rbmk_fuel_po210be	0	Po210Be RBMK Neutron Source	render/4ae343a2f7a88a180f2586192f4f19d4
13:tabControl	1034	item.rbmk_fuel_ra226be	0	Ra226Be RBMK Neutron Source	render/0bd78d2b33e693e32e62ae0f3d7ff004
13:tabControl	1035	item.rbmk_fuel_pu238be	0	Pu238Be RBMK Neutron Source	render/2a83c46ab5794a3eddb17ff0ed3f4ca7
13:tabControl	1036	item.rbmk_fuel_balefire_gold	0	Flashgold RBMK Fuel Rod	render/426563a2e74f7561d38566cfa63cedac
13:tabControl	1037	item.rbmk_fuel_flashlead	0	Flashlead RBMK Fuel Rod	render/4104acc28a9f6ab2a10cde41c611b881
13:tabControl	1038	item.rbmk_fuel_balefire	0	Balefire RBMK Fuel Rod	render/ecc268bb8056dd7ed94a9b556fddcde2
13:tabControl	1039	item.rbmk_fuel_zfb_bismuth	0	Bismuth RBMK ZFB Rod	render/bbdba558df50f02b890e92eeb3ccf9a3
13:tabControl	1040	item.rbmk_fuel_zfb_pu241	0	Pu-241 RBMK ZFB Rod	render/01047eb580c1a7bbdd9228a3f667523a
13:tabControl	1041	item.rbmk_fuel_zfb_am_mix	0	Fuel Grade Americium RBMK ZFB Rod	render/e447cc38ecb5592c7b1f5f37967c0953
13:tabControl	1042	item.rbmk_fuel_drx	0	§cDigamma RBMK Fuel Rod§r	render/e47be12bbccfbf7e265faa4d622b1a02
13:tabControl	1043	item.rbmk_fuel_test	0	item.rbmk_fuel_test.name	render/f7d98086c98d44160ed26250c517ae35
13:tabControl	1044	item.rbmk_pellet_ueu	0	NU Fuel Pellet	render/b1881b86fdf426cb533f0befeddbda5f
13:tabControl	1045	item.rbmk_pellet_ueu	1	NU Fuel Pellet	render/04e540b4b76faa8102d15d418dbdb795
13:tabControl	1046	item.rbmk_pellet_ueu	2	NU Fuel Pellet	render/0ad59587c28cd96950753bb6d7312734
13:tabControl	1047	item.rbmk_pellet_ueu	3	NU Fuel Pellet	render/c379fc146395c32c16027aee4b852629
13:tabControl	1048	item.rbmk_pellet_ueu	4	NU Fuel Pellet	render/75333abb7a0bb34f7cb86c192ba754bc
13:tabControl	1049	item.rbmk_pellet_ueu	5	NU Fuel Pellet	render/4a971c1f080a40c061f99fd16ca3797e
13:tabControl	1050	item.rbmk_pellet_ueu	6	NU Fuel Pellet	render/fc22294c6b7f4e195f9b71ee29d145b1
13:tabControl	1051	item.rbmk_pellet_ueu	7	NU Fuel Pellet	render/eb4edcb1d3c0d6eba1a6ce8e4418878d
13:tabControl	1052	item.rbmk_pellet_ueu	8	NU Fuel Pellet	render/e606f42b0c87ca22307f2ea17033316a
13:tabControl	1053	item.rbmk_pellet_ueu	9	NU Fuel Pellet	render/2ccaae33c7cef40e805d3d6557880e39
13:tabControl	1054	item.rbmk_pellet_meu	0	MEU Fuel Pellet	render/934135b7c22734935de89262921eaa2e
13:tabControl	1055	item.rbmk_pellet_meu	1	MEU Fuel Pellet	render/384397e1204a5ad756a81da6ce100bf1
13:tabControl	1056	item.rbmk_pellet_meu	2	MEU Fuel Pellet	render/e63d36372ab1db6fc4316e972acd3a46
13:tabControl	1057	item.rbmk_pellet_meu	3	MEU Fuel Pellet	render/4990dccb5cdc83c10d55bbf30061e344
13:tabControl	1058	item.rbmk_pellet_meu	4	MEU Fuel Pellet	render/e542c404934061861bd802c04b7b68ab
13:tabControl	1059	item.rbmk_pellet_meu	5	MEU Fuel Pellet	render/ce1e08aa017832b1e4993d5aceab2272
13:tabControl	1060	item.rbmk_pellet_meu	6	MEU Fuel Pellet	render/abda717e31d387190e2e5ce9d07bd5a0
13:tabControl	1061	item.rbmk_pellet_meu	7	MEU Fuel Pellet	render/c351a8640f02bba76d6afcb4a32c42b7
13:tabControl	1062	item.rbmk_pellet_meu	8	MEU Fuel Pellet	render/c218039f4782aa10aaa4796e94c27c78
13:tabControl	1063	item.rbmk_pellet_meu	9	MEU Fuel Pellet	render/94335ffa03f76b22ee4eba21a350926c
13:tabControl	1064	item.rbmk_pellet_heu233	0	HEU-233 Fuel Pellet	render/969d8cc375e7a7eb5fe1ca7ed08882ef
13:tabControl	1065	item.rbmk_pellet_heu233	1	HEU-233 Fuel Pellet	render/8b317c4faad5a07074adfa609f5705c7
13:tabControl	1066	item.rbmk_pellet_heu233	2	HEU-233 Fuel Pellet	render/b329e2da0b60862ca428adefecdef54f
13:tabControl	1067	item.rbmk_pellet_heu233	3	HEU-233 Fuel Pellet	render/b31a3f1ea872334f9b30c2b92b961d3f
13:tabControl	1068	item.rbmk_pellet_heu233	4	HEU-233 Fuel Pellet	render/c8becb72fef10903630482953d03321d
13:tabControl	1069	item.rbmk_pellet_heu233	5	HEU-233 Fuel Pellet	render/0eccbb852cb2c73250deed7e28079847
13:tabControl	1070	item.rbmk_pellet_heu233	6	HEU-233 Fuel Pellet	render/b74e8e4720e7d4dd0c4f8afc4927dabf
13:tabControl	1071	item.rbmk_pellet_heu233	7	HEU-233 Fuel Pellet	render/5aed497cca052fb377e6d79b2fee312a
13:tabControl	1072	item.rbmk_pellet_heu233	8	HEU-233 Fuel Pellet	render/d68e137b55ca2dcef364680cb9580c59
13:tabControl	1073	item.rbmk_pellet_heu233	9	HEU-233 Fuel Pellet	render/98d45166e08862bcaab2fbb86f2678f7
13:tabControl	1074	item.rbmk_pellet_heu235	0	HEU-235 Fuel Pellet	render/48e0b1de5b324674a401fc782dc2b16b
13:tabControl	1075	item.rbmk_pellet_heu235	1	HEU-235 Fuel Pellet	render/62667c96f491883375e22bc60b18e80a
13:tabControl	1076	item.rbmk_pellet_heu235	2	HEU-235 Fuel Pellet	render/90912cdfa7caf74eb5d6e6b479128e5d
13:tabControl	1077	item.rbmk_pellet_heu235	3	HEU-235 Fuel Pellet	render/e261182bd588ea1fe7237506ad3b1474
13:tabControl	1078	item.rbmk_pellet_heu235	4	HEU-235 Fuel Pellet	render/b48496bb860d19e6aca716a1612159e2
13:tabControl	1079	item.rbmk_pellet_heu235	5	HEU-235 Fuel Pellet	render/fdf6dd4b2888a1401c0cc1b308a74d24
13:tabControl	1080	item.rbmk_pellet_heu235	6	HEU-235 Fuel Pellet	render/e6f5d28638d5337d6b8adc7072afa912
13:tabControl	1081	item.rbmk_pellet_heu235	7	HEU-235 Fuel Pellet	render/af737286801d27c81a64cacfb659fb20
13:tabControl	1082	item.rbmk_pellet_heu235	8	HEU-235 Fuel Pellet	render/4d55d961021d86f145916dbe06fa8383
13:tabControl	1083	item.rbmk_pellet_heu235	9	HEU-235 Fuel Pellet	render/81b0145d7b6765f9c138c18bf5348744
13:tabControl	1084	item.rbmk_pellet_uzh	0	UZrH Fuel Pellet	render/808bd6b15e5e1b87b8c2f0a7db16d01c
13:tabControl	1085	item.rbmk_pellet_uzh	1	UZrH Fuel Pellet	render/94594e5b05bc32c4a9f86c878f553f2b
13:tabControl	1086	item.rbmk_pellet_uzh	2	UZrH Fuel Pellet	render/a29c2a6528b4997ddd4698d686da2819
13:tabControl	1087	item.rbmk_pellet_uzh	3	UZrH Fuel Pellet	render/c243b21cdc15184870d41c5427c08093
13:tabControl	1088	item.rbmk_pellet_uzh	4	UZrH Fuel Pellet	render/d11c7d3ed8a7f1d8bdbfa0ef20a0d0ce
13:tabControl	1089	item.rbmk_pellet_uzh	5	UZrH Fuel Pellet	render/acd35fea6f1a27920135d3cb34a23783
13:tabControl	1090	item.rbmk_pellet_uzh	6	UZrH Fuel Pellet	render/220de6d1b51f8effac7fa8dccb23fc4c
13:tabControl	1091	item.rbmk_pellet_uzh	7	UZrH Fuel Pellet	render/62aa7763729ced2eca09a75d281cfcba
13:tabControl	1092	item.rbmk_pellet_uzh	8	UZrH Fuel Pellet	render/bc004586ed8f52186978f1f17c128f7e
13:tabControl	1093	item.rbmk_pellet_uzh	9	UZrH Fuel Pellet	render/17c57bf08a7d1f49d6da3c44ce3eca2f
13:tabControl	1094	item.rbmk_pellet_thmeu	0	ThMEU Fuel Pellet	render/052c69228a9fda6b601571df88454e63
13:tabControl	1095	item.rbmk_pellet_thmeu	1	ThMEU Fuel Pellet	render/d4e80ad5bc84675dac83c778dc58bf3b
13:tabControl	1096	item.rbmk_pellet_thmeu	2	ThMEU Fuel Pellet	render/05a56add771e378bacef91ad5f2ce7e2
13:tabControl	1097	item.rbmk_pellet_thmeu	3	ThMEU Fuel Pellet	render/a8f9b5aa8cfccf50074191209680f090
13:tabControl	1098	item.rbmk_pellet_thmeu	4	ThMEU Fuel Pellet	render/2fc4744fcd047eaecb69c6bada4ce03d
13:tabControl	1099	item.rbmk_pellet_thmeu	5	ThMEU Fuel Pellet	render/e7f38b9665a3221981cd6187836c2e1f
13:tabControl	1100	item.rbmk_pellet_thmeu	6	ThMEU Fuel Pellet	render/625f3e7227d861bb94c53eafc9339951
13:tabControl	1101	item.rbmk_pellet_thmeu	7	ThMEU Fuel Pellet	render/f9ab15736611af043fa11bf36081ba99
13:tabControl	1102	item.rbmk_pellet_thmeu	8	ThMEU Fuel Pellet	render/9fc7cfa0c10cd47ea632e4b0c2736468
13:tabControl	1103	item.rbmk_pellet_thmeu	9	ThMEU Fuel Pellet	render/e25c02b881e9fff3aecd3ab15212f59c
13:tabControl	1104	item.rbmk_pellet_lep	0	LEP Fuel Pellet	render/fd02366ac3d853009ac63c2243d73336
13:tabControl	1105	item.rbmk_pellet_lep	1	LEP Fuel Pellet	render/0beb754ee2f90006a93c8177301a4f8f
13:tabControl	1106	item.rbmk_pellet_lep	2	LEP Fuel Pellet	render/942f3d56d1f64d228c1da836813d50d7
13:tabControl	1107	item.rbmk_pellet_lep	3	LEP Fuel Pellet	render/7c8c93c0b742e156c8155120ab7cb03d
13:tabControl	1108	item.rbmk_pellet_lep	4	LEP Fuel Pellet	render/0d7964ff648f9362a54926ab559f83f0
13:tabControl	1109	item.rbmk_pellet_lep	5	LEP Fuel Pellet	render/3e21a18a027500310bfc2da8d70cdb1b
13:tabControl	1110	item.rbmk_pellet_lep	6	LEP Fuel Pellet	render/bfeee75aea4b441a7e4f55362afd39f4
13:tabControl	1111	item.rbmk_pellet_lep	7	LEP Fuel Pellet	render/30b4e91b5d75b7f5d36b35c043ba18bf
13:tabControl	1112	item.rbmk_pellet_lep	8	LEP Fuel Pellet	render/169369fa4515bab06cc5615c90ee7a33
13:tabControl	1113	item.rbmk_pellet_lep	9	LEP Fuel Pellet	render/99f3a49f2b0251d02725529c21a9a0d5
13:tabControl	1114	item.rbmk_pellet_mep	0	MEP Fuel Pellet	render/5e0f6b5f633a0703ec17450da1eb9449
13:tabControl	1115	item.rbmk_pellet_mep	1	MEP Fuel Pellet	render/156b29872a4a7f835c3e9c0223d4bd7a
13:tabControl	1116	item.rbmk_pellet_mep	2	MEP Fuel Pellet	render/78400884404f66933d1a64c54c7e8509
13:tabControl	1117	item.rbmk_pellet_mep	3	MEP Fuel Pellet	render/6e82d68a61d18c3727f955ae7fdd8e7a
13:tabControl	1118	item.rbmk_pellet_mep	4	MEP Fuel Pellet	render/f527331a2c52fad662d7b13f0caf0cb5
13:tabControl	1119	item.rbmk_pellet_mep	5	MEP Fuel Pellet	render/1a164d1fed5627a4b46d0be069d139ba
13:tabControl	1120	item.rbmk_pellet_mep	6	MEP Fuel Pellet	render/a4dfcc43b00fe03a9dc60593bd5973ff
13:tabControl	1121	item.rbmk_pellet_mep	7	MEP Fuel Pellet	render/49057260892a801652d27b31237324b5
13:tabControl	1122	item.rbmk_pellet_mep	8	MEP Fuel Pellet	render/e96bdf581c678308af331856284095bd
13:tabControl	1123	item.rbmk_pellet_mep	9	MEP Fuel Pellet	render/c3c1ab027050c9200609c07a0d352aed
13:tabControl	1124	item.rbmk_pellet_hep239	0	HEP-239 Fuel Pellet	render/fb6f6d33a87bf8d182d26c67049c8c7d
13:tabControl	1125	item.rbmk_pellet_hep239	1	HEP-239 Fuel Pellet	render/f6cc774de4f8551124fd00dd29460fe2
13:tabControl	1126	item.rbmk_pellet_hep239	2	HEP-239 Fuel Pellet	render/52e491825dbf29fe9519da0e2e6c9287
13:tabControl	1127	item.rbmk_pellet_hep239	3	HEP-239 Fuel Pellet	render/eebd59ee5c9176c766909d6f7a4e5745
13:tabControl	1128	item.rbmk_pellet_hep239	4	HEP-239 Fuel Pellet	render/b189c49ef5a0eda887cd103c85e4be8b
13:tabControl	1129	item.rbmk_pellet_hep239	5	HEP-239 Fuel Pellet	render/e536afb30f1ef8a1c0ad01c81177a3db
13:tabControl	1130	item.rbmk_pellet_hep239	6	HEP-239 Fuel Pellet	render/900197e5642cb80aabcf23c70f2b9201
13:tabControl	1131	item.rbmk_pellet_hep239	7	HEP-239 Fuel Pellet	render/0dd75da061d9699f48eb2d5f2385308b
13:tabControl	1132	item.rbmk_pellet_hep239	8	HEP-239 Fuel Pellet	render/9d47d3f670f23f3dad60ce655237580e
13:tabControl	1133	item.rbmk_pellet_hep239	9	HEP-239 Fuel Pellet	render/23a0eb00749cee9582bc805539d1450c
13:tabControl	1134	item.rbmk_pellet_hep241	0	HEP-241 Fuel Pellet	render/c05c980b581766ef3028ad536cdaaa9e
13:tabControl	1135	item.rbmk_pellet_hep241	1	HEP-241 Fuel Pellet	render/f0a22874ab8fdb4a1c4f88f4cbf3ec99
13:tabControl	1136	item.rbmk_pellet_hep241	2	HEP-241 Fuel Pellet	render/14eb3e4a098d0bb16e86dd89bf9eb7d7
13:tabControl	1137	item.rbmk_pellet_hep241	3	HEP-241 Fuel Pellet	render/e840479137a5efcb9ecb3bf9be64c841
13:tabControl	1138	item.rbmk_pellet_hep241	4	HEP-241 Fuel Pellet	render/b0bc926f818e7f4d02b78835c85e590f
13:tabControl	1139	item.rbmk_pellet_hep241	5	HEP-241 Fuel Pellet	render/34c5e465fa05644649844e72a8875732
13:tabControl	1140	item.rbmk_pellet_hep241	6	HEP-241 Fuel Pellet	render/c3d4c2689fe993195bdbfb6d76605343
13:tabControl	1141	item.rbmk_pellet_hep241	7	HEP-241 Fuel Pellet	render/9dd31a13e8d65eee2cb51a31b3a24513
13:tabControl	1142	item.rbmk_pellet_hep241	8	HEP-241 Fuel Pellet	render/5ae789d70b19bc3b6359da0cd323af26
13:tabControl	1143	item.rbmk_pellet_hep241	9	HEP-241 Fuel Pellet	render/f16799e7c51f62fbb0b59fee57fa21f3
13:tabControl	1144	item.rbmk_pellet_lea	0	LEA Fuel Pellet	render/ded3e56bae6fc175f9a742a0bc13161a
13:tabControl	1145	item.rbmk_pellet_lea	1	LEA Fuel Pellet	render/98fd0c1ef59e33c4398bff7c0f3b8d6e
13:tabControl	1146	item.rbmk_pellet_lea	2	LEA Fuel Pellet	render/000ed7d34c2ce650f48d4cab369d2324
13:tabControl	1147	item.rbmk_pellet_lea	3	LEA Fuel Pellet	render/1510b4d4be84853a4d50ab01723f3f14
13:tabControl	1148	item.rbmk_pellet_lea	4	LEA Fuel Pellet	render/4b4a5676bd32689cb3cf20703051c61e
13:tabControl	1149	item.rbmk_pellet_lea	5	LEA Fuel Pellet	render/b55b7342ec4cd93b1f196c65f1765dc5
13:tabControl	1150	item.rbmk_pellet_lea	6	LEA Fuel Pellet	render/6fc4764eba62a5cd84a0d327b7fbc46f
13:tabControl	1151	item.rbmk_pellet_lea	7	LEA Fuel Pellet	render/ff3ba72d4d5404d6d7a148702f95e56a
13:tabControl	1152	item.rbmk_pellet_lea	8	LEA Fuel Pellet	render/cd8e0765784dc9b7bca80cd77eb14710
13:tabControl	1153	item.rbmk_pellet_lea	9	LEA Fuel Pellet	render/91a6d138003893a35ce4e67e2e199edd
13:tabControl	1154	item.rbmk_pellet_mea	0	MEA Fuel Pellet	render/c16d439511a5a5e335beb298843a0e2d
13:tabControl	1155	item.rbmk_pellet_mea	1	MEA Fuel Pellet	render/70295d1ad9894d89db9e990c8e4d3bd3
13:tabControl	1156	item.rbmk_pellet_mea	2	MEA Fuel Pellet	render/00b1e74fef9f2b3907580e5a53bdc87b
13:tabControl	1157	item.rbmk_pellet_mea	3	MEA Fuel Pellet	render/c8486b4d601e5dc784d4e32b42e62b95
13:tabControl	1158	item.rbmk_pellet_mea	4	MEA Fuel Pellet	render/410808c02bd5f095436c42d8694cc095
13:tabControl	1159	item.rbmk_pellet_mea	5	MEA Fuel Pellet	render/fab54b0b502166f43d11d51492faad2e
13:tabControl	1160	item.rbmk_pellet_mea	6	MEA Fuel Pellet	render/821b9dddfd037a5d840d60600e11f657
13:tabControl	1161	item.rbmk_pellet_mea	7	MEA Fuel Pellet	render/af9f23ae9f1737f3a9a86156f9ff0a9f
13:tabControl	1162	item.rbmk_pellet_mea	8	MEA Fuel Pellet	render/bef449bf254a41666b28b9882ace7fbe
13:tabControl	1163	item.rbmk_pellet_mea	9	MEA Fuel Pellet	render/7a309cc0fbf49543fb1d489c09a8a4dc
13:tabControl	1164	item.rbmk_pellet_hea241	0	HEA-241 Fuel Pellet	render/862c4a398b621b26263fb1afc40c4076
13:tabControl	1165	item.rbmk_pellet_hea241	1	HEA-241 Fuel Pellet	render/e8d768c0887c58472df729b274aa4690
13:tabControl	1166	item.rbmk_pellet_hea241	2	HEA-241 Fuel Pellet	render/2dca6679fe4d912893fe4df259d07672
13:tabControl	1167	item.rbmk_pellet_hea241	3	HEA-241 Fuel Pellet	render/1247592936f0cac52454e8cb6f40b9b2
13:tabControl	1168	item.rbmk_pellet_hea241	4	HEA-241 Fuel Pellet	render/96a7fb91159b818b919616fb71ca468c
13:tabControl	1169	item.rbmk_pellet_hea241	5	HEA-241 Fuel Pellet	render/9693d42d463b6646612b37bc1436554b
13:tabControl	1170	item.rbmk_pellet_hea241	6	HEA-241 Fuel Pellet	render/a17157a1c8bd91d11fc4eac8c926c057
13:tabControl	1171	item.rbmk_pellet_hea241	7	HEA-241 Fuel Pellet	render/92df4960e68bc396c831899172ae6ae3
13:tabControl	1172	item.rbmk_pellet_hea241	8	HEA-241 Fuel Pellet	render/60071b29c878596b5e5a5a424888ac05
13:tabControl	1173	item.rbmk_pellet_hea241	9	HEA-241 Fuel Pellet	render/a42e456ae08629a358dfe0c07ab767f6
13:tabControl	1174	item.rbmk_pellet_hea242	0	HEA-242 Fuel Pellet	render/24d77704ae79d76205509b3584e24cf0
13:tabControl	1175	item.rbmk_pellet_hea242	1	HEA-242 Fuel Pellet	render/e30623ea4e63fd969e648623b5be97fd
13:tabControl	1176	item.rbmk_pellet_hea242	2	HEA-242 Fuel Pellet	render/9bd3091ba9f79df86498829085d48a37
13:tabControl	1177	item.rbmk_pellet_hea242	3	HEA-242 Fuel Pellet	render/9dfe29d9fc410bb9de70d1e14f3ed491
13:tabControl	1178	item.rbmk_pellet_hea242	4	HEA-242 Fuel Pellet	render/e6a6ffdab1c1386432bb100c9761c0a5
13:tabControl	1179	item.rbmk_pellet_hea242	5	HEA-242 Fuel Pellet	render/af25a9e6f23b32e0e1816bd1518c070c
13:tabControl	1180	item.rbmk_pellet_hea242	6	HEA-242 Fuel Pellet	render/d241ed14541393ba10812512a5c489f2
13:tabControl	1181	item.rbmk_pellet_hea242	7	HEA-242 Fuel Pellet	render/5b41a0b321c94e872189803beaa901ea
13:tabControl	1182	item.rbmk_pellet_hea242	8	HEA-242 Fuel Pellet	render/360c6cf016a5577f7509634f661e7a7c
13:tabControl	1183	item.rbmk_pellet_hea242	9	HEA-242 Fuel Pellet	render/517e89366a1d306891f0c738591a4903
13:tabControl	1184	item.rbmk_pellet_men	0	MEN Fuel Pellet	render/fe3aea5d91c0e284c919d6c9f55e8d96
13:tabControl	1185	item.rbmk_pellet_men	1	MEN Fuel Pellet	render/c6d79bf46397e89255d2ac1e22326113
13:tabControl	1186	item.rbmk_pellet_men	2	MEN Fuel Pellet	render/31dcb2722fb9a5235c627a8d16988699
13:tabControl	1187	item.rbmk_pellet_men	3	MEN Fuel Pellet	render/595396d48c18d6efd930a57e34100922
13:tabControl	1188	item.rbmk_pellet_men	4	MEN Fuel Pellet	render/867e700ada5ff44725c81d8c9e261a86
13:tabControl	1189	item.rbmk_pellet_men	5	MEN Fuel Pellet	render/e64317478391e517bb83bc03e684734b
13:tabControl	1190	item.rbmk_pellet_men	6	MEN Fuel Pellet	render/134d86b5cf495828569b989912c68c94
13:tabControl	1191	item.rbmk_pellet_men	7	MEN Fuel Pellet	render/4f5c48d5e592675d488213be6663ee4d
13:tabControl	1192	item.rbmk_pellet_men	8	MEN Fuel Pellet	render/ffe87814cbaa3908e1937907bcb684b4
13:tabControl	1193	item.rbmk_pellet_men	9	MEN Fuel Pellet	render/8e39470cbc825cde943ec3d2b2197105
13:tabControl	1194	item.rbmk_pellet_hen	0	HEN Fuel Pellet	render/902d491dea0084584b26c4a43d7abe61
13:tabControl	1195	item.rbmk_pellet_hen	1	HEN Fuel Pellet	render/89de3bf55344b8f15529f3dc2a7a3141
13:tabControl	1196	item.rbmk_pellet_hen	2	HEN Fuel Pellet	render/43f3912a309a0042255ccb1d3be9e72e
13:tabControl	1197	item.rbmk_pellet_hen	3	HEN Fuel Pellet	render/07152e38d0053d342b4f3fad486bfeaf
13:tabControl	1198	item.rbmk_pellet_hen	4	HEN Fuel Pellet	render/da5a2b6cf8bc3eea6369621a8f965f64
13:tabControl	1199	item.rbmk_pellet_hen	5	HEN Fuel Pellet	render/a748d76c7ef7b3208298cadf3f16c780
13:tabControl	1200	item.rbmk_pellet_hen	6	HEN Fuel Pellet	render/c67ecde54b4196f7e0fe5654e0f489d8
13:tabControl	1201	item.rbmk_pellet_hen	7	HEN Fuel Pellet	render/50ca221bc73cadae6c0c166c39a25b2e
13:tabControl	1202	item.rbmk_pellet_hen	8	HEN Fuel Pellet	render/ceb9f2ae798f7e36c76ba720fdb0371d
13:tabControl	1203	item.rbmk_pellet_hen	9	HEN Fuel Pellet	render/1d996db26d3d99d8f0d152ae0e30a669
13:tabControl	1204	item.rbmk_pellet_mox	0	MOX Fuel Pellet	render/f13e1757060a3f599f4f76daac3e8ef5
13:tabControl	1205	item.rbmk_pellet_mox	1	MOX Fuel Pellet	render/6b601bd5be7c20d162f5fe3b3bcaa660
13:tabControl	1206	item.rbmk_pellet_mox	2	MOX Fuel Pellet	render/661483d7004346b9c97da19b7586762c
13:tabControl	1207	item.rbmk_pellet_mox	3	MOX Fuel Pellet	render/500ee8382dbe84813a09e7aa2dbf4c2e
13:tabControl	1208	item.rbmk_pellet_mox	4	MOX Fuel Pellet	render/aa1769617ea3ffb7d4fb7ee8dec9b4e7
13:tabControl	1209	item.rbmk_pellet_mox	5	MOX Fuel Pellet	render/71de17b2381a3209b0d3695678291417
13:tabControl	1210	item.rbmk_pellet_mox	6	MOX Fuel Pellet	render/39185b13044a4e146e83f598c7e8ce2b
13:tabControl	1211	item.rbmk_pellet_mox	7	MOX Fuel Pellet	render/b1d59fee1043980189fb7baa8110ceab
13:tabControl	1212	item.rbmk_pellet_mox	8	MOX Fuel Pellet	render/40a2c322002ec88a5430bb95a73d112b
13:tabControl	1213	item.rbmk_pellet_mox	9	MOX Fuel Pellet	render/f6e4022344ed0585ea3f4635ca526689
13:tabControl	1214	item.rbmk_pellet_les	0	LES Fuel Pellet	render/b142e27201519cece8c645d52e09316f
13:tabControl	1215	item.rbmk_pellet_les	1	LES Fuel Pellet	render/8763e0ae798542e883eb84efe9b7f91d
13:tabControl	1216	item.rbmk_pellet_les	2	LES Fuel Pellet	render/f5d34715775a2a7ce2e5ccf0194c8ef3
13:tabControl	1217	item.rbmk_pellet_les	3	LES Fuel Pellet	render/341301d9197537add83aa2612edf56d9
13:tabControl	1218	item.rbmk_pellet_les	4	LES Fuel Pellet	render/11b7d3b8a20a0cc74112dbab7a10ad31
13:tabControl	1219	item.rbmk_pellet_les	5	LES Fuel Pellet	render/e09a1bdc997f3d8ddb4451327504b505
13:tabControl	1220	item.rbmk_pellet_les	6	LES Fuel Pellet	render/bb813d6f2dbd6a6bb1b782a40988ee14
13:tabControl	1221	item.rbmk_pellet_les	7	LES Fuel Pellet	render/1bc99f8cc1f98770b13cd31d6f8b5f37
13:tabControl	1222	item.rbmk_pellet_les	8	LES Fuel Pellet	render/dc8691dcf2caa0699a7a5c8b2dc1ffea
13:tabControl	1223	item.rbmk_pellet_les	9	LES Fuel Pellet	render/1fb21dff7d888d7635cb454fe27349a6
13:tabControl	1224	item.rbmk_pellet_mes	0	MES Fuel Pellet	render/1c63dbdb161e46fb351047e52a1dee77
13:tabControl	1225	item.rbmk_pellet_mes	1	MES Fuel Pellet	render/c317e9a9f6ef0e874a6cd5dff165bf6a
13:tabControl	1226	item.rbmk_pellet_mes	2	MES Fuel Pellet	render/6b8eb34c4c83639f32e4b10a878d0df0
13:tabControl	1227	item.rbmk_pellet_mes	3	MES Fuel Pellet	render/2f6fc12fe35a3c733fc34507f2f56660
13:tabControl	1228	item.rbmk_pellet_mes	4	MES Fuel Pellet	render/87ba317b65a2ac683a1ac480e2b89c09
13:tabControl	1229	item.rbmk_pellet_mes	5	MES Fuel Pellet	render/0dc123542314dd50ffecc39329878422
13:tabControl	1230	item.rbmk_pellet_mes	6	MES Fuel Pellet	render/103b89104bc3031c75ef0b59584054fa
13:tabControl	1231	item.rbmk_pellet_mes	7	MES Fuel Pellet	render/c56493d3c61bb7f6a3742f40eec196ed
13:tabControl	1232	item.rbmk_pellet_mes	8	MES Fuel Pellet	render/4ef23711f2e72c815fa73b48bd8c48ae
13:tabControl	1233	item.rbmk_pellet_mes	9	MES Fuel Pellet	render/c20b1289c54a4f281f07f489ca553786
13:tabControl	1234	item.rbmk_pellet_hes	0	HES Fuel Pellet	render/fc608aae5e072bbd76a6f9bd18b3f949
13:tabControl	1235	item.rbmk_pellet_hes	1	HES Fuel Pellet	render/ac370b5b57318af5a812561bab211f0b
13:tabControl	1236	item.rbmk_pellet_hes	2	HES Fuel Pellet	render/a49af38285b017ec18d30e0e189d63f2
13:tabControl	1237	item.rbmk_pellet_hes	3	HES Fuel Pellet	render/61a2d5cf730bde9b490ff2b12465bdff
13:tabControl	1238	item.rbmk_pellet_hes	4	HES Fuel Pellet	render/5b70c3f305d1a7b11343a45a4cd99604
13:tabControl	1239	item.rbmk_pellet_hes	5	HES Fuel Pellet	render/d05a7726b549775f0401ded125032f61
13:tabControl	1240	item.rbmk_pellet_hes	6	HES Fuel Pellet	render/58a1b45c40ed2d778c779862bebbcce1
13:tabControl	1241	item.rbmk_pellet_hes	7	HES Fuel Pellet	render/c59065d367f58062ae0178fafb34fc14
13:tabControl	1242	item.rbmk_pellet_hes	8	HES Fuel Pellet	render/89f07f5f5cd3218fc0bd2c958ad49d18
13:tabControl	1243	item.rbmk_pellet_hes	9	HES Fuel Pellet	render/d9e721868679e6581227a24e5eb31159
13:tabControl	1244	item.rbmk_pellet_leaus	0	LEAus Fuel Pellet	render/a3bc59d88dcc71e710618904629e53c9
13:tabControl	1245	item.rbmk_pellet_leaus	1	LEAus Fuel Pellet	render/e364f85694a37a6301203bdaddf3aa88
13:tabControl	1246	item.rbmk_pellet_leaus	2	LEAus Fuel Pellet	render/9a5f5cf5f3d9783167b09c334b40d61d
13:tabControl	1247	item.rbmk_pellet_leaus	3	LEAus Fuel Pellet	render/2901274b963ca929adba33571349a152
13:tabControl	1248	item.rbmk_pellet_leaus	4	LEAus Fuel Pellet	render/d366c9b5b72feb39ed7fe4f6c1bedf7b
13:tabControl	1249	item.rbmk_pellet_leaus	5	LEAus Fuel Pellet	render/6043c9897e1767f20f3543931d7165d3
13:tabControl	1250	item.rbmk_pellet_leaus	6	LEAus Fuel Pellet	render/e45b95265774655084099dcbe1a00b39
13:tabControl	1251	item.rbmk_pellet_leaus	7	LEAus Fuel Pellet	render/6d4d437c79c867902bedd7ede63d8d93
13:tabControl	1252	item.rbmk_pellet_leaus	8	LEAus Fuel Pellet	render/6b92188dbb07f432c416781f9551c601
13:tabControl	1253	item.rbmk_pellet_leaus	9	LEAus Fuel Pellet	render/9f8ef0c1f5669973052c9a045e5938f3
13:tabControl	1254	item.rbmk_pellet_heaus	0	HEAus Fuel Pellet	render/981de09bf309aea791bd567d9046a263
13:tabControl	1255	item.rbmk_pellet_heaus	1	HEAus Fuel Pellet	render/1f3bcfd94a119d9118dd4ff88bdd61a5
13:tabControl	1256	item.rbmk_pellet_heaus	2	HEAus Fuel Pellet	render/ed0fd0fb4da2c15522460e15572745e1
13:tabControl	1257	item.rbmk_pellet_heaus	3	HEAus Fuel Pellet	render/0d7f07a82adb08af8c46ec9657bd4e49
13:tabControl	1258	item.rbmk_pellet_heaus	4	HEAus Fuel Pellet	render/9294653daaf6818e7191e2f1439ace1c
13:tabControl	1259	item.rbmk_pellet_heaus	5	HEAus Fuel Pellet	render/91f7d16fd174615d4677b47fbd3b2be0
13:tabControl	1260	item.rbmk_pellet_heaus	6	HEAus Fuel Pellet	render/1215d1b1416aca14882ad77614f4ee63
13:tabControl	1261	item.rbmk_pellet_heaus	7	HEAus Fuel Pellet	render/ce394d6b01ae6767341e082e62d2ae9d
13:tabControl	1262	item.rbmk_pellet_heaus	8	HEAus Fuel Pellet	render/7d576d313ac5fc64868a636650dad10c
13:tabControl	1263	item.rbmk_pellet_heaus	9	HEAus Fuel Pellet	render/6c834ecd59b57d1270ce15443c2bb565
13:tabControl	1264	item.rbmk_pellet_po210be	0	Po210Be Neutron Source Pellet	render/ae39021758f1a17a9f684656737105cf
13:tabControl	1265	item.rbmk_pellet_po210be	1	Po210Be Neutron Source Pellet	render/084ba864c3e22e224ad02f334d5a4445
13:tabControl	1266	item.rbmk_pellet_po210be	2	Po210Be Neutron Source Pellet	render/ac6b236c9da9a34e9c3796a17761d437
13:tabControl	1267	item.rbmk_pellet_po210be	3	Po210Be Neutron Source Pellet	render/df3caa1b82616db7c1b0c5978ed2053c
13:tabControl	1268	item.rbmk_pellet_po210be	4	Po210Be Neutron Source Pellet	render/fedb36c2c601f010eda0bcd5ac0d0f4c
13:tabControl	1269	item.rbmk_pellet_ra226be	0	Ra226Be Neutron Source Pellet	render/93d6a4623c36b901553c9efb3a4545d2
13:tabControl	1270	item.rbmk_pellet_ra226be	1	Ra226Be Neutron Source Pellet	render/84850e62749f01d4ad2d1a8c9fd7bc92
13:tabControl	1271	item.rbmk_pellet_ra226be	2	Ra226Be Neutron Source Pellet	render/627001cc31eccd677dbfeba110930c40
13:tabControl	1272	item.rbmk_pellet_ra226be	3	Ra226Be Neutron Source Pellet	render/e1150bad868af838229121b902949e1d
13:tabControl	1273	item.rbmk_pellet_ra226be	4	Ra226Be Neutron Source Pellet	render/e9ee70501ad8b63245aeb1e213ee8151
13:tabControl	1274	item.rbmk_pellet_pu238be	0	Pu238Be Neutron Source Pellet	render/d5b1c7824ea42c256d1d852008d69c7d
13:tabControl	1275	item.rbmk_pellet_pu238be	1	Pu238Be Neutron Source Pellet	render/c9bb0dba06444e1acbe6fd5c0f2f49fa
13:tabControl	1276	item.rbmk_pellet_pu238be	2	Pu238Be Neutron Source Pellet	render/21b5177f331f78819e043847f2bff75f
13:tabControl	1277	item.rbmk_pellet_pu238be	3	Pu238Be Neutron Source Pellet	render/4bf726a76ea56c61970ac39f6a67510a
13:tabControl	1278	item.rbmk_pellet_pu238be	4	Pu238Be Neutron Source Pellet	render/f5973d1c9ac7331aaa60cb103e209586
13:tabControl	1279	item.rbmk_pellet_pu238be	5	Pu238Be Neutron Source Pellet	render/2032690cfa4413bbceacbfd7672d1dcd
13:tabControl	1280	item.rbmk_pellet_pu238be	6	Pu238Be Neutron Source Pellet	render/b05b3897e5ccad26c50dae064c91d86a
13:tabControl	1281	item.rbmk_pellet_pu238be	7	Pu238Be Neutron Source Pellet	render/69a1869ac4e8a691e150785c60df8ea1
13:tabControl	1282	item.rbmk_pellet_pu238be	8	Pu238Be Neutron Source Pellet	render/22ad1f19952ba3f97fb6729f0827dedf
13:tabControl	1283	item.rbmk_pellet_pu238be	9	Pu238Be Neutron Source Pellet	render/7aef3fb2c5b33af08b3302adf2c5aaaa
13:tabControl	1284	item.rbmk_pellet_balefire_gold	0	Flashgold Fuel Pellet	render/ec821f968775921925421be1239819e2
13:tabControl	1285	item.rbmk_pellet_balefire_gold	1	Flashgold Fuel Pellet	render/fef3c222bb91bccced015f9c00a59fd5
13:tabControl	1286	item.rbmk_pellet_balefire_gold	2	Flashgold Fuel Pellet	render/62640c67db84e31441317b74c0a8e78e
13:tabControl	1287	item.rbmk_pellet_balefire_gold	3	Flashgold Fuel Pellet	render/89497e6fe2ff31f82842647354554043
13:tabControl	1288	item.rbmk_pellet_balefire_gold	4	Flashgold Fuel Pellet	render/1465ac9e31b9f61c1966ccc79807ba33
13:tabControl	1289	item.rbmk_pellet_flashlead	0	Flashlead Fuel Pellet	render/a8d734c36dc2490a27f08e1c41ca2742
13:tabControl	1290	item.rbmk_pellet_flashlead	1	Flashlead Fuel Pellet	render/24aaaad3d45ac4c7d10ad2de23734702
13:tabControl	1291	item.rbmk_pellet_flashlead	2	Flashlead Fuel Pellet	render/801bebc6d024063058164f60a748e096
13:tabControl	1292	item.rbmk_pellet_flashlead	3	Flashlead Fuel Pellet	render/fcc3758a535874789291dba5b231ae90
13:tabControl	1293	item.rbmk_pellet_flashlead	4	Flashlead Fuel Pellet	render/6e9cf3766b075547aafcff547f6711cb
13:tabControl	1294	item.rbmk_pellet_balefire	0	Balefire Fuel Pellet	render/5957ac230837f8df5930f93053f978dd
13:tabControl	1295	item.rbmk_pellet_balefire	1	Balefire Fuel Pellet	render/d0ac1e426411d0cb1f213827d662f899
13:tabControl	1296	item.rbmk_pellet_balefire	2	Balefire Fuel Pellet	render/937bf2a16fe50fab3478d3e399e6069d
13:tabControl	1297	item.rbmk_pellet_balefire	3	Balefire Fuel Pellet	render/5159f8f815b0cff3954545d3109c294d
13:tabControl	1298	item.rbmk_pellet_balefire	4	Balefire Fuel Pellet	render/ffd82acf3eb2cf77c39910115d0f029d
13:tabControl	1299	item.rbmk_pellet_zfb_bismuth	0	Bismuth ZFB Pellet	render/a45a8a81b92daf3896b0343f9b0822b1
13:tabControl	1300	item.rbmk_pellet_zfb_bismuth	1	Bismuth ZFB Pellet	render/b0c30a4b867c1934489ddda635f71048
13:tabControl	1301	item.rbmk_pellet_zfb_bismuth	2	Bismuth ZFB Pellet	render/9b756e69d63be9a4648df36723520c6a
13:tabControl	1302	item.rbmk_pellet_zfb_bismuth	3	Bismuth ZFB Pellet	render/284ba9656b9c4b735ab9282f57c8eef6
13:tabControl	1303	item.rbmk_pellet_zfb_bismuth	4	Bismuth ZFB Pellet	render/9a1e435e8449ba37923154c592fe40b0
13:tabControl	1304	item.rbmk_pellet_zfb_bismuth	5	Bismuth ZFB Pellet	render/a0f92d21d1bdbe2974b3e1d5391efbfd
13:tabControl	1305	item.rbmk_pellet_zfb_bismuth	6	Bismuth ZFB Pellet	render/dc930bb8f2277e68539535410ea194e7
13:tabControl	1306	item.rbmk_pellet_zfb_bismuth	7	Bismuth ZFB Pellet	render/bd6a78c71fa6b5ba30d7879aac264f4d
13:tabControl	1307	item.rbmk_pellet_zfb_bismuth	8	Bismuth ZFB Pellet	render/b3737f467bb493a8cb0bee9ccd492aa2
13:tabControl	1308	item.rbmk_pellet_zfb_bismuth	9	Bismuth ZFB Pellet	render/12d7799d2bfd2fa8c9aca1663a1c94fe
13:tabControl	1309	item.rbmk_pellet_zfb_pu241	0	Pu-241 ZFB Pellet	render/56a9def6bb87e2add88488f096915c32
13:tabControl	1310	item.rbmk_pellet_zfb_pu241	1	Pu-241 ZFB Pellet	render/b35b7927a6fcda48156c11c79b6247a1
13:tabControl	1311	item.rbmk_pellet_zfb_pu241	2	Pu-241 ZFB Pellet	render/e64bdac52f34b6c88809b87d5d5c36b3
13:tabControl	1312	item.rbmk_pellet_zfb_pu241	3	Pu-241 ZFB Pellet	render/35da5c580b5ddb814c5ee24d0bddd300
13:tabControl	1313	item.rbmk_pellet_zfb_pu241	4	Pu-241 ZFB Pellet	render/838ff59972b12e7beccc1f34f9ac0fe5
13:tabControl	1314	item.rbmk_pellet_zfb_pu241	5	Pu-241 ZFB Pellet	render/45fadea0610088cf83e131a539a397e5
13:tabControl	1315	item.rbmk_pellet_zfb_pu241	6	Pu-241 ZFB Pellet	render/f281263b3823fa29241c1d9ac1dd85cc
13:tabControl	1316	item.rbmk_pellet_zfb_pu241	7	Pu-241 ZFB Pellet	render/cb79a5f6a41118f3f76dabb1a4e5ecf9
13:tabControl	1317	item.rbmk_pellet_zfb_pu241	8	Pu-241 ZFB Pellet	render/517f61f4d7788a9428fdcf8576ac21c3
13:tabControl	1318	item.rbmk_pellet_zfb_pu241	9	Pu-241 ZFB Pellet	render/a811dc9cfede2a2ecdb0a2db7d7d1fe4
13:tabControl	1319	item.rbmk_pellet_zfb_am_mix	0	Fuel Grade Americium ZFB Pellet	render/e96b0bb90a80073d80f101f7c0ed1059
13:tabControl	1320	item.rbmk_pellet_zfb_am_mix	1	Fuel Grade Americium ZFB Pellet	render/30c19fd3256c8f77a1095fa30c36b25b
13:tabControl	1321	item.rbmk_pellet_zfb_am_mix	2	Fuel Grade Americium ZFB Pellet	render/8c1d1c126db0aecbb9b4ee148cd0173b
13:tabControl	1322	item.rbmk_pellet_zfb_am_mix	3	Fuel Grade Americium ZFB Pellet	render/6a3af961e010132175c9f7b23644b220
13:tabControl	1323	item.rbmk_pellet_zfb_am_mix	4	Fuel Grade Americium ZFB Pellet	render/270567a836091726490a6bd35956491b
13:tabControl	1324	item.rbmk_pellet_zfb_am_mix	5	Fuel Grade Americium ZFB Pellet	render/df47ec3427b2f59e8ee4a076ac7669ae
13:tabControl	1325	item.rbmk_pellet_zfb_am_mix	6	Fuel Grade Americium ZFB Pellet	render/2fc36cd2cf2e5b09b46ab30260227389
13:tabControl	1326	item.rbmk_pellet_zfb_am_mix	7	Fuel Grade Americium ZFB Pellet	render/bb287c8813dd3a3613f804bd7d064fa0
13:tabControl	1327	item.rbmk_pellet_zfb_am_mix	8	Fuel Grade Americium ZFB Pellet	render/a6907f3d1884838be0465d8c1ded53be
13:tabControl	1328	item.rbmk_pellet_zfb_am_mix	9	Fuel Grade Americium ZFB Pellet	render/79fc2a28102b6a9860575a53f8202265
13:tabControl	1329	item.rbmk_pellet_drx	0	§cDigamma Fuel Pellet§r	render/75563b9dfedf5c7bcd3c58083c6b388b
13:tabControl	1330	item.rbmk_pellet_drx	1	§cDigamma Fuel Pellet§r	render/2fb59391d777f29db3477ea2ea5c6005
13:tabControl	1331	item.rbmk_pellet_drx	2	§cDigamma Fuel Pellet§r	render/1aacdaa211e97c1f6b9f5d687171d123
13:tabControl	1332	item.rbmk_pellet_drx	3	§cDigamma Fuel Pellet§r	render/0225694f9670e8a43f7fcb4fc06562f2
13:tabControl	1333	item.rbmk_pellet_drx	4	§cDigamma Fuel Pellet§r	render/2b2f736f927276c0b8b9c499623f9edb
13:tabControl	1334	item.rbmk_pellet_drx	5	§cDigamma Fuel Pellet§r	render/d80b561716f9782a84b89bf9116c0b58
13:tabControl	1335	item.rbmk_pellet_drx	6	§cDigamma Fuel Pellet§r	render/e711e43ab52f34801f651b745961b2ee
13:tabControl	1336	item.rbmk_pellet_drx	7	§cDigamma Fuel Pellet§r	render/98d5d5dc045caf7f3e9890b75d6300a3
13:tabControl	1337	item.rbmk_pellet_drx	8	§cDigamma Fuel Pellet§r	render/33963b87956e22374d7e1c28bcfad10e
13:tabControl	1338	item.rbmk_pellet_drx	9	§cDigamma Fuel Pellet§r	render/53187ce112340ffec84736f62b275748
13:tabControl	1339	item.watz_pellet	0	Schrabidium Watz Pellet	render/eae1313386ed7639999ee871dca4d69e
13:tabControl	1340	item.watz_pellet	1	HES Watz Pellet	render/33ce6b449268540f7a3b97df3e1ee992
13:tabControl	1341	item.watz_pellet	2	MES Watz Pellet	render/83bd49849c6ea0f22803250635fb752d
13:tabControl	1342	item.watz_pellet	3	LES Watz Pellet	render/53f40edc8b04f0b0ea91600c89016df1
13:tabControl	1343	item.watz_pellet	4	HEN Watz Pellet	render/1d27b90cc4f4efca8bc145a13139e686
13:tabControl	1344	item.watz_pellet	5	MEU Watz Pellet	render/88039b0fb43ab66436a9864d9a5b96d4
13:tabControl	1345	item.watz_pellet	6	MEP Watz Pellet	render/f91cf803071411e316910f2eadc6e908
13:tabControl	1346	item.watz_pellet	7	Lead Absorber Pellet	render/00587f2e1757774e3d67b3d6ad1faf9a
13:tabControl	1347	item.watz_pellet	8	Boron Absorber Pellet	render/6aeed3e257bebf94b7ba56752405094c
13:tabControl	1348	item.watz_pellet	9	Depleted Uranium Absorber Pellet	render/88039b0fb43ab66436a9864d9a5b96d4
13:tabControl	1349	item.watz_pellet	10	Enriched Naquadah Watz Pellet	render/074431c6608ca6a0cd93482fbe07f1fb
13:tabControl	1350	item.watz_pellet	11	Naquadria Watz Pellet	render/103741fd0b9442e4247f8ae68d8de3fc
13:tabControl	1351	item.watz_pellet_depleted	0	Schrabidium Watz Pellet (Depleted)	render/3e2631640ca10b3f9cac0a4197b5c7cd
13:tabControl	1352	item.watz_pellet_depleted	1	HES Watz Pellet (Depleted)	render/4fa2d61ec51ad75f2101f6a14ae92d9c
13:tabControl	1353	item.watz_pellet_depleted	2	MES Watz Pellet (Depleted)	render/94f6260e642b111d9a7862b6eaa5a9ad
13:tabControl	1354	item.watz_pellet_depleted	3	LES Watz Pellet (Depleted)	render/fd8a4447ca7160fc9f757591976ab12f
13:tabControl	1355	item.watz_pellet_depleted	4	HEN Watz Pellet (Depleted)	render/ba2104b5f8753f8d8de20abac5763721
13:tabControl	1356	item.watz_pellet_depleted	5	MEU Watz Pellet (Depleted)	render/8ebd5e0ca7bdb094ac077ecb4e34e15c
13:tabControl	1357	item.watz_pellet_depleted	6	MEP Watz Pellet (Depleted)	render/206e0ca5e6f7aaf455a6c2234d8d0a28
13:tabControl	1358	item.watz_pellet_depleted	7	Lead Absorber Pellet (Depleted)	render/eb61b4f81937cd460a3927295ffdeed7
13:tabControl	1359	item.watz_pellet_depleted	8	Boron Absorber Pellet (Depleted)	render/d8eb7cad261bae1922f6bcced4a86e03
13:tabControl	1360	item.watz_pellet_depleted	9	Depleted Uranium Absorber Pellet (Depleted)	render/8ebd5e0ca7bdb094ac077ecb4e34e15c
13:tabControl	1361	item.watz_pellet_depleted	10	Enriched Naquadah Watz Pellet (Depleted)	render/1d80ea7da02d29302a437e7fa10065b3
13:tabControl	1362	item.watz_pellet_depleted	11	Naquadria Watz Pellet (Depleted)	render/3358a3f6e368ef11f5d743f86717db60
13:tabControl	1363	item.icf_pellet_empty	0	Empty ICF Fuel Pellet	render/f1d73064f45545c16f0096cf256d1e71
13:tabControl	1364	item.icf_pellet	0	ICF Fuel Pellet	render/6d225a223c29c031935400679b105070
13:tabControl	1365	item.icf_pellet	0	ICF Fuel Pellet	render/3b1270a5dc7b1cf49110026ba4cefab2
13:tabControl	1366	item.icf_pellet	0	ICF Fuel Pellet	render/05818c3f831c5103821d4738e66a5c36
13:tabControl	1367	item.icf_pellet	0	ICF Fuel Pellet	render/db3e201ec46e3533cf71a184055e35fa
13:tabControl	1368	item.icf_pellet	0	ICF Fuel Pellet	render/3f91a59543edf26dcb748bb7394f07d4
13:tabControl	1369	item.icf_pellet_depleted	0	Depleted ICF Fuel Pellet	render/19c496e6931d5113c74b696f3eb730cd
13:tabControl	1370	item.debris_graphite	0	Hot Graphite Chunk	render/5850aaa49cc157ae94fb36655b4ce338
13:tabControl	1371	item.debris_metal	0	Broken Metal Bar	render/79f5737aaef460ef5b93ffdf19e33101
13:tabControl	1372	item.debris_fuel	0	RBMK Fuel Chunk	render/d6911e5213aed0d10b42a70a74e67829
13:tabControl	1373	item.debris_concrete	0	Broken Concrete	render/84221bd7f4a85d50a258646a12db41c2
13:tabControl	1374	item.debris_exchanger	0	Heat Exchanger Piece	render/4e359758d9e638c95414b4c7c3d56097
13:tabControl	1375	item.debris_shrapnel	0	Walkway Shrapnel	render/8830d43a8720779db86a8e01823bccf7
13:tabControl	1376	item.debris_element	0	Broken ZIRNOX Fuel Element	render/ac1b2a135a06667896ddf0d32bea2518
13:tabControl	1377	item.wrench_archineer	0	Archineer's Wrench	render/56de6c4041d407bd9afa712c589bd1b4
13:tabControl	1378	item.reacher	0	Tungsten Reacher	render/05baed6d81397d64d2b7c86f72dd448b
13:tabControl	1379	item.meltdown_tool	0	Dyatlov Instant Meltdown Applicator	render/a5da0db199a5767bb223143b343e657c
14:tabTemplate	0	item.blueprints	0	Blueprints	render/114c0fe6d13ee6bb78f66b8a509311e0
14:tabTemplate	1	item.blueprints	0	Blueprints	render/4f710e7ca53df827fd147493cf79f89c
14:tabTemplate	2	item.blueprints	0	Blueprints	render/114c0fe6d13ee6bb78f66b8a509311e0
14:tabTemplate	3	item.blueprints	0	Blueprints	render/114c0fe6d13ee6bb78f66b8a509311e0
14:tabTemplate	4	item.blueprints	0	Blueprints	render/4f710e7ca53df827fd147493cf79f89c
14:tabTemplate	5	item.blueprints	0	Blueprints	render/4f710e7ca53df827fd147493cf79f89c
14:tabTemplate	6	item.blueprints	0	Blueprints	render/114c0fe6d13ee6bb78f66b8a509311e0
14:tabTemplate	7	item.blueprints	0	Blueprints	render/114c0fe6d13ee6bb78f66b8a509311e0
14:tabTemplate	8	item.blueprints	0	Blueprints	render/4f710e7ca53df827fd147493cf79f89c
14:tabTemplate	9	item.blueprints	0	Blueprints	render/114c0fe6d13ee6bb78f66b8a509311e0
14:tabTemplate	10	item.blueprints	0	Blueprints	render/114c0fe6d13ee6bb78f66b8a509311e0
14:tabTemplate	11	item.blueprints	0	Blueprints	render/4f710e7ca53df827fd147493cf79f89c
14:tabTemplate	12	item.blueprint_folder	0	Blueprint Booklet	render/713fd4367956bc0850ecc1e130477129
14:tabTemplate	13	item.blueprint_folder	1	Blueprint Booklet	render/379317eee9a4a96522b583377122e8ba
14:tabTemplate	14	item.siren_track	1	Siren Track	render/9ca852879d6263d79651313950690c70
14:tabTemplate	15	item.siren_track	2	Siren Track	render/dec495f1140e6f2e88608e21be7fc7c5
14:tabTemplate	16	item.siren_track	3	Siren Track	render/b951d8162e8bbc005c7f44b3a73fb4c0
14:tabTemplate	17	item.siren_track	4	Siren Track	render/976d0e709b372866af75eedc77cd487a
14:tabTemplate	18	item.siren_track	5	Siren Track	render/27b59a4bd764474cf6a932cbd2815964
14:tabTemplate	19	item.siren_track	6	Siren Track	render/3882bd5082e322113a9830b2747c3fd3
14:tabTemplate	20	item.siren_track	7	Siren Track	render/39d7057e00a8893faa41be05be5ac811
14:tabTemplate	21	item.siren_track	8	Siren Track	render/7850b544d5ae28223545760913c0e9fd
14:tabTemplate	22	item.siren_track	9	Siren Track	render/0270cef63bc94bb57f456e201da40e07
14:tabTemplate	23	item.siren_track	10	Siren Track	render/9c6d9a41d601f76e8a0ab99459d02203
14:tabTemplate	24	item.siren_track	11	Siren Track	render/c26a255461519f29ed1ecac3bda0c9f8
14:tabTemplate	25	item.siren_track	12	Siren Track	render/3ec65a7f3fa12962f0848d955e94055e
14:tabTemplate	26	item.siren_track	13	Siren Track	render/1fe9f2f78660b9795e58c5308743ee04
14:tabTemplate	27	item.siren_track	14	Siren Track	render/ad1eb57b89aab494327e1a227b1ad2a5
14:tabTemplate	28	item.siren_track	15	Siren Track	render/c7965a2a9b10a8bb5df02b58a56f6a72
14:tabTemplate	29	item.siren_track	16	Siren Track	render/db094e0a8eca2b7bf3633526ea81bfec
14:tabTemplate	30	item.siren_track	17	Siren Track	render/a822bde333ff2be3c7191cbeea9c91d2
14:tabTemplate	31	item.siren_track	18	Siren Track	render/9419a2fb74df47713676802176c1ba09
14:tabTemplate	32	item.siren_track	19	Siren Track	render/63a549aa20528f20d3ee07ddeb36b144
14:tabTemplate	33	item.siren_track	20	Siren Track	render/77a9c3773e3b2bdd56541599af9318d3
14:tabTemplate	34	item.fluid_identifier_multi	151	Multi Fluid Identifier	render/b7f3d56edc8cb40129060fffb19d48c7
14:tabTemplate	35	item.fluid_identifier_multi	154	Multi Fluid Identifier	render/af7f0dc3cb99831a3515d561817d17da
14:tabTemplate	36	item.fluid_identifier_multi	1	Multi Fluid Identifier	render/a34d3f19acc496a77a1bbf014ad44d41
14:tabTemplate	37	item.fluid_identifier_multi	60	Multi Fluid Identifier	render/35c9da18c8543eb66cd585c94f19e1d1
14:tabTemplate	38	item.fluid_identifier_multi	124	Multi Fluid Identifier	render/17986da98e56021172a7c1a4bc7e8460
14:tabTemplate	39	item.fluid_identifier_multi	7	Multi Fluid Identifier	render/2260ca2473ed39084430f3b5ad245884
14:tabTemplate	40	item.fluid_identifier_multi	2	Multi Fluid Identifier	render/fdb2312073bcd9745a8f076b680f7fa1
14:tabTemplate	41	item.fluid_identifier_multi	3	Multi Fluid Identifier	render/1c3d5f4730836c8a9f9fa7ce44685cae
14:tabTemplate	42	item.fluid_identifier_multi	4	Multi Fluid Identifier	render/e2c7f57ec470e5cf119d247fee2c5b7f
14:tabTemplate	43	item.fluid_identifier_multi	5	Multi Fluid Identifier	render/7a88f92eb1e2acd14ee920976fc188a7
14:tabTemplate	44	item.fluid_identifier_multi	48	Multi Fluid Identifier	render/9ecc541b386eb70c3ecc03bcb701c4f2
14:tabTemplate	45	item.fluid_identifier_multi	55	Multi Fluid Identifier	render/6965b73a900fdf04f19473b98072ec57
14:tabTemplate	46	item.fluid_identifier_multi	6	Multi Fluid Identifier	render/ece3e3ae3fa6ea37efd01b81bc0e6480
14:tabTemplate	47	item.fluid_identifier_multi	76	Multi Fluid Identifier	render/7faafa5abd5bb232e157df6ae33ced4c
14:tabTemplate	48	item.fluid_identifier_multi	144	Multi Fluid Identifier	render/34d727418114eb327905981226b01595
14:tabTemplate	49	item.fluid_identifier_multi	145	Multi Fluid Identifier	render/44c091bfbe31acb19b15ce9a666f777d
14:tabTemplate	50	item.fluid_identifier_multi	146	Multi Fluid Identifier	render/4c29e18cda49da7ec096dd7d0fe9bbf4
14:tabTemplate	51	item.fluid_identifier_multi	37	Multi Fluid Identifier	render/a0dc54c56f1ba5acdbc2a85d936efcd3
14:tabTemplate	52	item.fluid_identifier_multi	77	Multi Fluid Identifier	render/b9cb94fecb8a21301db1bfc3206d5514
14:tabTemplate	53	item.fluid_identifier_multi	78	Multi Fluid Identifier	render/2d61368953304088c9f3a1d76a4e06ec
14:tabTemplate	54	item.fluid_identifier_multi	84	Multi Fluid Identifier	render/8be46835cbd931911ba7b0108a931f56
14:tabTemplate	55	item.fluid_identifier_multi	85	Multi Fluid Identifier	render/12969d1ebb7c631ee722a0767e5d7ff7
14:tabTemplate	56	item.fluid_identifier_multi	125	Multi Fluid Identifier	render/a333612764867d9caa35049fe50fb190
14:tabTemplate	57	item.fluid_identifier_multi	126	Multi Fluid Identifier	render/3c95e3a18b113561f1b3b01622ab20f4
14:tabTemplate	58	item.fluid_identifier_multi	142	Multi Fluid Identifier	render/034c775713f86f701d0120c73eaef146
14:tabTemplate	59	item.fluid_identifier_multi	143	Multi Fluid Identifier	render/53912c4af66cd9b6a8870a58b0ad869f
14:tabTemplate	60	item.fluid_identifier_multi	127	Multi Fluid Identifier	render/76f658e5c8451777743957aa4275bf2d
14:tabTemplate	61	item.fluid_identifier_multi	128	Multi Fluid Identifier	render/c76a23e3471ef5abe1e1f887efb9c113
14:tabTemplate	62	item.fluid_identifier_multi	129	Multi Fluid Identifier	render/c6cd60f303ae7de9c52ac8dca729d5f3
14:tabTemplate	63	item.fluid_identifier_multi	38	Multi Fluid Identifier	render/4fed92956a8b7f4eb728f418f4802146
14:tabTemplate	64	item.fluid_identifier_multi	8	Multi Fluid Identifier	render/add5dce8148c455cc5883489ade1917c
14:tabTemplate	65	item.fluid_identifier_multi	9	Multi Fluid Identifier	render/77b70bc0c757837b28cf20e8a25aa512
14:tabTemplate	66	item.fluid_identifier_multi	57	Multi Fluid Identifier	render/b3b40ab516a30f0b7f911cb787d38336
14:tabTemplate	67	item.fluid_identifier_multi	123	Multi Fluid Identifier	render/b11ff4c89960e90c43794d246430bf82
14:tabTemplate	68	item.fluid_identifier_multi	39	Multi Fluid Identifier	render/71ebb245db91c8bd92584e273d689dad
14:tabTemplate	69	item.fluid_identifier_multi	40	Multi Fluid Identifier	render/ce0f3d7508ebf1e048cd9b87e1e7bf4b
14:tabTemplate	70	item.fluid_identifier_multi	89	Multi Fluid Identifier	render/bf7e61bdebfe39b29dab5b0f1a830c8f
14:tabTemplate	71	item.fluid_identifier_multi	42	Multi Fluid Identifier	render/315d6ebf9fba0c127afc3862a6345b94
14:tabTemplate	72	item.fluid_identifier_multi	10	Multi Fluid Identifier	render/5fc5cba8da8a600915780d8705669d96
14:tabTemplate	73	item.fluid_identifier_multi	133	Multi Fluid Identifier	render/e4c96843e0a61b3b2b1efcb68b4069cd
14:tabTemplate	74	item.fluid_identifier_multi	61	Multi Fluid Identifier	render/5fc5cba8da8a600915780d8705669d96
14:tabTemplate	75	item.fluid_identifier_multi	135	Multi Fluid Identifier	render/cfe7476bde374402f621bb2915525a16
14:tabTemplate	76	item.fluid_identifier_multi	62	Multi Fluid Identifier	render/5fc5cba8da8a600915780d8705669d96
14:tabTemplate	77	item.fluid_identifier_multi	104	Multi Fluid Identifier	render/00899898667d0c48f137fd75f3802322
14:tabTemplate	78	item.fluid_identifier_multi	11	Multi Fluid Identifier	render/5c630e549b71f8aa815ca59d21ce3b20
14:tabTemplate	79	item.fluid_identifier_multi	134	Multi Fluid Identifier	render/d6cdb018edaa80191007a51045fc8d4d
14:tabTemplate	80	item.fluid_identifier_multi	63	Multi Fluid Identifier	render/5c630e549b71f8aa815ca59d21ce3b20
14:tabTemplate	81	item.fluid_identifier_multi	136	Multi Fluid Identifier	render/29e85a6b4efa96dd5caacab5998fbe41
14:tabTemplate	82	item.fluid_identifier_multi	12	Multi Fluid Identifier	render/9cad5f167549675c86014214fee534f3
14:tabTemplate	83	item.fluid_identifier_multi	90	Multi Fluid Identifier	render/e886b219123581922aea7d4a2c0be7d1
14:tabTemplate	84	item.fluid_identifier_multi	19	Multi Fluid Identifier	render/17af84263b20e202d8265561ce1c065b
14:tabTemplate	85	item.fluid_identifier_multi	137	Multi Fluid Identifier	render/ab0c4072dabdc9e71cc272282abd49a4
14:tabTemplate	86	item.fluid_identifier_multi	64	Multi Fluid Identifier	render/17af84263b20e202d8265561ce1c065b
14:tabTemplate	87	item.fluid_identifier_multi	105	Multi Fluid Identifier	render/499fdd6e1ec16890c3231badbc3f787a
14:tabTemplate	88	item.fluid_identifier_multi	91	Multi Fluid Identifier	render/3d741f2a69d31cdd72821fe2a090eca9
14:tabTemplate	89	item.fluid_identifier_multi	21	Multi Fluid Identifier	render/da8de0245c1c5f94c636129079b9060f
14:tabTemplate	90	item.fluid_identifier_multi	138	Multi Fluid Identifier	render/90de622e48cea5d516f66e8fb0a18c77
14:tabTemplate	91	item.fluid_identifier_multi	65	Multi Fluid Identifier	render/da8de0245c1c5f94c636129079b9060f
14:tabTemplate	92	item.fluid_identifier_multi	92	Multi Fluid Identifier	render/6ca5b835072e4f03760970765856b075
14:tabTemplate	93	item.fluid_identifier_multi	13	Multi Fluid Identifier	render/ddd2041a60c9beca1e57ae20e8e1cdd1
14:tabTemplate	94	item.fluid_identifier_multi	14	Multi Fluid Identifier	render/922de6fa316882414a40c6a5706ad905
14:tabTemplate	95	item.fluid_identifier_multi	15	Multi Fluid Identifier	render/cc80c20bc34353e2ac479372fbca2d65
14:tabTemplate	96	item.fluid_identifier_multi	95	Multi Fluid Identifier	render/975675e09223f335967ef587f0a6690f
14:tabTemplate	97	item.fluid_identifier_multi	16	Multi Fluid Identifier	render/cea3b9463aec39afd2ad98e8a08e3352
14:tabTemplate	98	item.fluid_identifier_multi	18	Multi Fluid Identifier	render/c4e0edf4afa793df317ce2f3b4aac5b2
14:tabTemplate	99	item.fluid_identifier_multi	155	Multi Fluid Identifier	render/8a35eeb304ed62abefc3c8bef446cf5b
14:tabTemplate	100	item.fluid_identifier_multi	23	Multi Fluid Identifier	render/01c97363d298c2faa550ccbe7cef857c
14:tabTemplate	101	item.fluid_identifier_multi	106	Multi Fluid Identifier	render/810b3073b99fa174c964f358f7c54bc6
14:tabTemplate	102	item.fluid_identifier_multi	24	Multi Fluid Identifier	render/58a1d6d3f0d77b2c1405a1459e938877
14:tabTemplate	103	item.fluid_identifier_multi	93	Multi Fluid Identifier	render/cb22bd15c47773f13be24d1d56dcdb04
14:tabTemplate	104	item.fluid_identifier_multi	25	Multi Fluid Identifier	render/42048217f85c139423b349d2305fb86c
14:tabTemplate	105	item.fluid_identifier_multi	86	Multi Fluid Identifier	render/8a35eeb304ed62abefc3c8bef446cf5b
14:tabTemplate	106	item.fluid_identifier_multi	87	Multi Fluid Identifier	render/9746e6587177e795f5889bbc313738a7
14:tabTemplate	107	item.fluid_identifier_multi	67	Multi Fluid Identifier	render/29ef3a0d3dbc1927cf3a37b3fdc36822
14:tabTemplate	108	item.fluid_identifier_multi	68	Multi Fluid Identifier	render/5d23e45d524e9abd84b6063310902b71
14:tabTemplate	109	item.fluid_identifier_multi	94	Multi Fluid Identifier	render/8cfc72baaa0a9e5e7d98e885247269b1
14:tabTemplate	110	item.fluid_identifier_multi	99	Multi Fluid Identifier	render/0d035aca9a72660cd4d9a882a0079909
14:tabTemplate	111	item.fluid_identifier_multi	20	Multi Fluid Identifier	render/fa7c1fc3443de1446bc0ccd5ac7a4b93
14:tabTemplate	112	item.fluid_identifier_multi	96	Multi Fluid Identifier	render/ca551592389779999e52f44cab35e31d
14:tabTemplate	113	item.fluid_identifier_multi	66	Multi Fluid Identifier	render/fa7c1fc3443de1446bc0ccd5ac7a4b93
14:tabTemplate	114	item.fluid_identifier_multi	97	Multi Fluid Identifier	render/521e2ea962cc57710a2545c7d1095238
14:tabTemplate	115	item.fluid_identifier_multi	22	Multi Fluid Identifier	render/9bcacb85f5b323a548b96212ca1122c5
14:tabTemplate	116	item.fluid_identifier_multi	98	Multi Fluid Identifier	render/0ea8823b653b9ab1e3cf7c73df628161
14:tabTemplate	117	item.fluid_identifier_multi	17	Multi Fluid Identifier	render/57d4419c4d8ea7b563ec4dc28b1d9d00
14:tabTemplate	118	item.fluid_identifier_multi	72	Multi Fluid Identifier	render/57d4419c4d8ea7b563ec4dc28b1d9d00
14:tabTemplate	119	item.fluid_identifier_multi	46	Multi Fluid Identifier	render/9ecc541b386eb70c3ecc03bcb701c4f2
14:tabTemplate	120	item.fluid_identifier_multi	73	Multi Fluid Identifier	render/9ecc541b386eb70c3ecc03bcb701c4f2
14:tabTemplate	121	item.fluid_identifier_multi	47	Multi Fluid Identifier	render/9ecc541b386eb70c3ecc03bcb701c4f2
14:tabTemplate	122	item.fluid_identifier_multi	74	Multi Fluid Identifier	render/9ecc541b386eb70c3ecc03bcb701c4f2
14:tabTemplate	123	item.fluid_identifier_multi	80	Multi Fluid Identifier	render/b4c1e49564cfe4c743715cd92b2d98de
14:tabTemplate	124	item.fluid_identifier_multi	79	Multi Fluid Identifier	render/19f3ee018537054c019a17ef498b4a79
14:tabTemplate	125	item.fluid_identifier_multi	26	Multi Fluid Identifier	render/edcb7f6c786f3ee94048b65e093f5e2d
14:tabTemplate	126	item.fluid_identifier_multi	27	Multi Fluid Identifier	render/9900f30292138959d510c723145a7ee1
14:tabTemplate	127	item.fluid_identifier_multi	59	Multi Fluid Identifier	render/a58d734246aa675f68e5d0a751dca972
14:tabTemplate	128	item.fluid_identifier_multi	110	Multi Fluid Identifier	render/8ee4abe57c97b24c5e52decd34481b36
14:tabTemplate	129	item.fluid_identifier_multi	111	Multi Fluid Identifier	render/83c2954d4a8438d0a6a76edd90e2a485
14:tabTemplate	130	item.fluid_identifier_multi	28	Multi Fluid Identifier	render/e41eaa5f26951bded9713504492cb99f
14:tabTemplate	131	item.fluid_identifier_multi	153	Multi Fluid Identifier	render/32f603b9330725a273749ccca809af29
14:tabTemplate	132	item.fluid_identifier_multi	41	Multi Fluid Identifier	render/76b63f608913f05f1045475d8de1e10b
14:tabTemplate	133	item.fluid_identifier_multi	69	Multi Fluid Identifier	render/2755e7b1095f7b051e8fc533b6e11ce5
14:tabTemplate	134	item.fluid_identifier_multi	81	Multi Fluid Identifier	render/f2cd6d7a771a68ee568edad9f958ee81
14:tabTemplate	135	item.fluid_identifier_multi	100	Multi Fluid Identifier	render/9060ebc41a5d071eae0b4207325bb8d6
14:tabTemplate	136	item.fluid_identifier_multi	140	Multi Fluid Identifier	render/9b5fcd4f7fb99adb4d91a76809ef5bea
14:tabTemplate	137	item.fluid_identifier_multi	141	Multi Fluid Identifier	render/d081081afdab295ea7acef9c49fc46ba
14:tabTemplate	138	item.fluid_identifier_multi	103	Multi Fluid Identifier	render/1318dd6c71eb507b851f598a4f395c92
14:tabTemplate	139	item.fluid_identifier_multi	35	Multi Fluid Identifier	render/1743e9c3acd7bc144b82e0141febfcff
14:tabTemplate	140	item.fluid_identifier_multi	75	Multi Fluid Identifier	render/5d14a8f4df806c9349a49a2db1f0dcd3
14:tabTemplate	141	item.fluid_identifier_multi	82	Multi Fluid Identifier	render/586070f660ea2b7a0f3ad72e5496627e
14:tabTemplate	142	item.fluid_identifier_multi	83	Multi Fluid Identifier	render/9c105e2d7d85d3946143540415d468b6
14:tabTemplate	143	item.fluid_identifier_multi	88	Multi Fluid Identifier	render/4a7f293880200025c03b424863a41079
14:tabTemplate	144	item.fluid_identifier_multi	32	Multi Fluid Identifier	render/aadd7acc6b038826e0f7fef89e7f25de
14:tabTemplate	145	item.fluid_identifier_multi	29	Multi Fluid Identifier	render/40bae4ead2119f89e1d2d7a1b946d445
14:tabTemplate	146	item.fluid_identifier_multi	30	Multi Fluid Identifier	render/bff6b5252786753aa0f502876f11926a
14:tabTemplate	147	item.fluid_identifier_multi	31	Multi Fluid Identifier	render/a72b7869f613b062ef0b6b72d5e30d65
14:tabTemplate	148	item.fluid_identifier_multi	43	Multi Fluid Identifier	render/193d9fa872fbeb5dd3f86b439de0fbb3
14:tabTemplate	149	item.fluid_identifier_multi	58	Multi Fluid Identifier	render/697e578c8c1507dd53a67194962d60c4
14:tabTemplate	150	item.fluid_identifier_multi	36	Multi Fluid Identifier	render/cba07854e882627bd690da01ddb69cf4
14:tabTemplate	151	item.fluid_identifier_multi	113	Multi Fluid Identifier	render/45d50670e0a4fc374600c67a869f0563
14:tabTemplate	152	item.fluid_identifier_multi	130	Multi Fluid Identifier	render/60487a471712b8071711be0247dba2d2
14:tabTemplate	153	item.fluid_identifier_multi	107	Multi Fluid Identifier	render/8de610fbec28ac76d46e7d59103ba023
14:tabTemplate	154	item.fluid_identifier_multi	108	Multi Fluid Identifier	render/91da30dc251edbef790391476b526de1
14:tabTemplate	155	item.fluid_identifier_multi	114	Multi Fluid Identifier	render/315d6ebf9fba0c127afc3862a6345b94
14:tabTemplate	156	item.fluid_identifier_multi	115	Multi Fluid Identifier	render/315d6ebf9fba0c127afc3862a6345b94
14:tabTemplate	157	item.fluid_identifier_multi	116	Multi Fluid Identifier	render/315d6ebf9fba0c127afc3862a6345b94
14:tabTemplate	158	item.fluid_identifier_multi	117	Multi Fluid Identifier	render/315d6ebf9fba0c127afc3862a6345b94
14:tabTemplate	159	item.fluid_identifier_multi	118	Multi Fluid Identifier	render/315d6ebf9fba0c127afc3862a6345b94
14:tabTemplate	160	item.fluid_identifier_multi	119	Multi Fluid Identifier	render/315d6ebf9fba0c127afc3862a6345b94
14:tabTemplate	161	item.fluid_identifier_multi	148	Multi Fluid Identifier	render/b0e2a146f733274cf7f2a8566af24a0f
14:tabTemplate	162	item.fluid_identifier_multi	149	Multi Fluid Identifier	render/218cdb71bd3877a9eb49a3762f331ae7
14:tabTemplate	163	item.fluid_identifier_multi	150	Multi Fluid Identifier	render/e66203c29f298b3cda693e21ebbd8aea
14:tabTemplate	164	item.fluid_identifier_multi	152	Multi Fluid Identifier	render/bf82ee74df97e59eab88da4545d82026
14:tabTemplate	165	item.fluid_identifier_multi	49	Multi Fluid Identifier	render/d6068aa3a02b635cfd926e9293457cd3
14:tabTemplate	166	item.fluid_identifier_multi	147	Multi Fluid Identifier	render/1d81617cabd7769f97281ca694d0928d
14:tabTemplate	167	item.fluid_identifier_multi	101	Multi Fluid Identifier	render/d785bba880c4baf7a76cc707d4c05b89
14:tabTemplate	168	item.fluid_identifier_multi	102	Multi Fluid Identifier	render/bf7e61bdebfe39b29dab5b0f1a830c8f
14:tabTemplate	169	item.fluid_identifier_multi	109	Multi Fluid Identifier	render/5aa2162f05a61d56d0405df4b53db994
14:tabTemplate	170	item.fluid_identifier_multi	112	Multi Fluid Identifier	render/6d6355ec124576e3c0b302ca4c456195
14:tabTemplate	171	item.fluid_identifier_multi	33	Multi Fluid Identifier	render/dd72fff8473c9aa2f70372dadce0701b
14:tabTemplate	172	item.fluid_identifier_multi	34	Multi Fluid Identifier	render/71ba2f39739a4dd7b162a2fa1880ca20
14:tabTemplate	173	item.fluid_identifier_multi	44	Multi Fluid Identifier	render/ae6b430b8e25d6ed665ed3e5b6b94fcb
14:tabTemplate	174	item.fluid_identifier_multi	45	Multi Fluid Identifier	render/1a7ab6453446d40e963e084af3232914
14:tabTemplate	175	item.fluid_identifier_multi	70	Multi Fluid Identifier	render/0ca7c67d1872af187a0ff3004bd06c4f
14:tabTemplate	176	item.fluid_identifier_multi	71	Multi Fluid Identifier	render/0c4abeb664d32bdc9fd46c98b2f86c3c
14:tabTemplate	177	item.fluid_identifier_multi	139	Multi Fluid Identifier	render/2b1baa8a1f967ad893a6206978cb18b1
14:tabTemplate	178	item.fluid_identifier_multi	131	Multi Fluid Identifier	render/0ad2533849c0e09bb9838b30135015b8
14:tabTemplate	179	item.fluid_identifier_multi	132	Multi Fluid Identifier	render/93c3eab6c160bcbbb43a4f3f8ff0bf27
14:tabTemplate	180	item.fluid_identifier_multi	1000	Multi Fluid Identifier	render/3f0f12b51397beb7b82a5878774e52db
14:tabTemplate	181	item.fluid_duct	151	Fluid Duct: Compressed Air	render/297c939a1c78b41cb515267aff723381
14:tabTemplate	182	item.fluid_duct	154	Fluid Duct: Hot Air Blast	render/d421c8b514810c62bb7a7ebf47b9db34
14:tabTemplate	183	item.fluid_duct	1	Fluid Duct: Water	render/fc512cdd2f37cad371fe5b0cf158cf6f
14:tabTemplate	184	item.fluid_duct	60	Fluid Duct: Heavy Water	render/5eb6fc5faf036956c0b85091c348eeb9
14:tabTemplate	185	item.fluid_duct	124	Fluid Duct: Hot Heavy Water	render/9c71f6584a5c7fc8f7a0161cb3c1547c
14:tabTemplate	186	item.fluid_duct	7	Fluid Duct: Lava	render/677d16f01fbe22dd111ca24a618de04e
14:tabTemplate	187	item.fluid_duct	2	Fluid Duct: Steam	render/2ec4e42c0c3752260b90d1b2bc4afc03
14:tabTemplate	188	item.fluid_duct	3	Fluid Duct: Dense Steam	render/493a9246b7eeb47fadeb90f7b45c49da
14:tabTemplate	189	item.fluid_duct	4	Fluid Duct: Super Dense Steam	render/8a0a2e02aeda47802285a08148e13ab4
14:tabTemplate	190	item.fluid_duct	5	Fluid Duct: Ultra Dense Steam	render/ecdde1cccb71f2a141d4ba29d0f888a2
14:tabTemplate	191	item.fluid_duct	48	Fluid Duct: Low-Pressure Steam	render/22cf6e44fe3ae8ef5ed9e5d997fd9c3f
14:tabTemplate	192	item.fluid_duct	55	Fluid Duct: Carbon Dioxide	render/7bd2ae498ddb518bb01b2a5eb04dd0b8
14:tabTemplate	193	item.fluid_duct	6	Fluid Duct: Coolant	render/482c0800eb0d31d6b57d25d566015891
14:tabTemplate	194	item.fluid_duct	76	Fluid Duct: Hot Coolant	render/c15cdd546eea2fcdd94c0cb3db311231
14:tabTemplate	195	item.fluid_duct	144	Fluid Duct: Perfluoromethyl	render/280115556db90b9ae5644bcfb154b980
14:tabTemplate	196	item.fluid_duct	145	Fluid Duct: Cold Perfluoromethyl	render/f2d937eb43058fe3bbe8bde87bfc53cb
14:tabTemplate	197	item.fluid_duct	146	Fluid Duct: Hot Perfluoromethyl	render/a841af62ad3bbd74ff0e79d317508a4f
14:tabTemplate	198	item.fluid_duct	37	Fluid Duct: Cryogel	render/2d23ef756c2a1d69cd656cfbde4fbb1a
14:tabTemplate	199	item.fluid_duct	77	Fluid Duct: Mug Root Beer	render/94b64ea7aa9a935ab1c7b70003bc39c8
14:tabTemplate	200	item.fluid_duct	78	Fluid Duct: Hot Mug Root Beer	render/8800eda6a213e78f6f6b89d7370fa186
14:tabTemplate	201	item.fluid_duct	84	Fluid Duct: Blood	render/f7e4df883846cc0c96143f9cd9052fd2
14:tabTemplate	202	item.fluid_duct	85	Fluid Duct: Hot Blood	render/f591fa704347d138d16ce8ef4f126807
14:tabTemplate	203	item.fluid_duct	125	Fluid Duct: Liquid Sodium	render/11cd4af05c451965f7420ea788be9fc4
14:tabTemplate	204	item.fluid_duct	126	Fluid Duct: Hot Liquid Sodium	render/40c5e7c8371405ef427bf82e675c7fab
14:tabTemplate	205	item.fluid_duct	142	Fluid Duct: Liquid Lead	render/c8365985bc13d445025a53b908704295
14:tabTemplate	206	item.fluid_duct	143	Fluid Duct: Hot Liquid Lead	render/d428bb5e5a492d9e4c84c13fb095a430
14:tabTemplate	207	item.fluid_duct	127	Fluid Duct: Liquid Thorium Salt	render/0b1635401c38038331951a65029d7b5d
14:tabTemplate	208	item.fluid_duct	128	Fluid Duct: Hot Liquid Thorium Salt	render/3b7043d2e4a40376c87bc658784e1bed
14:tabTemplate	209	item.fluid_duct	129	Fluid Duct: Depleted Liquid Thorium Salt	render/191c58c4a435f756f2d1fa046a412aa5
14:tabTemplate	210	item.fluid_duct	38	Fluid Duct: Liquid Hydrogen	render/8b25b3caf9782de4a555457149d979f8
14:tabTemplate	211	item.fluid_duct	8	Fluid Duct: Deuterium	render/ceb8b1d63e0b76cc05a3f950bd92332b
14:tabTemplate	212	item.fluid_duct	9	Fluid Duct: Tritium	render/08a69a0ec13877f2f4bfd53cf7908084
14:tabTemplate	213	item.fluid_duct	57	Fluid Duct: Helium-3	render/acf22f8305216699d2540763605928fc
14:tabTemplate	214	item.fluid_duct	123	Fluid Duct: Helium-4	render/1a2c5f14e4f77a808cdb7b830b8f4da2
14:tabTemplate	215	item.fluid_duct	39	Fluid Duct: Liquid Oxygen	render/b36aca02fef8d68c5d6d5c19e62509fd
14:tabTemplate	216	item.fluid_duct	40	Fluid Duct: Xenon Gas	render/544441aea3b74723383c4f37f28dc3c1
14:tabTemplate	217	item.fluid_duct	89	Fluid Duct: Chlorine Gas	render/ab64bb57c5a08ad71503ac1ab1c8618d
14:tabTemplate	218	item.fluid_duct	42	Fluid Duct: Mercury	render/90e050a3cd063cb96178d3fa7aa57d04
14:tabTemplate	219	item.fluid_duct	10	Fluid Duct: Crude Oil	render/bb115c662126635225979f1e72ad702a
14:tabTemplate	220	item.fluid_duct	133	Fluid Duct: Desulfurized Crude Oil	render/279c39e67e3454235feb68f7d18ce958
14:tabTemplate	221	item.fluid_duct	61	Fluid Duct: Cracked Oil	render/bb115c662126635225979f1e72ad702a
14:tabTemplate	222	item.fluid_duct	135	Fluid Duct: Desulfurized Cracked Oil	render/e058a8badc93ef003cd25be256248ade
14:tabTemplate	223	item.fluid_duct	62	Fluid Duct: Coal Oil	render/bb115c662126635225979f1e72ad702a
14:tabTemplate	224	item.fluid_duct	104	Fluid Duct: Coker Oil	render/10eeafff48718a62274c5ca610421d5e
14:tabTemplate	225	item.fluid_duct	11	Fluid Duct: Hot Crude Oil	render/1b40d12974374502b8b9fa29c2066a79
14:tabTemplate	226	item.fluid_duct	134	Fluid Duct: Desulfurized Hot Crude Oil	render/71c5fa3366aa989e85a5cbd018079d40
14:tabTemplate	227	item.fluid_duct	63	Fluid Duct: Hot Cracked Oil	render/1b40d12974374502b8b9fa29c2066a79
14:tabTemplate	228	item.fluid_duct	136	Fluid Duct: Desulfurized Hot Cracked Oil	render/f1af1c8798a1b3a01fb67c26cfc6a6c9
14:tabTemplate	229	item.fluid_duct	12	Fluid Duct: Heavy Oil	render/27b132b125ac5c1949bf9b21f54f3bce
14:tabTemplate	230	item.fluid_duct	90	Fluid Duct: Vacuum Heavy Oil	render/66003906cbb244185dbdd0f0c504918e
14:tabTemplate	231	item.fluid_duct	19	Fluid Duct: Naphtha	render/d66864b684c293bc92e6d20267df39ae
14:tabTemplate	232	item.fluid_duct	137	Fluid Duct: Desulfurized Naphtha	render/783ca1c18abc298b63a3fee45a1325b3
14:tabTemplate	233	item.fluid_duct	64	Fluid Duct: Cracked Naphtha	render/d66864b684c293bc92e6d20267df39ae
14:tabTemplate	234	item.fluid_duct	105	Fluid Duct: Coker Naphtha	render/7b09df5d8aadae05febcefa47c0eb2c6
14:tabTemplate	235	item.fluid_duct	91	Fluid Duct: Reformate	render/c299d00bef616ec44ca413f1840c1527
14:tabTemplate	236	item.fluid_duct	21	Fluid Duct: Light Oil	render/a647b333c9b58e48e702dda9944209d0
14:tabTemplate	237	item.fluid_duct	138	Fluid Duct: Desulfurized Light Oil	render/651234d1f5d58a99ea21b9cfd471d079
14:tabTemplate	238	item.fluid_duct	65	Fluid Duct: Cracked Light Oil	render/a647b333c9b58e48e702dda9944209d0
14:tabTemplate	239	item.fluid_duct	92	Fluid Duct: Vacuum Light Oil	render/cb68841002a6d2c0d5c31f3221f60939
14:tabTemplate	240	item.fluid_duct	13	Fluid Duct: Bitumen	render/53a23dac58c3377c57f6c6f3691adf38
14:tabTemplate	241	item.fluid_duct	14	Fluid Duct: Industrial Oil	render/0cac615dbd087a329ddf9258ab6f9042
14:tabTemplate	242	item.fluid_duct	15	Fluid Duct: Heating Oil	render/94cd6e2d599f5aad4544e11d374dcc1c
14:tabTemplate	243	item.fluid_duct	95	Fluid Duct: Heavy Heating Oil	render/30b4ada76c3b6a1a9570711fbee6d84a
14:tabTemplate	244	item.fluid_duct	16	Fluid Duct: Reclaimed Industrial Oil	render/67f6d87c9913f890b7f893b0933a153a
14:tabTemplate	245	item.fluid_duct	18	Fluid Duct: Engine Lubricant	render/ade884ffe178a991c298e2044b5bce63
14:tabTemplate	246	item.fluid_duct	155	Fluid Duct: Flue Gas	render/35b549faa6a9000fabd756123163ef08
14:tabTemplate	247	item.fluid_duct	23	Fluid Duct: Natural Gas	render/6e4f3c550b844b616dda576c3ccb3893
14:tabTemplate	248	item.fluid_duct	106	Fluid Duct: Coker Gas	render/801f28c02ffeba4f9b1e9a15a3628785
14:tabTemplate	249	item.fluid_duct	24	Fluid Duct: Petroleum Gas	render/ec6eb33d98d1c985735404777efd28d1
14:tabTemplate	250	item.fluid_duct	93	Fluid Duct: Sour Gas	render/17666f9253eada758e9a3fa10f6fdc2a
14:tabTemplate	251	item.fluid_duct	25	Fluid Duct: LPG	render/78331a0ec2eb30a0b19ca1d99b964bda
14:tabTemplate	252	item.fluid_duct	86	Fluid Duct: Syngas	render/35b549faa6a9000fabd756123163ef08
14:tabTemplate	253	item.fluid_duct	87	Fluid Duct: Oxyhydrogen	render/3032b3da1ca99582fb828c73e30f772e
14:tabTemplate	254	item.fluid_duct	67	Fluid Duct: Aromatic Hydrocarbons	render/8584af3b67c25bd2bbb45bcd42f30ae0
14:tabTemplate	255	item.fluid_duct	68	Fluid Duct: Unsaturated Hydrocarbons	render/3304430a6792d5b57804961d0ac0f129
14:tabTemplate	256	item.fluid_duct	94	Fluid Duct: BTX	render/49c20f6ecccb34b30da5c06c0ed1e04b
14:tabTemplate	257	item.fluid_duct	99	Fluid Duct: Reformate Gas	render/23423446e305a2a4bdacb3fbf2da860e
14:tabTemplate	258	item.fluid_duct	20	Fluid Duct: Diesel	render/f8c8a97dcfaa6cfba5c98d0f87d972ff
14:tabTemplate	259	item.fluid_duct	96	Fluid Duct: High-Cetane Diesel	render/b9481cc6ae86cfd00d7dd25e2d150e1d
14:tabTemplate	260	item.fluid_duct	66	Fluid Duct: Cracked Diesel	render/f8c8a97dcfaa6cfba5c98d0f87d972ff
14:tabTemplate	261	item.fluid_duct	97	Fluid Duct: High-Cetane Cracked Diesel	render/b87eeb94ad0b1012ce595f46083d90e4
14:tabTemplate	262	item.fluid_duct	22	Fluid Duct: Kerosene	render/87f3916787f4069e237cb3de9322d0d9
14:tabTemplate	263	item.fluid_duct	98	Fluid Duct: Jet Fuel	render/8815bf85bdb670c4e5eb606d85a9563f
14:tabTemplate	264	item.fluid_duct	17	Fluid Duct: Petroil	render/2580e3f104bd88a6812eff35f0359b8e
14:tabTemplate	265	item.fluid_duct	72	Fluid Duct: Leaded Petroil	render/2580e3f104bd88a6812eff35f0359b8e
14:tabTemplate	266	item.fluid_duct	46	Fluid Duct: Gasoline	render/22cf6e44fe3ae8ef5ed9e5d997fd9c3f
14:tabTemplate	267	item.fluid_duct	73	Fluid Duct: Leaded Gasoline	render/22cf6e44fe3ae8ef5ed9e5d997fd9c3f
14:tabTemplate	268	item.fluid_duct	47	Fluid Duct: Coal Gasoline	render/22cf6e44fe3ae8ef5ed9e5d997fd9c3f
14:tabTemplate	269	item.fluid_duct	74	Fluid Duct: Leaded Coal Gasoline	render/22cf6e44fe3ae8ef5ed9e5d997fd9c3f
14:tabTemplate	270	item.fluid_duct	80	Fluid Duct: Coal Tar Creosote	render/fa17366f63a28f5cf4e552a94b02f63c
14:tabTemplate	271	item.fluid_duct	79	Fluid Duct: Wood Oil	render/81435485e750d5baba4607c36bf2258b
14:tabTemplate	272	item.fluid_duct	26	Fluid Duct: Biogas	render/ac9d9510216d99c8b61fc4084e1e8ac8
14:tabTemplate	273	item.fluid_duct	27	Fluid Duct: Biofuel	render/146091dc495d32e51ecd61afe871a3ed
14:tabTemplate	274	item.fluid_duct	59	Fluid Duct: Ethanol	render/4bf4a2e2beb8bf5720ad1a44fcce33ed
14:tabTemplate	275	item.fluid_duct	110	Fluid Duct: Fish Oil	render/e99313bd0e08df22862cd5d1cb1c55a1
14:tabTemplate	276	item.fluid_duct	111	Fluid Duct: Sunflower Seed Oil	render/25affcd4d79d227937a7139e65cd5a3b
14:tabTemplate	277	item.fluid_duct	28	Fluid Duct: NITAN© 100 Octane Super Fuel	render/0f521a1cf4ac00eb330f4f91f9e87fcd
14:tabTemplate	278	item.fluid_duct	153	Fluid Duct: Deuterated Hydrocarbon	render/b9ca5bde53d458a2478fd411825c7378
14:tabTemplate	279	item.fluid_duct	41	Fluid Duct: BF Rocket Fuel	render/35ffdf1a3abdaf3ae45ffdde1305050a
14:tabTemplate	280	item.fluid_duct	69	Fluid Duct: Salient Green	render/49eac44c857c4a88079c2686554c811c
14:tabTemplate	281	item.fluid_duct	81	Fluid Duct: Seeding Slurry	render/8e61010280c3950cf6ce8db564623645
14:tabTemplate	282	item.fluid_duct	100	Fluid Duct: Colloid	render/c66a3fea455ca70369515da7630a3fe0
14:tabTemplate	283	item.fluid_duct	140	Fluid Duct: Vitriol	render/5f7ddc5cf2a97234344860c9b3b26e2e
14:tabTemplate	284	item.fluid_duct	141	Fluid Duct: Ore Slop	render/701316d5087cf03ac824d4f1e89662ee
14:tabTemplate	285	item.fluid_duct	103	Fluid Duct: Ionic Gel	render/7b7c20da484ac8ef4dfc1b40d3d942ab
14:tabTemplate	286	item.fluid_duct	35	Fluid Duct: Hydrogen Peroxide	render/9754e54a22955fb653ce2b9bf73e0d02
14:tabTemplate	287	item.fluid_duct	75	Fluid Duct: Sulfuric Acid	render/90e0f9c7c463160adfd2fa943341f631
14:tabTemplate	288	item.fluid_duct	82	Fluid Duct: Nitric Acid	render/b7af407000601f06c0d9f0a262a85467
14:tabTemplate	289	item.fluid_duct	83	Fluid Duct: Solvent	render/f21716b1e38fa0b7266630b018fa6c82
14:tabTemplate	290	item.fluid_duct	88	Fluid Duct: High-Performance Solvent	render/47e71fb69689fa5da4bbecafbca50420
14:tabTemplate	291	item.fluid_duct	32	Fluid Duct: Schrabidic Acid	render/fa0b6ac2566379c4c1443ac61a984e62
14:tabTemplate	292	item.fluid_duct	29	Fluid Duct: Uranium Hexafluoride	render/c1e8b750490ba5c7a0bcafeda3927c03
14:tabTemplate	293	item.fluid_duct	30	Fluid Duct: Plutonium Hexafluoride	render/c71bcc0394e15885c1379e99a4db6b6f
14:tabTemplate	294	item.fluid_duct	31	Fluid Duct: Schrabidium Trisulfide	render/80d232f7c3b1fb815d0f11df89582b34
14:tabTemplate	295	item.fluid_duct	43	Fluid Duct: Pandemonium(III)tantalite Solution	render/a7fb424192326697e8469b367f9f357f
14:tabTemplate	296	item.fluid_duct	58	Fluid Duct: Osmiridic Solution	render/46796b45fd20fe71e5137c93ac057164
14:tabTemplate	297	item.fluid_duct	36	Fluid Duct: Poisonous Mud	render/462334f1b6f9b09ecbfe9009f7f0ae5d
14:tabTemplate	298	item.fluid_duct	113	Fluid Duct: Red Mud	render/7323cbf6eb35637973d1d8dbcdadc311
14:tabTemplate	299	item.fluid_duct	130	Fluid Duct: Fullerene Solution	render/30e4005a5687272c6fcf101d5f517fb3
14:tabTemplate	300	item.fluid_duct	107	Fluid Duct: Dissolved Egg	render/07f8834219bf7d04ee8b267a2b7cd7ed
14:tabTemplate	301	item.fluid_duct	108	Fluid Duct: Cholesterol Solution	render/ce52f73adbf347a7d22e969a526f1f77
14:tabTemplate	302	item.fluid_duct	114	Fluid Duct: Chlorocalcite Solution	render/90e050a3cd063cb96178d3fa7aa57d04
14:tabTemplate	303	item.fluid_duct	115	Fluid Duct: Mixed Chlorocalcite Solution	render/90e050a3cd063cb96178d3fa7aa57d04
14:tabTemplate	304	item.fluid_duct	116	Fluid Duct: Cleaned Chlorocalcite Solution	render/90e050a3cd063cb96178d3fa7aa57d04
14:tabTemplate	305	item.fluid_duct	117	Fluid Duct: Potassiumchloride Solution	render/90e050a3cd063cb96178d3fa7aa57d04
14:tabTemplate	306	item.fluid_duct	118	Fluid Duct: Calciumchloride Solution	render/90e050a3cd063cb96178d3fa7aa57d04
14:tabTemplate	307	item.fluid_duct	119	Fluid Duct: Calcium Solution	render/90e050a3cd063cb96178d3fa7aa57d04
14:tabTemplate	308	item.fluid_duct	148	Fluid Duct: Sodium Aluminate	render/a56289846a57393fc4bfe241c1fcc4ea
14:tabTemplate	309	item.fluid_duct	149	Fluid Duct: Bauxite Solution	render/a9f7ea80e439327027e09295ac56c9b8
14:tabTemplate	310	item.fluid_duct	150	Fluid Duct: Alumina	render/b6fa81b2e8c92380d98d5725b26e53c0
14:tabTemplate	311	item.fluid_duct	152	Fluid Duct: Liquid Concrete	render/4ffb225879aee39ea994b8e6cf7685d5
14:tabTemplate	312	item.fluid_duct	49	Fluid Duct: Fracking Solution	render/413db39837ee580b1169ac044ee5156d
14:tabTemplate	313	item.fluid_duct	147	Fluid Duct: Lye	render/0e9977e1e245da36694ad87db0b914d8
14:tabTemplate	314	item.fluid_duct	101	Fluid Duct: Phosgene	render/f416c463a439f0d405db4461ee8e1c1b
14:tabTemplate	315	item.fluid_duct	102	Fluid Duct: Mustard Gas	render/ab64bb57c5a08ad71503ac1ab1c8618d
14:tabTemplate	316	item.fluid_duct	109	Fluid Duct: Estradiol Solution	render/894852a8f2e61f16205986a0ced83bfd
14:tabTemplate	317	item.fluid_duct	112	Fluid Duct: Nitroglycerin	render/409e99158c3fe9b260aadc19005abc97
14:tabTemplate	318	item.fluid_duct	33	Fluid Duct: Antimatter	render/246ffff6e4968ea7049234b725a94ef6
14:tabTemplate	319	item.fluid_duct	34	Fluid Duct: Antischrabidium	render/5b8fe5fc2d4070966b7727e6c576f686
14:tabTemplate	320	item.fluid_duct	44	Fluid Duct: Liquid Nuclear Waste	render/b5564d88e439d4194dccf0c7dbb7db2d
14:tabTemplate	321	item.fluid_duct	45	Fluid Duct: Gaseous Nuclear Waste	render/0fa1af3de7273d0b49263112e6f971f7
14:tabTemplate	322	item.fluid_duct	70	Fluid Duct: Experience Juice	render/2f957c3b84cfe216286957face7c821c
14:tabTemplate	323	item.fluid_duct	71	Fluid Duct: Ender Juice	render/852514460387d641fee40fb5ecc0bafc
14:tabTemplate	324	item.fluid_duct	139	Fluid Duct: Stellar Flux	render/db8faddd0337b13557b4d28a0cceb759
14:tabTemplate	325	item.fluid_duct	131	Fluid Duct: Booster Pheromone	render/efc321baf1ffc3e48dbb20579dbe77b0
14:tabTemplate	326	item.fluid_duct	132	Fluid Duct: Modified Booster Pheromone	render/77b2e599d654ded35043f188b499555c
14:tabTemplate	327	item.fluid_duct	1000	Fluid Duct: Custom Fluid Demo	render/d7cf9600428684b8708373d54b3f387a
15:tabBlocks	0	tile.ore_uranium	0	Uranium Ore	render/d515f06d72735f9219897710ae6f0c2e
15:tabBlocks	1	tile.ore_uranium_scorched	0	Scorched Uranium Ore	render/1f13ed661a7f03c3b1031b6c2d7a5595
15:tabBlocks	2	tile.ore_thorium	0	Thorium Ore	render/55981d272f9e4db13f6fa063c667930b
15:tabBlocks	3	tile.ore_titanium	0	Titanium Ore	render/84de13260ce4207c83a0fee13a053f0c
15:tabBlocks	4	tile.ore_sulfur	0	Sulfur Ore	render/18727d19b4135918a9691efb00a6e9c4
15:tabBlocks	5	tile.ore_niter	0	Niter Ore	render/34f338ce8c34bf44006f54a20aa10082
15:tabBlocks	6	tile.ore_copper	0	Copper Ore	render/ac6d1c55239fa7058d86f1bb472ec0c0
15:tabBlocks	7	tile.ore_tungsten	0	Tungsten Ore	render/e7390e6d0266eef32df06b4e47196ce4
15:tabBlocks	8	tile.ore_aluminium	0	Aluminium-Bearing Ore	render/bb841a313ea5f797605d3e1dabdb4002
15:tabBlocks	9	tile.ore_fluorite	0	Fluorite Ore	render/607366fb26f8fee7ec2991066e69c2a2
15:tabBlocks	10	tile.ore_beryllium	0	Beryllium Ore	render/4de08f9872c7f6f5c5ad8c14a6f30646
15:tabBlocks	11	tile.ore_lead	0	Lead Ore	render/5c49154b98467c15712ab9977064fa45
15:tabBlocks	12	tile.ore_oil	0	Oil Deposit	render/ee1da875bf29b87a2200e5db6415faab
15:tabBlocks	13	tile.ore_oil_empty	0	Empty Oil Deposit	render/d079a7a173e1903682095966b2d5c7dd
15:tabBlocks	14	tile.ore_oil_sand	0	Tar Sand	render/a37ae5e61d025dddd40ce111238460f4
15:tabBlocks	15	tile.ore_lignite	0	Lignite Ore	render/abfd268ef988ce4fd0d21c76fa229974
15:tabBlocks	16	tile.ore_asbestos	0	Asbestos Ore	render/4b5b1df4a38beca7a0a4593fc1b8bede
15:tabBlocks	17	tile.ore_schrabidium	0	Schrabidium Ore	render/1405b7b484481b944d80b78bd3699f55
15:tabBlocks	18	tile.ore_australium	0	Australian Ore	render/fa330e55d0b4276c1c6acd093c836027
15:tabBlocks	19	tile.ore_rare	0	Rare Earth Ore	render/886d226081c663b4d5e206234b2e7280
15:tabBlocks	20	tile.ore_cobalt	0	Cobalt Ore	render/0fb4027a1684f932b648327341f42218
15:tabBlocks	21	tile.ore_cinnebar	0	Cinnabar Ore	render/7af99a27772db248a48443ac892a9256
15:tabBlocks	22	tile.ore_coltan	0	Coltan Ore	render/2a962088fe5d25cddf95efbe0f7331b4
15:tabBlocks	23	tile.cluster_iron	0	Iron Ore Cluster	render/b58d8ee9b175cc63a764799ebfd337bf
15:tabBlocks	24	tile.cluster_titanium	0	Titanium Ore Cluster	render/006a0121eb092045d09bf4bf54ac0241
15:tabBlocks	25	tile.cluster_aluminium	0	Aluminium Ore Cluster	render/d60f04eb482410d4cf6de33ecb16be06
15:tabBlocks	26	tile.cluster_copper	0	Copper Ore Cluster	render/ada85eed3b7b10434f533c0859eda9fd
15:tabBlocks	27	tile.ore_bedrock_oil	0	Bedrock Oil Deposit	render/584355a5251ef896cbd3fe8d10749c1b
15:tabBlocks	28	tile.ore_nether_coal	0	Burning Nether Coal Ore	render/5c30831653fed923d40fb7236150fac2
15:tabBlocks	29	tile.ore_nether_smoldering	0	Smoldering Netherrack	render/51d8c23aa98df892e4815c60d99e215a
15:tabBlocks	30	tile.ore_nether_uranium	0	Nether Uranium Ore	render/67701d00d4817024e503eda602b00824
15:tabBlocks	31	tile.ore_nether_uranium_scorched	0	Scorched Nether Uranium Ore	render/f03d01ae8478bfcb4f0de905b7aedb17
15:tabBlocks	32	tile.ore_nether_plutonium	0	Nether Plutonium Ore	render/6e72c4ea86a0d16f74f41db7852b5b22
15:tabBlocks	33	tile.ore_nether_tungsten	0	Nether Tungsten Ore	render/036c121e851602acf6a6a7407f20c710
15:tabBlocks	34	tile.ore_nether_sulfur	0	Nether Sulfur Ore	render/af3d1d9797be0c0fa2de921ed5c04a8f
15:tabBlocks	35	tile.ore_nether_fire	0	Nether Phosphorus Ore	render/9867ff897aab615f441a5b3bcde017e1
15:tabBlocks	36	tile.ore_nether_cobalt	0	Nether Cobalt Ore	render/aada0e2c1a049f73dcffa79ad201ded2
15:tabBlocks	37	tile.ore_nether_schrabidium	0	Nether Schrabidium Ore	render/e2c3dc39922e0764acd45abc68088184
15:tabBlocks	38	tile.ore_meteor	0	Meteor Iron Ore	render/a623d0f376792af656e88834bc78529a
15:tabBlocks	39	tile.ore_meteor	1	Meteor Copper Ore	render/5ebde3521376725f41e15e051405c271
15:tabBlocks	40	tile.ore_meteor	2	Meteor Aluminium Ore	render/8b242f79c5c2d885c7f10d955c6d1087
15:tabBlocks	41	tile.ore_meteor	3	Meteor Rare Earth Ore	render/80050cb16dc670e87d184e8316a574fb
15:tabBlocks	42	tile.ore_meteor	4	Meteor Cobalt Ore	render/935ce85ef846f8be968ecc049b587e90
15:tabBlocks	43	tile.ore_gneiss_iron	0	Schist Iron Ore	render/039c28dd740262d9f0024245f1daf781
15:tabBlocks	44	tile.ore_gneiss_gold	0	Schist Gold Ore	render/f2cf75829dabdc816f42e7043d74141b
15:tabBlocks	45	tile.ore_gneiss_uranium	0	Schist Uranium Ore	render/3824ac9ab44d2580829af8589b9f9545
15:tabBlocks	46	tile.ore_gneiss_uranium_scorched	0	Scorched Schist Uranium Ore	render/92b46c22139386d5c61b1158f4f385f8
15:tabBlocks	47	tile.ore_gneiss_copper	0	Schist Copper Ore	render/c2c98074b90ec60f4613cfa20890a300
15:tabBlocks	48	tile.ore_gneiss_asbestos	0	Schist Asbestos Ore	render/9682045cd3fedbf4a487502b621489e6
15:tabBlocks	49	tile.ore_gneiss_lithium	0	Schist Lithium Ore	render/dec76e281865e6c63ccc4f4656f91493
15:tabBlocks	50	tile.ore_gneiss_schrabidium	0	Schist Schrabidium Ore	render/4be8cb9d1a6b24f5daa5b29857bf67d8
15:tabBlocks	51	tile.ore_gneiss_rare	0	Schist Rare Earth Ore	render/3b07545ac09aa3eb334b7c05c7467a2d
15:tabBlocks	52	tile.ore_gneiss_gas	0	Gas Shale	render/af5719b9d22d371da10f3addadafe632
15:tabBlocks	53	tile.ore_depth_cinnebar	0	Depth Cinnabar Ore	render/f472b41a89648a86abdef8df12e66e6d
15:tabBlocks	54	tile.ore_depth_zirconium	0	Depth Zirconium Ore	render/0f6c63c335488fff12c7e4f5abadfb62
15:tabBlocks	55	tile.ore_depth_borax	0	Depth Borax Ore	render/80a12437095d1ab1ec2f00d8f9e6f685
15:tabBlocks	56	tile.cluster_depth_iron	0	Depth Iron Ore Cluster	render/e9bbb7f8ee61b3c46e35278dd6b203b2
15:tabBlocks	57	tile.cluster_depth_titanium	0	Depth Titanium Ore Cluster	render/8ca2993b8288f16469aa7c819de7a644
15:tabBlocks	58	tile.cluster_depth_tungsten	0	Depth Tungsten Ore Cluster	render/290581701af7e34b2f2669fcffcecccc
15:tabBlocks	59	tile.ore_alexandrite	0	Alexandrite Ore	render/d4cefefcbdfbe20ac08f7f1c9e5e4c3e
15:tabBlocks	60	tile.ore_depth_nether_neodymium	0	Nether Depth Neodymium Ore	render/fdc6fcf60ab3f7758997719e3d1f6aa6
15:tabBlocks	61	tile.ore_basalt	0	Sulfur-Rich Basalt	render/02c0c8c38330c69257ff460501eb360c
15:tabBlocks	62	tile.ore_basalt	1	Fluorite-Rich Basalt	render/80a8d563522313c2f497ef23b7baff9a
15:tabBlocks	63	tile.ore_basalt	2	Asbestos-Rich Basalt	render/ecca41895f8ef6ba72eb22ff21e14d03
15:tabBlocks	64	tile.ore_basalt	3	Gem-Rich Basalt	render/dd3202f8f90c379873461e893f29f11a
15:tabBlocks	65	tile.ore_basalt	4	Molysite-Rich Basalt	render/a5d48f51d3a6ee3726c08de57b45fa4f
15:tabBlocks	66	tile.ore_tikite	0	Trixite	render/77bb74309cf4b5809c3b0acee7bca481
15:tabBlocks	67	tile.ore_volcano	0	Geothermal Vent	render/480e52f8998c730fa459ef8ba4b408fa
15:tabBlocks	68	tile.stone_resource	0	Sulfurous Stone	render/84c7d7f60da43087208486346ab19caa
15:tabBlocks	69	tile.stone_resource	1	Chrysotile	render/2e51a4ded1dc7221d97ebc7654097e86
15:tabBlocks	70	tile.stone_resource	2	Hematite	render/c86280a52a56982b44b7c30560f7822b
15:tabBlocks	71	tile.stone_resource	3	Malachite	render/daa1f9f0a62d3467fa795f0969174258
15:tabBlocks	72	tile.stone_resource	4	Limestone	render/3d93d7266482e8243985adf12e3a53d8
15:tabBlocks	73	tile.stone_resource	5	Bauxite	render/ab9d73d975b160eb1059d4168454f89f
15:tabBlocks	74	tile.stalagmite	0	Sulfurous Stalagmite	render/c1ae7c8b5019ea0f8e7c0d59b7514a77
15:tabBlocks	75	tile.stalagmite	1	Asbestos Stalagmite	render/07e0bb76e6635dbfd4a2241edb35add0
15:tabBlocks	76	tile.stalagmite	2	Icy Stalagmite	render/8397a7dcdd8ba0ff41f1a89245c3490d
15:tabBlocks	77	tile.stalagmite	3	Snowy Stalagmite	render/bf9429d3969d2565fbae1f2d2331e738
15:tabBlocks	78	tile.stalagmite	4	Glyphid Stalagmite	render/b8d146c34b69b9bc2e514ce9fc15c0b0
15:tabBlocks	79	tile.stalagmite	5	Bloated Glyphid Stalagmite	render/810ddeb8aa662f3d45be1f7e0d977e6a
15:tabBlocks	80	tile.stalagmite	6	Putrid Glyphid Stalagmite	render/23f2763933241f7c698f40fcc1556036
15:tabBlocks	81	tile.stalactite	0	Sulfurous Stalactite	render/ee6b01c1e16ab86ba22d84060e391091
15:tabBlocks	82	tile.stalactite	1	Asbestos Stalactite	render/7d66537fd2e1b6d3f66046afba7289cc
15:tabBlocks	83	tile.stalactite	2	Icy Stalactite	render/03c748290ab79106f14c293bb44c3c3a
15:tabBlocks	84	tile.stalactite	3	Snowy Stalactite	render/246795782a9955ade6915da8f5ebb8e1
15:tabBlocks	85	tile.stalactite	4	Glyphid Stalactite	render/4158b325b1022cdf4b12855a2318f4bd
15:tabBlocks	86	tile.stalactite	5	Bloated Glyphid Stalactite	render/b77d58ad06896c2aed3b72d9b16494a7
15:tabBlocks	87	tile.stalactite	6	Putrid Glyphid Stalactite	render/8c4357d07b3880b819877c5ac318f736
15:tabBlocks	88	tile.stone_biome	0	tile.stone_biome.desert.name	render/c7ec7fe14e58b8c875692c198ace1f61
15:tabBlocks	89	tile.stone_biome	1	tile.stone_biome.woodland.name	render/fe6e4b3671df2f7c586cfd45397255b5
15:tabBlocks	90	tile.stone_porous	0	Porous Stone	render/72e56a0da116be110a895c5e925d231d
15:tabBlocks	91	tile.stone_gneiss	0	Graphitic Schist	render/7151e8213e85e6b95f45658c1483f24b
15:tabBlocks	92	tile.gneiss_brick	0	Schist Brick	render/b89d5cab49c7082bfcad763773e8f36f
15:tabBlocks	93	tile.gneiss_tile	0	Schist Tile	render/2612d90cca76fffa7134e7314d5d47ae
15:tabBlocks	94	tile.gneiss_chiseled	0	Chiseled Schist	render/f674baa2ebd6484d2fc860aeaac45689
15:tabBlocks	95	tile.stone_depth	0	Depth Rock	render/62ecba74994c0c7757301460c4279d3a
15:tabBlocks	96	tile.depth_brick	0	Depth Bricks	render/1ac8486ee0b1219b152779344608a676
15:tabBlocks	97	tile.depth_tiles	0	Depth Tiles	render/977963dc1ca142317ae54df10b39f48a
15:tabBlocks	98	tile.stone_depth_nether	0	Nether Depth Rock	render/49243bab87859d47efda94265334943f
15:tabBlocks	99	tile.depth_nether_brick	0	Nether Depth Bricks	render/fd810b9109f103b9f34bda2fac21449d
15:tabBlocks	100	tile.depth_nether_tiles	0	Nether Depth Tiles	render/4879397ca2ce6180b81e1ce82eb2cbec
15:tabBlocks	101	tile.depth_dnt	0	DNT-Reinforced Depth Bricks	render/0d912a34a95b8da0d0b8c9413e101ef3
15:tabBlocks	102	tile.basalt	0	Basalt	render/82693a062be8ac08f3fd3fa3bc398f15
15:tabBlocks	103	tile.basalt_smooth	0	Smooth Basalt	render/cb3bc1f059fa46ed94eed73b0da0ff7b
15:tabBlocks	104	tile.basalt_brick	0	Basalt Bricks	render/d254038be323e4c8ae65e24593ed4ab8
15:tabBlocks	105	tile.basalt_polished	0	Polished Basalt	render/259c19cfd386b52a136a878a796edff9
15:tabBlocks	106	tile.basalt_tiles	0	Basalt Tiles	render/c21d596a8eb265d371a6f55280fb0167
15:tabBlocks	107	tile.block_uranium	0	Block of Uranium	render/b6e5a61e896e2a3d303ac7361425cf0f
15:tabBlocks	108	tile.block_u233	0	Block of Uranium-233	render/3d7e1c1b654801180aaa9ec618c1e06e
15:tabBlocks	109	tile.block_u235	0	Block of Uranium-235	render/9c2018f2f50ce1750b456fd79375f0ec
15:tabBlocks	110	tile.block_u238	0	Block of Uranium-238	render/0d30b29b492c73dd70422cc5a34b2d73
15:tabBlocks	111	tile.block_uranium_fuel	0	Block of Uranium Fuel	render/2687c01959b71acf8347b15c0a980e6a
15:tabBlocks	112	tile.block_neptunium	0	Block of Neptunium	render/738969e51fa2fdf6831ee7a0fc8a2736
15:tabBlocks	113	tile.block_polonium	0	Block of Polonium-210	render/5e4f517f1216035d435ca40e8a4224da
15:tabBlocks	114	tile.block_mox_fuel	0	Block of MOX Fuel	render/316f22e3423e83bbc6733b138e26641b
15:tabBlocks	115	tile.block_plutonium	0	Block of Plutonium	render/e2e355bea96bc622d04869e92a68d131
15:tabBlocks	116	tile.block_pu238	0	Block of Plutonium-238	render/6da96a39cc9970b241ffe34e7b1a87c9
15:tabBlocks	117	tile.block_pu239	0	Block of Plutonium-239	render/2cf20e6f2dc065512d70892a6b91865a
15:tabBlocks	118	tile.block_pu240	0	Block of Plutonium-240	render/f3fcf95509f641b93011ea0dfe08981a
15:tabBlocks	119	tile.block_pu_mix	0	Block of Reactor Grade Plutonium	render/96f2bc99cc0b9eeff9806b1e76e903d3
15:tabBlocks	120	tile.block_plutonium_fuel	0	Block of Plutonium Fuel	render/dd6646ec4d80cb9b124f783ec74df7bd
15:tabBlocks	121	tile.block_thorium	0	Block of Thorium-232	render/b60134856cb7dcb474b5599792c15faa
15:tabBlocks	122	tile.block_thorium_fuel	0	Block of Thorium Fuel	render/27f214c2d6bf56a049010489e0529736
15:tabBlocks	123	tile.block_titanium	0	Block of Titanium	render/9fb4a1959364c9f3e126a6b0cce7cd12
15:tabBlocks	124	tile.block_sulfur	0	Block of Sulfur	render/55b3f4c0b08ef6005ea459b3110e5a97
15:tabBlocks	125	tile.block_niter	0	Block of Niter	render/2aa6b36c668b1d7122c1b446480eb774
15:tabBlocks	126	tile.block_copper	0	Block of Copper	render/2e33ca518e9234768acff5cfcce51bd2
15:tabBlocks	127	tile.block_red_copper	0	Block of Red Copper	render/0ccfea2753741affebc27b3862bbbfe6
15:tabBlocks	128	tile.block_tungsten	0	Block of Tungsten	render/56566b06282d0870fb95dbe03a84a960
15:tabBlocks	129	tile.block_aluminium	0	Block of Aluminium	render/4caf719da0e3fb9d6b2cf7728c1fe3f7
15:tabBlocks	130	tile.block_fluorite	0	Block of Fluorite	render/0c46894f057ed3d044907e0410a6a9a0
15:tabBlocks	131	tile.block_beryllium	0	Block of Beryllium	render/fef00d947dd2270b18d63a9de888ecad
15:tabBlocks	132	tile.block_cobalt	0	Block of Cobalt	render/bcff8d682b9382bc0722973a104dd11f
15:tabBlocks	133	tile.block_steel	0	Block of Steel	render/3ad5885694a75cbdd4ba98add1ae68b0
15:tabBlocks	134	tile.block_tcalloy	0	Block of Technetium Steel	render/240a6f67be0e4bb2d4c5e0cc6487d599
15:tabBlocks	135	tile.block_cdalloy	0	Block of Cadmium Steel	render/71cd8b77e501114b1a67c612f709cb19
15:tabBlocks	136	tile.block_lead	0	Block of Lead	render/419b57246a27e6fb74b2fb8c2181856c
15:tabBlocks	137	tile.block_bismuth	0	Block of Bismuth	render/947928971816e94b6e48f71832f502bc
15:tabBlocks	138	tile.block_cadmium	0	Block of Cadmium	render/dbfb213a1c774e1a8c51f7941a7626a7
15:tabBlocks	139	tile.block_coltan	0	Block of Coltan	render/784a9a7a90e15e036cf69e24cd2d6611
15:tabBlocks	140	tile.block_tantalium	0	Block of Tantalum	render/1790c95b8adef86a33ac0655d490a708
15:tabBlocks	141	tile.block_niobium	0	Block of Niobium	render/102b50b965529a98bcbcb9c31b8c174f
15:tabBlocks	142	tile.block_lithium	0	Block of Lithium	render/9ee3ef7eab73af98c72cfbe9a280328c
15:tabBlocks	143	tile.block_zirconium	0	Block of Zirconium	render/4db93885453dd57e2e52f393918d7a73
15:tabBlocks	144	tile.block_white_phosphorus	0	Block of White Phosphorus	render/ea1e6eee8cc445672bd210306097bd60
15:tabBlocks	145	tile.block_red_phosphorus	0	Block of Red Phosphorus	render/4cf5bafd594ef24879c9dbcb71518e0d
15:tabBlocks	146	tile.block_yellowcake	0	Block of Yellowcake	render/422f0f0eeeff414a4f37cacfe83e84f7
15:tabBlocks	147	tile.block_scrap	0	Block of Scrap	render/49c0c62e8e30eba990039e6771fa105c
15:tabBlocks	148	tile.block_electrical_scrap	0	Block of Electrical Scrap	render/f8df2d7e945874a462fce153f4af3683
15:tabBlocks	149	tile.block_fallout	0	Block of Fallout	render/905844f1d03fc0945af6492abe199114
15:tabBlocks	150	tile.block_foam	0	Foam	render/71c61b55ef5f907b1cc79d2648b96cf9
15:tabBlocks	151	tile.block_graphite	0	Block of Graphite	render/696b90de227870da2a1d161b9923d5a3
15:tabBlocks	152	tile.block_coke	0	Block of Coal Coke	render/dd7bf5633ef428548c71d74aa0bf4a04
15:tabBlocks	153	tile.block_coke	1	Block of Lignite Coke	render/9c49b59df26dc2854d1d223f63c84e69
15:tabBlocks	154	tile.block_coke	2	Block of Petroleum Coke	render/c09c77bc4c7b4152f683050402ee9c4a
15:tabBlocks	155	tile.block_boron	0	Block of Boron	render/acf4edbab5730adcfd1846717408bc17
15:tabBlocks	156	tile.block_insulator	0	Roll of Insulation	render/8fb32d2e5a14ed5f455b8759ec4c2d16
15:tabBlocks	157	tile.block_fiberglass	0	Roll of Fiberglass	render/1ae884d682d201b99a336c7dc448473d
15:tabBlocks	158	tile.block_asbestos	0	Block of Asbestos	render/115ba6f51fd16370ab578e694a35ea96
15:tabBlocks	159	tile.block_trinitite	0	Block of Trinitite	render/db474a4747f9498992d84934369812f3
15:tabBlocks	160	tile.block_waste	0	Block of Nuclear Waste	render/c9bb458e538efe5c1e409be0ea5b906c
15:tabBlocks	161	tile.block_waste_painted	0	Painted Block of Nuclear Waste	render/0be2af36b3b1e07c06e171ae4f05f651
15:tabBlocks	162	tile.block_waste_vitrified	0	Vitrified Block of Nuclear Waste	render/dade10bf3f7d816b5628c60ad9da2232
15:tabBlocks	163	tile.ancient_scrap	0	Ancient Scrap Metal	render/a1a75b793de8bd62cbf7553c8713c3f8
15:tabBlocks	164	tile.block_corium	0	Corium	render/ef4d1a55626c426415bb0b8fc6b66704
15:tabBlocks	165	tile.block_corium_cobble	0	Corebblestone	render/fe1d8267dc166c74a7c3d6d969179e50
15:tabBlocks	166	tile.block_schraranium	0	Block of Schraranium	render/762758877f9b8d5bff8d24a0d34c8e29
15:tabBlocks	167	tile.block_schrabidium	0	Block of Schrabidium	render/b4141747c81910520d955f77a5863d64
15:tabBlocks	168	tile.block_schrabidate	0	Block of Ferric Schrabidate	render/bad84b8c4dcca94afc12d6cb5ff9e786
15:tabBlocks	169	tile.block_solinium	0	Block of Solinium	render/0754bb6495629309c88428eae659ce48
15:tabBlocks	170	tile.block_schrabidium_fuel	0	Block of Schrabidium Fuel	render/2459445f6cd538e2ca5f262aaa510416
15:tabBlocks	171	tile.block_euphemium	0	Block of Euphemium	render/cb2c55609eb1495ddd712d866ee4a03e
15:tabBlocks	172	tile.block_schrabidium_cluster	0	Schrabidium Cluster	render/bbd431b94f4c497a4a4ab78466efd388
15:tabBlocks	173	tile.block_euphemium_cluster	0	Euphemium-Etched Schrabidium Cluster	render/6b038f27382d25f216263833443eb969
15:tabBlocks	174	tile.block_dineutronium	0	Block of Dineutronium	render/82daa97b2feb4fc640b3ffbb123055ca
15:tabBlocks	175	tile.block_magnetized_tungsten	0	Block of Magnetized Tungsten	render/e3f83c57e46ce15efd1a6975284a3042
15:tabBlocks	176	tile.block_combine_steel	0	Block of CMB Steel	render/4b9e7be548c576ef698d782ca7bf4157
15:tabBlocks	177	tile.block_desh	0	Reinforced Block of Desh	render/8443d5df4dcd73a7ece9078ec47ce11f
15:tabBlocks	178	tile.block_dura_steel	0	Reinforced Block of High-Speed Steel	render/6693766ec6878a80f82b1b42bd3e16e4
15:tabBlocks	179	tile.block_starmetal	0	§9Block of Starmetal§r	render/0262aaafbd8af8f00f85d40437d7e69f
15:tabBlocks	180	tile.block_polymer	0	Block of Polymer	render/f4265fcea9326cb7943d0c2ba7da4811
15:tabBlocks	181	tile.block_bakelite	0	Block of Bakelite	render/bc3c6daca71660a66332d9c6b66db663
15:tabBlocks	182	tile.block_rubber	0	Block of Rubber	render/9859dee404a47d984ac7383fcd5274ee
15:tabBlocks	183	tile.block_australium	0	Block of Australium	render/5fcf08009547b4acda607c9423a9eea0
15:tabBlocks	184	tile.block_cap	0	Block of Nuka Cola Bottle Caps	render/377e91b615d4349a787efc47ee0fed36
15:tabBlocks	185	tile.block_cap	1	Block of Nuka Cola Quantum Bottle Caps	render/b2c6daf2589df3b99b62ee0f97d25094
15:tabBlocks	186	tile.block_cap	2	Block of S~Cola Bottle Caps	render/aa0923c0cdea2fe28ee71ddfd0d07c66
15:tabBlocks	187	tile.block_cap	3	Block of S~Cola RAD Bottle Caps	render/8b0aa89dbb29ca393b43bd9e42315212
15:tabBlocks	188	tile.block_cap	4	Block of Korl Bottle Caps	render/df0dbe82e3d8e0e4baa0f0b226e2288a
15:tabBlocks	189	tile.block_cap	5	Block of Fritz Cola Bottle Caps	render/437c00a3af977952da75443712a3a7af
15:tabBlocks	190	tile.block_lanthanium	0	Block of Lanthanium	render/d1b68e7e9938d0c8e27db3955d9f99c6
15:tabBlocks	191	tile.block_ra226	0	Block of Radium-226	render/2ad271a0b8c04aae99a36020689128a1
15:tabBlocks	192	tile.block_actinium	0	Block of Actinium	render/5176f8c05abea97d438d009349a24454
15:tabBlocks	193	tile.block_tritium	0	Block of Tritium Cells	render/b294c820d666599826be01a436a57684
15:tabBlocks	194	tile.block_semtex	0	Block of Semtex	render/1af872970f66151b7978a3485447f9fb
15:tabBlocks	195	tile.block_c4	0	Block of C-4	render/198a2944ab0c8456c9a7e779abdcf966
15:tabBlocks	196	tile.block_smore	0	Block of S'more	render/a7e172e8305279ee2c715c8730db51ad
15:tabBlocks	197	tile.block_slag	0	Block of Slag	render/c10d98f563f80eab2b0681d1fd8a303c
15:tabBlocks	198	tile.deco_titanium	0	Titanium Deco Block	render/505fe53124c1c62cb050bfc21ccba8b1
15:tabBlocks	199	tile.deco_red_copper	0	Red Copper Deco Block	render/3f66ad1998e105f3389c6516d0f973f2
15:tabBlocks	200	tile.deco_tungsten	0	Tungsten Deco Block	render/9d612abf6106c0d9b25c676eb3aed2e8
15:tabBlocks	201	tile.deco_aluminium	0	Aluminium Deco Block	render/b0f9da1449658d3974ffbdc59830230b
15:tabBlocks	202	tile.deco_steel	0	Steel Deco Block	render/3bf0f84e0947b37afe603067f77c0cb5
15:tabBlocks	203	tile.deco_rusty_steel	0	Rusty Steel Deco Block	render/131e3d26214666807a098956fb37a76f
15:tabBlocks	204	tile.deco_lead	0	Lead Deco Block	render/6e6a6d0cf30423fca66d6798fc6a1092
15:tabBlocks	205	tile.deco_beryllium	0	Beryllium Deco Block	render/e45865a53eeae01a02b5387895d062c3
15:tabBlocks	206	tile.platemetal	0	Platemetal Block	render/4db1d1ffbcc1d65dba0b3962d16065a0
15:tabBlocks	207	tile.platemetal	1	Black Platemetal Block	render/27b6e25ed48fec9b2dfbca4c4280f63e
15:tabBlocks	208	tile.platemetal	2	White Platemetal Block	render/2c278d4b219ece874f906c7c3375715a
15:tabBlocks	209	tile.platemetal	3	Red Platemetal Block	render/25c5dd1567d3885d57fc8c0422c029b6
15:tabBlocks	210	tile.platemetal	4	Green Platemetal Block	render/7f3809dba58c214b1357184d10871c42
15:tabBlocks	211	tile.platemetal	5	Light Gray Platemetal Block	render/f31671d71b5129772825952219b87070
15:tabBlocks	212	tile.platemetal	6	Blue Platemetal Block	render/5aaee59220fd6c5f2e8e3285fbe9684c
15:tabBlocks	213	tile.platemetal	7	Purple Platemetal Block	render/4311961d5ac2d9aa49bbdb9863a5b5a4
15:tabBlocks	214	tile.platemetal	8	Cyan Platemetal Block	render/32837ab8477d3b26769cf57e30783bcf
15:tabBlocks	215	tile.platemetal	9	Pink Platemetal Block	render/0b9884319af23d530c8324e3f5067d3f
15:tabBlocks	216	tile.platemetal	10	Lime Platemetal Block	render/b4b3772cb4bfc9d89326434ddd2e7bab
15:tabBlocks	217	tile.platemetal	11	Yellow Platemetal Block	render/e911ef810966aba270c20ff8c81b6175
15:tabBlocks	218	tile.platemetal	12	Light Blue Platemetal Block	render/0b51f1103d27e57ac55bcb2b33fc829a
15:tabBlocks	219	tile.platemetal	13	Magenta Platemetal Block	render/283b758e69b854b075d4762f009a76c4
15:tabBlocks	220	tile.platemetal	14	Orange Platemetal Block	render/f4d99cf7f7e51e71607af9eefeba3692
15:tabBlocks	221	tile.deco_asbestos	0	Asbestos Roof	render/892f8eb2054788304f290b0ffb90f624
15:tabBlocks	222	tile.deco_emitter	0	Deco Light Emitter	render/acea7a1ad1dfb4d08574f4f072555e28
15:tabBlocks	223	tile.part_emitter	0	Deco Particle Emitter	render/d6bb43373291cc909ed1b2540b575415
15:tabBlocks	224	tile.bobblehead	1	Bobblehead	render/33247a1b82ee483d6d6a52ce81d2777c__composite_6d6559a1e37e5af7fbaf
15:tabBlocks	225	tile.bobblehead	2	Bobblehead	render/b6583b5e21c1f039d897b80faa65461b__composite_6d6559a1e37e5af7fbaf
15:tabBlocks	226	tile.bobblehead	3	Bobblehead	render/0fa941008cf58721fd6e5b6f3a238012__composite_6d6559a1e37e5af7fbaf
15:tabBlocks	227	tile.bobblehead	4	Bobblehead	render/3bb2e311fc55bf4c8998716a99f72570__composite_6d6559a1e37e5af7fbaf
15:tabBlocks	228	tile.bobblehead	5	Bobblehead	render/6adca94e051f01c831df37e0ee533da7__composite_6d6559a1e37e5af7fbaf
15:tabBlocks	229	tile.bobblehead	6	Bobblehead	render/86d500bac6474010c7969a7546a49b9b__composite_6d6559a1e37e5af7fbaf
15:tabBlocks	230	tile.bobblehead	7	Bobblehead	render/dc69c49a132c7abb95f6010a481f1300__composite_6d6559a1e37e5af7fbaf
15:tabBlocks	231	tile.bobblehead	8	Bobblehead	render/00d616fc0f0ef5f193ad84ae05043cbd__composite_fd4981d39f4cbde66dd8
15:tabBlocks	232	tile.bobblehead	9	Bobblehead	render/3623848b059e66f10f90485a5c7ab116__composite_0b838a4c46de2f951565
15:tabBlocks	233	tile.bobblehead	10	Bobblehead	render/2e87637a8024deba20320b5c88876014__composite_5c6f71f09a3046bcef80
15:tabBlocks	234	tile.bobblehead	11	Bobblehead	render/a4fd85004a03550d86f6d10d6f9b6e39__composite_f148efb1a2df36c348b0
15:tabBlocks	235	tile.bobblehead	12	Bobblehead	render/bda6f2780633600d3f14579105d4bdf5__composite_09ffd0f35250cbb3ba4c
15:tabBlocks	236	tile.bobblehead	13	Bobblehead	render/4a7772daa4d31040020bcde826cf62ec__composite_04c60fba02e4de5aaede
15:tabBlocks	237	tile.bobblehead	14	Bobblehead	render/5c9180a2652c88c3d3881d819b340693__composite_05f4df9f1adc36556b1f
15:tabBlocks	238	tile.bobblehead	15	Bobblehead	render/479c76ce9b60190f998fb7b519c6f5e6__composite_55bd1b26b0cfa87b4198
15:tabBlocks	239	tile.bobblehead	16	Bobblehead	render/fad2416f74a7ee37a3350708fd22f642__composite_621da3cbc667702c466b
15:tabBlocks	240	tile.bobblehead	17	Bobblehead	render/752d63ec6af31c144d7da52f67f4b7f0__composite_b4646bda84559268df0e
15:tabBlocks	241	tile.bobblehead	18	Bobblehead	render/b63ff87939c3968bf0d7e547e76d3595__composite_7058c750617ad5b14228
15:tabBlocks	242	tile.bobblehead	19	Bobblehead	render/e69b97d79fd5e908ff76eb9d4fdbbb3c__composite_9b3502b04615761b1462
15:tabBlocks	243	tile.bobblehead	20	Bobblehead	render/715f15ff9b0c0b0f0227587b136863b5__composite_06197147a8ba285ff59b
15:tabBlocks	244	tile.bobblehead	21	Bobblehead	render/fce57ed52aeb3d8fc464540b0294a010__composite_a261b72310329bf40265
15:tabBlocks	245	tile.bobblehead	22	Bobblehead	render/5eb27eeee0cb807f64a374149b4f4d36__composite_3690ba1b052dab909141
15:tabBlocks	246	tile.bobblehead	23	Bobblehead	render/e0e862fec8ce99b3803f3993ee33ddd5__composite_2062f7fdfa59ab9dbf1d
15:tabBlocks	247	tile.bobblehead	24	Bobblehead	render/50e9c8e7df4b4df4bc8bc9e2d7df1292__composite_f503837b8f880a8f1d2b
15:tabBlocks	248	tile.snowglobe	1	Snowglobe	render/8ca127b3fd941138ce0b761a735918d2__composite_7151bbb03473defdd0ad
15:tabBlocks	249	tile.snowglobe	2	Snowglobe	render/3b5fb4a4b9e020d5c038e8588b8a91af__composite_9a106ee38908c8962007
15:tabBlocks	250	tile.snowglobe	3	Snowglobe	render/c99cf7fbaf8dfab3ca3263ce912e3be6__composite_d0f1f36667e58883eb10
15:tabBlocks	251	tile.snowglobe	4	Snowglobe	render/6b36f74c6909e0535ea8f152aa2b7ae1__composite_904745e3f95a09ac9036
15:tabBlocks	252	tile.snowglobe	5	Snowglobe	render/58babc5eabce6812cd17378a49cb969c__composite_d44cfe1151a368c473e2
15:tabBlocks	253	tile.plushie	1	Yomi Plushie	render/e0257a7e282c9624f2f37614038a2f26__trinkets_yomi__trinkets_yomi
15:tabBlocks	254	tile.plushie	2	Number Nine Plushie	render/2d5bc15f5f2496c9d1cdd7a0a37c8660__composite_16aa29156dd0508840b7
15:tabBlocks	255	tile.plushie	3	Hundun Plushie	render/e7896edc2dd004c8eb59ae6617b53ef6__trinkets_hundun__trinkets_hundun__goober_posed
15:tabBlocks	256	tile.plushie	4	Dragon Plushie	render/2321308a7a4cef448ccb7ab9e69ca912__trinkets_derg__trinkets_derg__colonthree__derg
15:tabBlocks	257	tile.vending_machine	0	Vending Machine	render/c1f7cd393c6e756ffe3143edb6c87680__machines_vending_machine__machines_vending_machine__soda
15:tabBlocks	258	tile.vending_machine	1	Vending Machine	render/6254636e0b32e448ab458d0e47f5cedc__machines_vending_machine__machines_vending_machine__obamna
15:tabBlocks	259	tile.deco_rbmk	0	RBMK Deco Block	render/8530d7c7dadafa57701c7244370de780
15:tabBlocks	260	tile.deco_rbmk_smooth	0	Smooth RBMK Deco Block	render/2920cb5cb2623f9d74190be1229d91c6
15:tabBlocks	261	tile.gravel_obsidian	0	Crushed Obsidian	render/06e7a5830ebd5d1883eeb58e1f97cd81
15:tabBlocks	262	tile.gravel_diamond	0	Diamond Gravel	render/65a094b29318254f639616a952e6cb8a
15:tabBlocks	263	tile.lamp_tritium_green_off	0	Green Tritium Lamp	render/06791df5a1683a7c50a2c70f8569f684
15:tabBlocks	264	tile.lamp_tritium_blue_off	0	Blue Tritium Lamp	render/99e6aba530bcebdc2fa5c890fd7a31a7
15:tabBlocks	265	tile.lamp_demon	0	Demon Core Lamp	render/cc9bb45c41d18090009de6e71100dd12__blocks_demon_lamp__machines_demon_lamp
15:tabBlocks	266	tile.lantern	0	Lantern	render/f59df83ad4cef1d64510583b9222c835__trinkets_lantern__trinkets_lantern__lantern__light
15:tabBlocks	267	tile.spotlight_incandescent	0	Cage Lamp	render/4e21735ac9d8d137a63545a5cad191bf
15:tabBlocks	268	tile.spotlight_fluoro	0	Fluorescent Light	render/64216a0e94b55e1258b0e87d137dd907
15:tabBlocks	269	tile.spotlight_halogen	0	Halogen Floodlight	render/6ae83bf931215b747a77c84f549a971f
15:tabBlocks	270	tile.floodlight	0	Powered Floodlight	render/c944112821233c654c005c12e1ea355b__blocks_floodlight__machines_floodlight__base__lamps__lights
15:tabBlocks	271	tile.sandbags	0	Sandbags	render/ecd25a7bdee59c51f1adc77f23c0eb68
15:tabBlocks	272	tile.wood_barrier	0	Wooden Barrier	render/f78ecd89ed93d56d1a19f21ae6fef52c
15:tabBlocks	273	tile.wood_structure	0	Wooden Roof	render/17c790a3a4c1eeab8e373e708c74ba46
15:tabBlocks	274	tile.wood_structure	1	Wooden Scaffold	render/ab563119e6d53e6200ae3bc1387cc69a
15:tabBlocks	275	tile.wood_structure	2	Wooden Ceiling	render/ee0907351e02d115d6fca4714d40307c
15:tabBlocks	276	tile.asphalt	0	Asphalt	render/411ac87c7057bcf9981830c5e71bca17
15:tabBlocks	277	tile.asphalt_light	0	Glowing Asphalt	render/c29499dc894e10b6c81dd58cbe113838
15:tabBlocks	278	tile.reinforced_brick	0	Reinforced Stone	render/3a37d2241fe381b21f7f8807d8f76fc8
15:tabBlocks	279	tile.reinforced_glass	0	Reinforced Glass	render/fc8d14f31f668cad8ffebe8f6d2f96f2
15:tabBlocks	280	tile.reinforced_glass_pane	0	Reinforced Glass Pane	render/689abbbce424fff7955b5bb5d2b0f59b
15:tabBlocks	281	tile.reinforced_light	0	Reinforced Glowstone	render/cedc2b24bb8dabb6728751da83fca929
15:tabBlocks	282	tile.reinforced_sand	0	Reinforced Sandstone	render/b9c0837ea0c3aa1ed21accd00cd1de8b
15:tabBlocks	283	tile.reinforced_lamp_off	0	Reinforced Lamp	render/22cc9a05db4b97b1e4c92cf7d9a20208
15:tabBlocks	284	tile.reinforced_laminate	0	Reinforced Laminate	render/3796ed6f5af15f559e5169ae861fd5a8
15:tabBlocks	285	tile.reinforced_laminate_pane	0	Reinforced Laminate Pane	render/806c99f471a250f528faa4077e0babf2
15:tabBlocks	286	tile.rebar	0	Rebar	render/e538ee778bc5977564a3eb61b4125266
15:tabBlocks	287	tile.reinforced_stone	0	Dense Stone	render/3d9e6490a28aadc4114234a46a6c2132
15:tabBlocks	288	tile.reinforced_ducrete	0	Reinforced Ducrete	render/1cc7c5aad605e7ddb54d81ad319e76ff
15:tabBlocks	289	tile.concrete_smooth	0	Concrete	render/6f5a5300e0fc440115b97bfe653a57d7
15:tabBlocks	290	tile.concrete_colored	0	White Concrete	render/51598be620fe6b17f182feb6118f00e2
15:tabBlocks	291	tile.concrete_colored	1	Orange Concrete	render/3e9cf1cb153948d56d682c5efaa6a1db
15:tabBlocks	292	tile.concrete_colored	2	Magenta Concrete	render/7bd3aea41ad4d86bdb01cf30b407f886
15:tabBlocks	293	tile.concrete_colored	3	Light Blue Concrete	render/e6924638893f3f5cca0932e9262dc75d
15:tabBlocks	294	tile.concrete_colored	4	Yellow Concrete	render/900551c1733d1bc1711296762f7a828a
15:tabBlocks	295	tile.concrete_colored	5	Lime Concrete	render/75b67f720b15dcd4610cc5e3316896b6
15:tabBlocks	296	tile.concrete_colored	6	Pink Concrete	render/b491b9eee796c40dcebcad586e03e2ad
15:tabBlocks	297	tile.concrete_colored	7	Gray Concrete	render/da39693a1cd9d96e0a87532363819965
15:tabBlocks	298	tile.concrete_colored	8	Light Gray Concrete	render/eeb857011c265009aec3f21981acf1b6
15:tabBlocks	299	tile.concrete_colored	9	Cyan Concrete	render/3c6a13b464e0c3fd254f7fb18e1000aa
15:tabBlocks	300	tile.concrete_colored	10	Purple Concrete	render/731f8c4cb058255253446a99db54789a
15:tabBlocks	301	tile.concrete_colored	11	Blue Concrete	render/9fff830bb9fe9c92dfbf89f52334b6e5
15:tabBlocks	302	tile.concrete_colored	12	Brown Concrete	render/4460e9a77a2ad53feb73cfc40d69c2c2
15:tabBlocks	303	tile.concrete_colored	13	Green Concrete	render/3e211b6c2b9ca120bb7314c75150f343
15:tabBlocks	304	tile.concrete_colored	14	Red Concrete	render/91ec74e948cbaf503152dbd980084759
15:tabBlocks	305	tile.concrete_colored	15	Black Concrete	render/afe0d3d82e8acd0d8499be150508e217
15:tabBlocks	306	tile.concrete_colored_ext	0	Builder's Choice Concrete - Industrial Tinge	render/d1f9f5a227751e020902453bcc9a36b3
15:tabBlocks	307	tile.concrete_colored_ext	1	Builder's Choice Concrete - Industrial Stripe	render/03bb187a5b0c5bc04755b0500894fe39
15:tabBlocks	308	tile.concrete_colored_ext	2	Builder's Choice Concrete - Deep Indigo	render/ec2515fff692254c52e6a1d5c0b4639f
15:tabBlocks	309	tile.concrete_colored_ext	3	Builder's Choice Concrete - Mysterious Purple	render/0dee5e8df4e1103725f9cb1931e637cc
15:tabBlocks	310	tile.concrete_colored_ext	4	Builder's Choice Concrete - Manly Pink	render/37eb82807c307bf3403e7845ff303184
15:tabBlocks	311	tile.concrete_colored_ext	5	Builder's Choice Concrete - Hazard Stripe	render/e32afcea859c83df746e8811df1c4d7d
15:tabBlocks	312	tile.concrete_colored_ext	6	Builder's Choice Concrete - Desert Storm	render/0bf3da2732fba758b2dda0cea2b53f90
15:tabBlocks	313	tile.concrete_colored_ext	7	Builder's Choice Concrete - Bronze Plating	render/01ef92ba6be5d2eef6bb31219f127015
15:tabBlocks	314	tile.concrete	0	Concrete Tile	render/caac92a718182c85fd2303c729613070
15:tabBlocks	315	tile.concrete_asbestos	0	Asbestos Concrete	render/9bb87209d09868558205903f2bca2ff2
15:tabBlocks	316	tile.concrete_rebar	0	Reinforced Concrete	render/d20a82a0872a85c342bfa73531795b31
15:tabBlocks	317	tile.concrete_super	0	Über Concrete	render/04807b0cf4207cbb482e3ead9c6df330
15:tabBlocks	318	tile.concrete_super_broken	0	Moldy Debris	render/0e18db05081e558490d0a8b23e3a8066
15:tabBlocks	319	tile.ducrete_smooth	0	Ducrete	render/80b4cb15f92ea0dc20bc60b3b35da8eb
15:tabBlocks	320	tile.ducrete	0	Ducrete Tile	render/c65d9c0192c603acd74e065f9cf63db8
15:tabBlocks	321	tile.concrete_pillar	0	Rebar Reinforced Concrete Pillar	render/4db62e5ac2a21383bfcad8b066425146
15:tabBlocks	322	tile.brick_concrete	0	Concrete Bricks	render/224f097af6c23b38b778f57e2f2ef294
15:tabBlocks	323	tile.brick_concrete_mossy	0	Mossy Concrete Bricks	render/5553d157d7b48757f5151c44b0b6fb6a
15:tabBlocks	324	tile.brick_concrete_cracked	0	Cracked Concrete Bricks	render/4892bdb960cb7a5a22918582607b81e5
15:tabBlocks	325	tile.brick_concrete_broken	0	Broken Concrete Bricks	render/dc33bdc86245121a247a2150e2ba0b0d
15:tabBlocks	326	tile.brick_concrete_marked	0	Marked Concrete Bricks	render/2d36eb2886bd635f25c2aeea59e3b4c8
15:tabBlocks	327	tile.brick_ducrete	0	Ducrete Bricks	render/be76c89da3a9499b1ecf3fbc399283b6
15:tabBlocks	328	tile.brick_obsidian	0	Obsidian Bricks	render/902df8503f19b99d4ee0dc71d9aee4ce
15:tabBlocks	329	tile.brick_compound	0	Compound Mesh	render/81c4e9b61d42f13b89e91ba8a53950db
15:tabBlocks	330	tile.brick_light	0	Light Bricks	render/62a79d1875f3805e076b55eae8035e8c
15:tabBlocks	331	tile.brick_asbestos	0	Asbestos Bricks	render/63d4e34b3802db6541a87fba3d800633
15:tabBlocks	332	tile.brick_fire	0	Firebricks	render/7bd04880d12554eb1aff1c2fe0890cf7
15:tabBlocks	333	tile.lightstone	0	Raw Lightstone	render/66ef2c99d8c35a32c37ca4ce3d9f6b76
15:tabBlocks	334	tile.lightstone	1	Lightstone Tile	render/a262be1124b948a768c9fb86fccca0cb
15:tabBlocks	335	tile.lightstone	2	Lightstone Bricks	render/818194367a8b4a96d017ae70095cc7fe
15:tabBlocks	336	tile.lightstone	3	Lightstone Chiseled Bricks	render/d67b8e6a9126f499de2c841ce1065ff6
15:tabBlocks	337	tile.lightstone	4	Chiseled Lightstone	render/1ed0ad30cd10d41cc8a1e2d4df43082a
15:tabBlocks	338	tile.lightstone_tile_stairs	0	Lightstone Tile Stairs	render/9e4afcf6ed4874acd08e0a956667efbf
15:tabBlocks	339	tile.lightstone_bricks_stairs	0	Lightstone Brick Stairs	render/74381e89d2a082df574533d607f34157
15:tabBlocks	340	tile.stones_slab	0	Lightstone Tile Slab	render/7ec9a71afeb6cb2ffb85cfc1560be506
15:tabBlocks	341	tile.stones_slab	1	Lightstone Brick Slab	render/fa09f0d435afb9d3d7c69beccb32ca8b
15:tabBlocks	342	tile.concrete_slab	0	Concrete Slab	render/68b7463648f6969d3b51fa46dab95c8b
15:tabBlocks	343	tile.concrete_slab	1	Concrete Tile Slab	render/51ff3457180d0540a63ed527c95450c8
15:tabBlocks	344	tile.concrete_slab	2	Asbestos Concrete Slab	render/04ff42e5668b0cb3be9873c206aba9a6
15:tabBlocks	345	tile.concrete_slab	3	Ducrete Slab	render/278735f84b032c457b679d73e8b6b455
15:tabBlocks	346	tile.concrete_slab	4	Ducrete Tile Slab	render/31cafccc045527980a7ee4b2c00adc00
15:tabBlocks	347	tile.concrete_slab	5	Asphalt Slab	render/8055509f939ef8ab74e919233f024606
15:tabBlocks	348	tile.concrete_brick_slab	0	Concrete Brick Slab	render/ff51a96c2d71ffddf19bf74f7f3f733f
15:tabBlocks	349	tile.concrete_brick_slab	1	Mossy Concrete Brick Slab	render/6977fabb7fb6b3d39f231b5303b10cf7
15:tabBlocks	350	tile.concrete_brick_slab	2	Cracked Concrete Brick Slab	render/9b663ee12c52734f0b9458e4dd084d89
15:tabBlocks	351	tile.concrete_brick_slab	3	Broken Concrete Brick Slab	render/7c91ca9429fb97a692107e7eb2c51330
15:tabBlocks	352	tile.concrete_brick_slab	4	Ducrete Brick Slab	render/5cf574f17c6d74f85537f8cdae52c57d
15:tabBlocks	353	tile.brick_slab	0	Dense Stone Slab	render/2f6f5bf72943d1bcc9f22200233de0db
15:tabBlocks	354	tile.brick_slab	1	Reinforced Stone Slab	render/4360334c95d6f480a01b79d49761d7e2
15:tabBlocks	355	tile.brick_slab	2	Obsidian Brick Slab	render/02e774133fea9b4f8c0e02caae4903ba
15:tabBlocks	356	tile.brick_slab	3	Light Brick Slab	render/8974be5a7464c25e5b5d33df6b96d641
15:tabBlocks	357	tile.brick_slab	4	Compound Mesh Slab	render/065032c611e61ec62873489c25cd87ed
15:tabBlocks	358	tile.brick_slab	5	Asbestos Brick Slab	render/6b37256f66bd06bbf6a794332a89c83f
15:tabBlocks	359	tile.brick_slab	6	Firebrick Slab	render/9076c9cc7ddfe8c72f3cdc69060f3250
15:tabBlocks	360	tile.concrete_smooth_stairs	0	Concrete Stairs	render/7c3abc46fc03e122f60a0269ce58ced8
15:tabBlocks	361	tile.concrete_stairs	0	Concrete Tile Stairs	render/22043708d924af60cf2a248d818dffcb
15:tabBlocks	362	tile.concrete_asbestos_stairs	0	Asbestos Concrete Stairs	render/efef0a1ced1967fb872b044a7c267686
15:tabBlocks	363	tile.ducrete_smooth_stairs	0	Ducrete Stairs	render/b88f97aad13d9804d3ffb86a78f3562d
15:tabBlocks	364	tile.brick_concrete_stairs	0	Concrete Brick Stairs	render/594b060d9652cb263e6e608e28dcf4a7
15:tabBlocks	365	tile.brick_concrete_mossy_stairs	0	Mossy Concrete Brick Stairs	render/8a4aac76cba62f08d1080ad594e31afe
15:tabBlocks	366	tile.brick_concrete_cracked_stairs	0	Cracked Concrete Brick Stairs	render/8e7b321f8626e9cf1a06116bc4804192
15:tabBlocks	367	tile.brick_concrete_broken_stairs	0	Broken Concrete Brick Stairs	render/2acc531eca94c736410a175ba434fa7f
15:tabBlocks	368	tile.brick_ducrete_stairs	0	Ducrete Brick Stairs	render/82c594fa2dfa1948a758e0ae7b47878d
15:tabBlocks	369	tile.reinforced_stone_stairs	0	Dense Stone Stairs	render/332163e73e503d723ed341dbe7b08306
15:tabBlocks	370	tile.reinforced_brick_stairs	0	Reinforced Stone Stairs	render/f6a4b6aafe57a52def8aaef0ee7e6aff
15:tabBlocks	371	tile.brick_obsidian_stairs	0	Obsidian Brick Stairs	render/8b0a99b844282dc2bde2760a096b8a9e
15:tabBlocks	372	tile.brick_light_stairs	0	Light Bricks Stairs	render/08f4db37f9d3e72031ca452a40e7068f
15:tabBlocks	373	tile.brick_compound_stairs	0	Compound Mesh Stairs	render/2717b62e6d7749744f79f431a2db66fd
15:tabBlocks	374	tile.brick_asbestos_stairs	0	Asbestos Brick Stairs	render/f095c63258d5b6a4ede4469887768f7e
15:tabBlocks	375	tile.brick_fire_stairs	0	Firebrick Stairs	render/a95218da9cd9c5d7e69e2bd2346a30dc
15:tabBlocks	376	tile.ducrete_stairs	0	Ducrete Tile Stairs	render/2f2b880c0066e76d9df58f7f2429951a
15:tabBlocks	377	tile.asphalt_stairs	0	Asphalt Stairs	render/001e8b8a28bb3fedbfb645af81c8a2ed
15:tabBlocks	378	tile.cmb_brick	0	CMB Steel Tile	render/72c89c423a752a08ad311251c22643dd
15:tabBlocks	379	tile.cmb_brick_reinforced	0	Reinforced CMB Bricks	render/1b4f1f24797fc159ca8dc5ebfb7af8d7
15:tabBlocks	380	tile.vinyl_tile	0	Large Vinyl Tile	render/a3fe3357da9bbc98515854053ee0ed29
15:tabBlocks	381	tile.vinyl_tile	1	Small Vinyl Tiles	render/33423c62f4fdaa7e4c71e6f7cfe8a953
15:tabBlocks	382	tile.tile_lab	0	Laboratory Tiles	render/2980443ed1f101e25aa562378640f830
15:tabBlocks	383	tile.tile_lab_cracked	0	Cracked Laboratory Tiles	render/60cf3961198ea31baa8a5b1a84746ae8
15:tabBlocks	384	tile.tile_lab_broken	0	Broken Laboratory Tiles	render/bb815dc8102b8733fd48d7e02ab6a717
15:tabBlocks	385	tile.barbed_wire	0	Barbed Wire	render/9e0a21bbdf2243d9918e28376cf99630
15:tabBlocks	386	tile.barbed_wire_fire	0	Flaming Barbed Wire	render/822102c1ced4f9c9aac647979262b6d7
15:tabBlocks	387	tile.barbed_wire_poison	0	Poisoned Barbed Wire	render/1e55c042a6a44acb682a8570de08db4a
15:tabBlocks	388	tile.barbed_wire_acid	0	Caustic Barbed Wire	render/50cd0c0f3f063909b409fee5dd9d39b5
15:tabBlocks	389	tile.barbed_wire_wither	0	Withered Barbed Wire	render/8eaa65f0485f3a0b6a2f6173464d0f40
15:tabBlocks	390	tile.barbed_wire_ultradeath	0	Radioactive Barbed Wire	render/7225467aa0f1014c409371024facadf6
15:tabBlocks	391	tile.spikes	0	Spikes	render/0cc718c8a5c7b13b7a9a0647dc745f2e
15:tabBlocks	392	tile.tesla	0	Tesla Coil	render/97d2dd1e3ce4c806fdee655a2193314c__tesla__tesla
15:tabBlocks	393	tile.charger	0	Charging Station	render/c60a247bb4c54a4bd67059d0cfb333ee__blocks_charger__machines_charger__base__slide
15:tabBlocks	394	tile.refueler	0	Refueling Station	render/3634e0e68d922bc95652801637d04a4a__blocks_refueler__machines_refueler__fueler
15:tabBlocks	395	tile.block_meteor	0	Meteorite Block	render/5d88101f7629e71fbe980860e4fba9dc
15:tabBlocks	396	tile.block_meteor_cobble	0	Meteorite Cobblestone	render/3e66d69c0e78642d28fb753b5292c24f
15:tabBlocks	397	tile.block_meteor_broken	0	Broken Meteorite Block	render/4beb872e0c1be8d7436f7a77e6466e2c
15:tabBlocks	398	tile.block_meteor_molten	0	Hot Meteorite Cobblestone	render/a3eafcb397950d9491cb15bbc611bb40
15:tabBlocks	399	tile.block_meteor_treasure	0	Meteorite Treasure Block	render/a842e1c0c2c2b160284ffa449e52b658
15:tabBlocks	400	tile.meteor_polished	0	Polished Meteor Block	render/ad7677b44ec81699b49bc87960a41713
15:tabBlocks	401	tile.meteor_brick	0	Meteor Bricks	render/8a85d3fa039dd23fe876a72bcb394f66
15:tabBlocks	402	tile.meteor_brick_mossy	0	Mossy Meteor Bricks	render/e9c280b70d2a659ee1c6bc7dea6f2aaa
15:tabBlocks	403	tile.meteor_brick_cracked	0	Cracked Meteor Bricks	render/5bf6c96fe7da5078561eb8113d40f950
15:tabBlocks	404	tile.meteor_brick_chiseled	0	Chiseled Meteor Bricks	render/ae57f1817a3a7640dfbf717110ea6cd9
15:tabBlocks	405	tile.meteor_pillar	0	Meteor Pillar	render/8dc01af069839750ea9475cac2e803e2
15:tabBlocks	406	tile.meteor_spawner	0	Cyber Crab Assembler	render/5a451da4b86c9813d7fe90826574e9e0
15:tabBlocks	407	tile.meteor_battery	0	Starmetal Static Electricity Generator	render/4e83f27c1601a17b1ca60e348ec0ed83
15:tabBlocks	408	tile.brick_jungle	0	Enargite Bricks	render/c95c7f24bb145005d25b3985eb6daed6
15:tabBlocks	409	tile.brick_jungle_cracked	0	Cracked Enargite Bricks	render/24633df0ee669b22c8d7ce20f1ee8c4d
15:tabBlocks	410	tile.brick_jungle_fragile	0	Brittle Enargite Bricks	render/705a937747f122ba624ffa8ceda7fa7f
15:tabBlocks	411	tile.brick_jungle_lava	0	Magmatic Enargite Bricks	render/89448d61f9fb2835ba39831a91218d59
15:tabBlocks	412	tile.brick_jungle_ooze	0	Radioactive Enargite Bricks	render/0ee0f4e18a88d310bc8f513250fb3b70
15:tabBlocks	413	tile.brick_jungle_mystic	0	Arcane Enargite Bricks	render/66d06d39a68fe5ba63fb141a2eab0963
15:tabBlocks	414	tile.brick_jungle_trap	0	Trapped Enargite Bricks	render/8e1cfa1165ac840831e65d6d8d70e5d2
15:tabBlocks	415	tile.brick_jungle_trap	1	Trapped Enargite Bricks	render/8e1cfa1165ac840831e65d6d8d70e5d2
15:tabBlocks	416	tile.brick_jungle_trap	2	Trapped Enargite Bricks	render/8e1cfa1165ac840831e65d6d8d70e5d2
15:tabBlocks	417	tile.brick_jungle_trap	3	Trapped Enargite Bricks	render/8e1cfa1165ac840831e65d6d8d70e5d2
15:tabBlocks	418	tile.brick_jungle_trap	4	Trapped Enargite Bricks	render/8e1cfa1165ac840831e65d6d8d70e5d2
15:tabBlocks	419	tile.brick_jungle_trap	5	Trapped Enargite Bricks	render/8e1cfa1165ac840831e65d6d8d70e5d2
15:tabBlocks	420	tile.brick_jungle_trap	6	Trapped Enargite Bricks	render/8e1cfa1165ac840831e65d6d8d70e5d2
15:tabBlocks	421	tile.brick_jungle_trap	7	Trapped Enargite Bricks	render/8e1cfa1165ac840831e65d6d8d70e5d2
15:tabBlocks	422	tile.brick_jungle_trap	8	Trapped Enargite Bricks	render/8e1cfa1165ac840831e65d6d8d70e5d2
15:tabBlocks	423	tile.brick_jungle_trap	9	Trapped Enargite Bricks	render/8e1cfa1165ac840831e65d6d8d70e5d2
15:tabBlocks	424	tile.brick_jungle_trap	10	Trapped Enargite Bricks	render/8e1cfa1165ac840831e65d6d8d70e5d2
15:tabBlocks	425	tile.brick_jungle_trap	11	Trapped Enargite Bricks	render/8e1cfa1165ac840831e65d6d8d70e5d2
15:tabBlocks	426	tile.brick_jungle_trap	12	Trapped Enargite Bricks	render/8e1cfa1165ac840831e65d6d8d70e5d2
15:tabBlocks	427	tile.brick_jungle_trap	13	Trapped Enargite Bricks	render/8e1cfa1165ac840831e65d6d8d70e5d2
15:tabBlocks	428	tile.brick_jungle_trap	14	Trapped Enargite Bricks	render/8e1cfa1165ac840831e65d6d8d70e5d2
15:tabBlocks	429	tile.brick_jungle_glyph	0	Enargite Glyph Bricks	render/7321c434f0c6f7881394c27c2bb413e1
15:tabBlocks	430	tile.brick_jungle_glyph	1	Enargite Glyph Bricks	render/3c91ac0e90d243216f39e553ce035d2e
15:tabBlocks	431	tile.brick_jungle_glyph	2	Enargite Glyph Bricks	render/32c6a6a798d497183a0478632753cc4a
15:tabBlocks	432	tile.brick_jungle_glyph	3	Enargite Glyph Bricks	render/7b37bc9f0facf08470da3ca143daf45a
15:tabBlocks	433	tile.brick_jungle_glyph	4	Enargite Glyph Bricks	render/cb2373ce37881dc261a4d018784d4937
15:tabBlocks	434	tile.brick_jungle_glyph	5	Enargite Glyph Bricks	render/9e021b065475dbabc719e0f92a39a893
15:tabBlocks	435	tile.brick_jungle_glyph	6	Enargite Glyph Bricks	render/05206072424572b58b567d8e101a3398
15:tabBlocks	436	tile.brick_jungle_glyph	7	Enargite Glyph Bricks	render/6a4df705d0f50b49eab66512cc02ebbf
15:tabBlocks	437	tile.brick_jungle_glyph	8	Enargite Glyph Bricks	render/7256ee2f57d81ec62e300d8b0c963ea2
15:tabBlocks	438	tile.brick_jungle_glyph	9	Enargite Glyph Bricks	render/906611ac0cf61f156e1b6aa56e99b882
15:tabBlocks	439	tile.brick_jungle_glyph	10	Enargite Glyph Bricks	render/5666aa5d173d489fd4849b64a349ea51
15:tabBlocks	440	tile.brick_jungle_glyph	11	Enargite Glyph Bricks	render/27354a12e0f4107fa9e67c8dfea9a242
15:tabBlocks	441	tile.brick_jungle_glyph	12	Enargite Glyph Bricks	render/ed79d292a3c3bf79c2d23d8dd8c07a39
15:tabBlocks	442	tile.brick_jungle_glyph	13	Enargite Glyph Bricks	render/2a395efd99090a64af7fbc839de9a0c8
15:tabBlocks	443	tile.brick_jungle_glyph	14	Enargite Glyph Bricks	render/2ce61335f6a86a0c9512b88060bd8811
15:tabBlocks	444	tile.brick_jungle_glyph	15	Enargite Glyph Bricks	render/7a6b723432eaa0452ba16715f8c39e1e
15:tabBlocks	445	tile.brick_jungle_circle	0	Mechanist's Circle	render/1ee846870c2fc73c0b9ca50a0c26cd09
15:tabBlocks	446	tile.deco_computer	0	IBM Personal Computer 300PL	render/3368a09a5ad804ad1ceb564421b5c417
15:tabBlocks	447	tile.deco_crt	0	Old CRT Screen	render/fbd6df68c99dfa65ccbebf1429c224ae
15:tabBlocks	448	tile.deco_crt	1	Old CRT Screen	render/253f1d8fb96e5afae69c0a30fc7457cc
15:tabBlocks	449	tile.deco_crt	2	Old CRT Screen	render/b86d36dc82da92e7370d1638c8f7ff36
15:tabBlocks	450	tile.deco_crt	3	Old CRT Screen	render/90273082b5a69ec2fa660752d32aeb76
15:tabBlocks	451	tile.deco_toaster	0	Broken Toaster	render/d21661daadff04ef8009dbf8908a1368
15:tabBlocks	452	tile.deco_toaster	1	Broken Toaster	render/63de55f8d9ceaf9579465f493308c290
15:tabBlocks	453	tile.deco_toaster	2	Broken Toaster	render/a4723771235eb5d1068b11e42e7abbba
15:tabBlocks	454	tile.filing_cabinet	0	Dusty Filing Cabinet	render/f66cd6142e26d850df847edd823b09f4__file_cabinet__file_cabinet
15:tabBlocks	455	tile.filing_cabinet	1	Steel Filing Cabinet	render/c5a8eb7ccb7c84c5297907f60cd092af__file_cabinet__file_cabinet_steel
15:tabBlocks	456	tile.tape_recorder	0	Tape Recorder	render/b1d8575086d711abbbf77bb2c49c4177
15:tabBlocks	457	tile.steel_poles	0	Steel Pole	render/58cf758a71b548d2f108ae111a393e81
15:tabBlocks	458	tile.pole_top	0	Antenna Top	render/fca812de1f966ee9b7b803fb3daf4cf7
15:tabBlocks	459	tile.pole_satellite_receiver	0	Satellite Dish	render/a21cfdcc6dc5f650f3e746e30dece134
15:tabBlocks	460	tile.steel_wall	0	Steel Wall	render/5afdf490bd41538abf4564365ceab538
15:tabBlocks	461	tile.steel_corner	0	Steel Wall Corner	render/b23ba08fc5f796a175f622fae90a7416
15:tabBlocks	462	tile.steel_roof	0	Flat Steel Roof	render/d4036617fc58a690ca8b09370c6ec7c2
15:tabBlocks	463	tile.steel_beam	0	Steel Beam	render/b90c1b1d9c99edb1b30d2da95654566a
15:tabBlocks	464	tile.steel_scaffold	0	Steel Scaffold	render/87fcf6d54957cb23f939385b389fa238
15:tabBlocks	465	tile.steel_scaffold	1	Steel Scaffold	render/80c8739dbf6f60836ac0858b1f81362c
15:tabBlocks	466	tile.steel_scaffold	2	Steel Scaffold	render/7d7d644ab92e0c7d9fc4aa04cba19989
15:tabBlocks	467	tile.steel_scaffold	3	Steel Scaffold	render/6845f06de7acf3741835d1534af26f5c
15:tabBlocks	468	tile.steel_grate	0	Steel Grate	render/68d636d2fb866fed68e747014d8a4eb0
15:tabBlocks	469	tile.steel_grate_wide	0	Item Grate	render/028f4e8d3f846aaa210af0e21fdc0fee
15:tabBlocks	470	tile.deco_pipe	0	Steel Pipe	render/407a05b6bfde91acbb9e34d690aa1344
15:tabBlocks	471	tile.deco_pipe_rusted	0	Rusty Steel Pipe	render/81f3ee79c538bed747aed0d803998fbd
15:tabBlocks	472	tile.deco_pipe_green	0	Green Steel Pipe	render/ccc34f1a6cdf368ed6e11a853a81942d
15:tabBlocks	473	tile.deco_pipe_green_rusted	0	Rusty Green Steel Pipe	render/1ff105716c2d4a7e52e4b757db5e6004
15:tabBlocks	474	tile.deco_pipe_red	0	Red Steel Pipe	render/7f90b2edf497717f4212101dd55e5006
15:tabBlocks	475	tile.deco_pipe_marked	0	Gas Pipe	render/576dc6b33dee6624dd9011cf8bbf91ec
15:tabBlocks	476	tile.deco_pipe_rim	0	Steel Pipe (Rimmed)	render/3aa7495a7cd7500967196e0a8f0bbd33
15:tabBlocks	477	tile.deco_pipe_rim_rusted	0	Rusty Steel Pipe (Rimmed)	render/6c2f65931fa9f3b2e631494b1650aa94
15:tabBlocks	478	tile.deco_pipe_rim_green	0	Green Steel Pipe (Rimmed)	render/4d7bb6c52c122a772fd5c030f8676ac4
15:tabBlocks	479	tile.deco_pipe_rim_green_rusted	0	Rusty Green Steel Pipe (Rimmed)	render/dde45259d4bd9c4833d2231523f7f56f
15:tabBlocks	480	tile.deco_pipe_rim_red	0	Red Steel Pipe (Rimmed)	render/f664e01ec47a8751219db5352047b8b4
15:tabBlocks	481	tile.deco_pipe_rim_marked	0	Gas Pipe (Rimmed)	render/cff204d40c202a09bace936b7cb1ef89
15:tabBlocks	482	tile.deco_pipe_framed	0	Steel Pipe (Framed)	render/9b1932c8e983e941654d6e8cebd30ce2
15:tabBlocks	483	tile.deco_pipe_framed_rusted	0	Rusty Steel Pipe (Framed)	render/4fa7dc1ec9b40b31a6331dc69a4a2241
15:tabBlocks	484	tile.deco_pipe_framed_green	0	Green Steel Pipe (Framed)	render/ed4bf0771fc7bdad842f2f20bd2d01c4
15:tabBlocks	485	tile.deco_pipe_framed_green_rusted	0	Rusty Green Steel Pipe (Framed)	render/bcd82fb62152813675a9faccfd96e1d4
15:tabBlocks	486	tile.deco_pipe_framed_red	0	Red Steel Pipe (Framed)	render/ce8d09cfad73f5d9ec837f469ace3ba5
15:tabBlocks	487	tile.deco_pipe_framed_marked	0	Gas Pipe (Framed)	render/ea51b45f113f07c400ae4fbbfab3a3ba
15:tabBlocks	488	tile.deco_pipe_quad	0	Steel Pipes	render/b8bbf8b428c23fd8fa3f4659559687f4
15:tabBlocks	489	tile.deco_pipe_quad_rusted	0	Rusty Steel Pipes	render/4cd06ef65a87d56d50fafa8a395ced86
15:tabBlocks	490	tile.deco_pipe_quad_green	0	Green Steel Pipes	render/112f9bbd7b40338d34043689e9e8c2bd
15:tabBlocks	491	tile.deco_pipe_quad_green_rusted	0	Rusty Green Steel Pipes	render/743df610c7f7d84ade6ec604471eee9d
15:tabBlocks	492	tile.deco_pipe_quad_red	0	Red Steel Pipes	render/1214ac2d07a0542ccaaf7c24a260fdef
15:tabBlocks	493	tile.deco_pipe_quad_marked	0	Gas Pipes	render/52937d7ebf5eb4390e9e574cf4886c12
15:tabBlocks	494	tile.plant_flower	0	Foxglove	render/e7fc34b94f43441a5db200a9a3461128
15:tabBlocks	495	tile.plant_flower	1	Tobacco Plant	render/638aabc28037bbeef14f09803645d777
15:tabBlocks	496	tile.plant_flower	2	Deadly Nightshade	render/779064cab20154191b5203edfcc8251e
15:tabBlocks	497	tile.plant_flower	3	Hemp	render/66c0c770d4f7e2514edff4a6fe7e59d2
15:tabBlocks	498	tile.plant_flower	4	Mustard Willow	render/03b8601c587f45618f2f35827be10a71
15:tabBlocks	499	tile.plant_flower	5	Mustard Willow	render/f1db05f4626d298d604b14b035ee1ba1
15:tabBlocks	500	tile.plant_tall	0	Hemp	render/a3bcc62e2d1fc1730bc119c1739c2a71
15:tabBlocks	501	tile.plant_tall	1	Mustard Willow	render/bc884cb7c4766de649b60c6eaaa17364
15:tabBlocks	502	tile.plant_tall	2	Mustard Willow	render/2b10429a67046b9fc46eee239fa8b36f
15:tabBlocks	503	tile.plant_tall	3	Mustard Willow (Mature)	render/f09adbdb6163969a07214763a8ed5552
15:tabBlocks	504	tile.plant_dead	0	Dead Plant	render/d6d3beeead591b6ad6672dbbcea9523e
15:tabBlocks	505	tile.plant_dead	1	Dead Plant	render/96a8a48b2688b25f26d320037a5bcc0c
15:tabBlocks	506	tile.plant_dead	2	Dead Plant	render/09c32967b34b3b53fb2519d208a4ff6b
15:tabBlocks	507	tile.plant_dead	3	Dead Plant	render/800dcd646a80e933a3caacf6f818e6f3
15:tabBlocks	508	tile.plant_dead	4	Dead Plant	render/e4a8b990cb242d5ee11776e2882f0e3d
15:tabBlocks	509	tile.plant_reeds	0	Reeds	render/1f3731340224e50476b11c0ad248f96e
15:tabBlocks	510	tile.vine_phosphor	0	Phosphor Vines	render/e335fd50a9cb96742a1176249c728acd
15:tabBlocks	511	tile.mush	0	Glowing Mushroom	render/b400f755c304b74bb9b97ed7b22d99d7
15:tabBlocks	512	tile.glyphid_base	0	Glyphid Hive Block	render/2cfa460c1392cc3758dba091d07b34f3
15:tabBlocks	513	tile.glyphid_base	1	Glyphid Hive Block	render/508289436e0e96785e924dd09fe175fd
15:tabBlocks	514	tile.glyphid_base	2	Glyphid Hive Block	render/a7067e24f29ca28052ff9081fb696d9d
15:tabBlocks	515	tile.glyphid_spawner	0	Glyphid Hive Spawner	render/5bdc3a5872ce5129227670de6f5b3dcf
15:tabBlocks	516	tile.glyphid_spawner	1	Glyphid Hive Spawner	render/bb5b5c6fa4a2332c41037c768ffde02d
15:tabBlocks	517	tile.glyphid_spawner	2	Glyphid Hive Spawner	render/3a6b010327c827d78643684efe305f53
15:tabBlocks	518	tile.moon_turf	0	Moon Turf	render/deec40a839fd2877908b2efe8f5f611a
15:tabBlocks	519	tile.waste_earth	0	Dead Grass	render/cec05b426264864ad374db3950ccd4e1
15:tabBlocks	520	tile.waste_mycelium	0	Glowing Mycelium	render/9a7a39d206c993bf17b285bda24c2c7c
15:tabBlocks	521	tile.waste_trinitite	0	Trinitite Ore	render/89b8c03a601e15795480324045eddb30
15:tabBlocks	522	tile.waste_trinitite_red	0	Red Trinitite Ore	render/e73328de1df760f8b1896ed8456fbc98
15:tabBlocks	523	tile.waste_log	0	Charred Log	render/c28d0e5f890fe70e2917979f3f97fbce
15:tabBlocks	524	tile.waste_leaves	0	Dead Leaves	render/758c4b924f342a360ce014e57600584c
15:tabBlocks	525	tile.waste_planks	0	Charred Wooden Planks	render/0e3ecb46c1478c0bda9751410ec8f44a
15:tabBlocks	526	tile.frozen_grass	0	Frozen Grass	render/0cc53b7739972fc19004eac8c9765f4e
15:tabBlocks	527	tile.frozen_dirt	0	Frozen Dirt	render/70612f9f8230d1942e89f95d49ff8bd6
15:tabBlocks	528	tile.frozen_log	0	Frozen Log	render/e86470632647a10a0a56e6986260620a
15:tabBlocks	529	tile.frozen_planks	0	Frozen Planks	render/2ed421925091a3d7569cb728dcf854b4
15:tabBlocks	530	tile.dirt_dead	0	Dead Dirt	render/9f9e0b19ab4976b4d4ab21dcf09a1af3
15:tabBlocks	531	tile.dirt_oily	0	Oily Dirt	render/b6c585dc2e80b641f708afa22c891559
15:tabBlocks	532	tile.sand_dirty	0	Oily Sand	render/4cc5fa3b09c5c1d11e0916ca1b451591
15:tabBlocks	533	tile.sand_dirty_red	0	Red Oily Sand	render/52ce375643c2f089286252536e601703
15:tabBlocks	534	tile.stone_cracked	0	Cracked Stone	render/aaf8f59fbb49ef864ff249858d82e2b9
15:tabBlocks	535	tile.fallout	0	Fallout	render/3529b6e89acb426fbb17f69a76449b8f
15:tabBlocks	536	tile.foam_layer	0	Foam layer	render/3339dae3f9641659ccfa2ae772d50608
15:tabBlocks	537	tile.sand_boron_layer	0	Boron Sand Layer	render/1d0011c74e4f8423c3b0d19e8943541f
15:tabBlocks	538	tile.leaves_layer	0	Fallen Leaves	render/8f9c0f9005d34cf825c979cb7eaaf607
15:tabBlocks	539	tile.oil_spill	0	Oil Spill	render/17b49fb72f1b35c39b99fef03cfef957
15:tabBlocks	540	tile.burning_earth	0	Burning Grass	render/5a545ac3df83747a8a038e2bfe2f574b
15:tabBlocks	541	tile.tektite	0	Tektite	render/9f426537bce2c55f130499639e54ab3f
15:tabBlocks	542	tile.ore_tektite_osmiridium	0	Osmiridium-Infused Tektite	render/6b88d51cb810b4f2cd7af538eaf365da
15:tabBlocks	543	tile.impact_dirt	0	Scorched Dirt	render/e2efe8de38ed35a61546b0738b809471
15:tabBlocks	544	tile.sellafield_slaked	0	Slaked Sellafite	render/7e108664557a46cf5ea33ce484846e6b
15:tabBlocks	545	tile.sellafield_bedrock	0	Bedrock Sellafite	render/7e108664557a46cf5ea33ce484846e6b
15:tabBlocks	546	tile.ore_sellafield_diamond	0	Sellafite Diamond Ore	render/7e108664557a46cf5ea33ce484846e6b
15:tabBlocks	547	tile.ore_sellafield_emerald	0	Sellafite Emerald Ore	render/7e108664557a46cf5ea33ce484846e6b
15:tabBlocks	548	tile.ore_sellafield_uranium_scorched	0	Scorched Sellafite Uranium Ore	render/7e108664557a46cf5ea33ce484846e6b
15:tabBlocks	549	tile.ore_sellafield_schrabidium	0	Sellafite Schrabidium Ore	render/7e108664557a46cf5ea33ce484846e6b
15:tabBlocks	550	tile.ore_sellafield_radgem	0	Sellafite Radioactive Gem Ore	render/7e108664557a46cf5ea33ce484846e6b
15:tabBlocks	551	tile.sellafield	0	Sellafite	render/71533bd7d02aef09da35ef23d20908a5
15:tabBlocks	552	tile.sellafield	1	Hot Sellafite	render/05be4800370be994fd9f13fa2ccee466
15:tabBlocks	553	tile.sellafield	2	Boiling Sellafite	render/54abe6372c3d16d6ce6d3fa1e0bdac11
15:tabBlocks	554	tile.sellafield	3	Blazing Sellafite	render/28f01b12c80bbdce90c513806ba00e1d
15:tabBlocks	555	tile.sellafield	4	Infernal Sellafite	render/fba19f9ace87ce381dad1aa345561663
15:tabBlocks	556	tile.sellafield	5	Sellafite-Corium	render/4d321189e94e71bc4cf39567b23e4d07
15:tabBlocks	557	tile.glass_quartz	0	Quartz Glass	render/c534cf2e6cdad309929a4d3ce3ef6638
15:tabBlocks	558	tile.boxcar	0	Boxcar	render/2cebff4837db78aed2508ca719138de1__boxcar__boxcar
15:tabBlocks	559	tile.boat	0	Boat	render/a7f1271546213f3525642b81d0a049aa__duchessgambit__duchessgambit
15:tabBlocks	560	tile.dungeon_chain	0	Metal Chain	render/e3cf290e504971da864378bd1ee1d3b0
15:tabBlocks	561	tile.ladder_sturdy	0	Sturdy Wooden Ladder	render/13211fb35f6d96b32bb3e1acb12ed8a3
15:tabBlocks	562	tile.ladder_gold	0	Golden Ladder	render/6a98def48adf568154d0a793095e4b23
15:tabBlocks	563	tile.ladder_titanium	0	Titanium Ladder	render/bf6723ee0f7328b7b82b47f032103691
15:tabBlocks	564	tile.ladder_copper	0	Copper Ladder	render/d4539235a72218664e15b75cd7da4b7b
15:tabBlocks	565	tile.ladder_steel	0	Steel Ladder	render/15778e6bae58044d3bb915de293131b3
15:tabBlocks	566	tile.trapdoor_steel	0	Steel Trapdoor	render/c3b7a510f18bb9c4533508c9a4726067
15:tabBlocks	567	item.bucket_mud	0	Bucket of Poisonous Mud	render/a79110411b06838b51ddc68311554c4f
15:tabBlocks	568	item.bucket_acid	0	Bucket of Acid	render/8026dba216859b77718d9078d022e59c
15:tabBlocks	569	item.bucket_toxic	0	Bucket of Stereotypical Green Ooze	render/4bfeda68f51dab6fea64c924108db515
15:tabBlocks	570	item.bucket_schrabidic_acid	0	Bucket of Schrabidic Acid	render/bc2a6d559749745af05fa2af6f84795a
15:tabBlocks	571	item.bucket_sulfuric_acid	0	Bucket of Sulfuric Acid	render/e0f36e39b5770231b260ad3d52ae8575
15:tabBlocks	572	item.door_metal	0	Metal Door	render/de5f5642d66a10c4d91e1488bc62e0b9
15:tabBlocks	573	item.door_office	0	Office Door	render/54dad334b053eaa13d35444ef64f709d
15:tabBlocks	574	item.door_bunker	0	Bunker Door	render/ebce7746a22441260aaed5251ad28340
16:tabMachine	0	tile.machine_siren	0	Siren	render/203b2e5583e89d5cf52c3af4362a0074
16:tabMachine	1	tile.broadcaster_pc	0	Corrupted Broadcaster	render/ad533ac36c551fdf783588d99058efda
16:tabMachine	2	tile.geiger	0	Geiger Counter	render/6b807a482aded66db075437ecd20520d__blocks_geiger_counter__geiger
16:tabMachine	3	tile.hev_battery	0	Suit Battery	render/3dc2c39e78cb6d64475a9a4e98da1672
16:tabMachine	4	tile.fence_metal	0	Chainlink Fence	render/d96f2c4735a872d335a124cfba7cea50
16:tabMachine	5	tile.fence_metal	1	Chainlink Fence Post	render/4654bc573ca2fad482ba863341ed7cbd
16:tabMachine	6	tile.ash_digamma	0	Ash	render/5dd4a83aaa77d309600cda652a1aba38
16:tabMachine	7	tile.sand_mix	0	Boron Sand	render/c97b3374cb61f42768ffa2d2aa9ca39f
16:tabMachine	8	tile.sand_mix	1	Lead Sand	render/8a9f0e7bac8fdcd52e6ca31547212e9b
16:tabMachine	9	tile.sand_mix	2	Uranium Sand	render/eff436ea194fd591ec59301cf9ff0cba
16:tabMachine	10	tile.sand_mix	3	Polonium Sand	render/fa6f7990fd122dee30036b687e28206b
16:tabMachine	11	tile.sand_mix	4	Quartz Sand	render/9a38a447444a44f9b639201cf4e54f32
16:tabMachine	12	tile.glass_boron	0	Boron Glass	render/c297c56f10a9a06029e76beb379e3eb9
16:tabMachine	13	tile.glass_lead	0	Lead Glass	render/b1b127e2508b615271fffa803b9f6a0b
16:tabMachine	14	tile.glass_uranium	0	Uranium Glass	render/42981a574685f0552a3687b8b9213979
16:tabMachine	15	tile.glass_trinitite	0	Trinity Glass	render/76f62a2103aac2186727cc24f8a1fc50
16:tabMachine	16	tile.glass_polonium	0	Polonium Glass	render/cd48a7321528e42ad39d2c0011a18de3
16:tabMachine	17	tile.glass_ash	0	Ash Glass	render/52675c31b865f6d8942e4ae20176c3b1
16:tabMachine	18	tile.glass_polarized	0	Polarized Glass	render/6668b060dc1bd0cf283a8407ae481d51
16:tabMachine	19	tile.seal_frame	0	Silo Hatch Frame	render/55bebf9fd6e8e3b7ee97496092fe19f0
16:tabMachine	20	tile.seal_controller	0	Silo Hatch Opener	render/5966dd52f842fe6d23e8c0530d0b0488
16:tabMachine	21	tile.cargo_elevator	0	Cargo Elevator	render/6546c51f6a9c81199ad47fdc82cbf7b8__machines_elevator__machines_elevator__base__guides__piston__platform
16:tabMachine	22	tile.vault_door	0	Vault-Tec Blast Door	render/38fbb274d3e4c733431c64094885492f__composite_76b196ed2764bc0053b9
16:tabMachine	23	tile.blast_door	0	Sliding Blast Door	render/4519274ee7a132a6d362b0d05b04a75f__composite_ef223d1463c1763ca6e6
16:tabMachine	24	tile.fire_door	0	Fire Door	render/03af3167b9e848e1ca3afaa5257ea85a__pheodoors_fire_door__pheodoors_fire_door
16:tabMachine	25	tile.transition_seal	0	Transition Seal	render/95cc8554ce06ffc028e1d3e8d490fa81
16:tabMachine	26	tile.silo_hatch	0	Silo Hatch	render/0e53403636a54686de79147afd069d25__doors_silo_hatch__doors_silo_hatch__frame__hatch
16:tabMachine	27	tile.silo_hatch_large	0	Large Silo Hatch	render/09f3713baf634df1af51a3662105c433__doors_silo_hatch_large__doors_silo_hatch_large__frame__hatch
16:tabMachine	28	tile.sliding_blast_door	0	Sliding Blast Door	render/850e8683075e9ea51a1275ed8b9b89e8__pheodoors_blast_door__pheodoors_blast_door
16:tabMachine	29	tile.secure_access_door	0	Secure Access Door	render/679d94229288362363b1df29b54ad100__pheodoors_secure_door__pheodoors_secure_door
16:tabMachine	30	tile.large_vehicle_door	0	Large Vehicle Door	render/94930f368ff546136127347e04ef1c8a__pheodoors_vehicle_door__pheodoors_vehicle_door
16:tabMachine	31	tile.qe_containment	0	QE Containment Door	render/f4676026dcfed1dffeafe6c072d69523__pheodoors_containment_door__pheodoors_containment_door
16:tabMachine	32	tile.qe_sliding_door	0	QE Sliding Door	render/493f49ced8617849614078b7a10d389a__pheodoors_sliding_door__pheodoors_sliding_door
16:tabMachine	33	tile.round_airlock_door	0	Round Airlock Door	render/27524cdb9d3fa3a54a3c10edc3b6bb2c__pheodoors_airlock_door__pheodoors_airlock_door
16:tabMachine	34	tile.sliding_seal_door	0	Sliding Seal Door	render/e06c917364662ba68a081a0eb108f09c__pheodoors_seal_door__pheodoors_seal_door
16:tabMachine	35	tile.water_door	0	Water Door	render/2e1ac71107468ddfb08c73632ab8bb26__pheodoors_water_door__pheodoors_water_door
16:tabMachine	36	tile.cargo_door	0	Cargo Door	render/bcaa9a84f48f524c7ba38200de79157e__pheodoors_cargo_door__pheodoors_cargo_door__doorbot__doortop__frame
16:tabMachine	37	tile.crate_iron	0	Iron Crate	render/beab27ac4f105d02aa147fe6cc7d68ef
16:tabMachine	38	tile.crate_steel	0	Steel Crate	render/0d2a8b5d3637b33c67b453034b5ad69b
16:tabMachine	39	tile.crate_desh	0	Desh Crate	render/152fd4bdb0dc1b2fa395b1c999816ac3
16:tabMachine	40	tile.crate_tungsten	0	Tungsten Crate	render/2c4ddc1454afe20329618df376df78c5
16:tabMachine	41	tile.safe	0	Safe	render/0abb75c4f8ec48aa6fbb7c2be1743da7
16:tabMachine	42	tile.mass_storage	3	Mass Storage Unit	render/54126fb780f9073c287a9eb38d4c7c21
16:tabMachine	43	tile.mass_storage	0	Mass Storage Unit	render/8e5224b076576e76367e09c6394d166c
16:tabMachine	44	tile.mass_storage	1	Mass Storage Unit	render/ba8e1930d2e46d473120c6f598497d6c
16:tabMachine	45	tile.mass_storage	2	Mass Storage Unit	render/b483407b49a343342d7bd2faf71c3f5f
16:tabMachine	46	tile.machine_autocrafter	0	Automatic Crafting Table	render/c5fc31f7c2960b5a2e0abe8c3c2bb343
16:tabMachine	47	tile.machine_funnel	0	Combinator Funnel	render/61ab406575f7b00f9e1810e63d688576
16:tabMachine	48	tile.anvil_iron	0	Iron Anvil	render/b45b948d27e56dc315469771f80a709e
16:tabMachine	49	tile.anvil_lead	0	Lead Anvil	render/d5ef61d43e2c38a583b93ca370c7f8a9
16:tabMachine	50	tile.anvil_steel	0	Steel Anvil	render/f89f946bce6242fd538ff2e3ff03a168
16:tabMachine	51	tile.anvil_desh	0	Desh Anvil	render/233349c1b023e0a2cf4bac0bb6b41d72
16:tabMachine	52	tile.anvil_ferrouranium	0	Ferrouranium Anvil	render/2360095938c36a98f9fb2754c25e88ff
16:tabMachine	53	tile.anvil_saturnite	0	Saturnite Anvil	render/5be10d47f69060ecb09445684192ba7f
16:tabMachine	54	tile.anvil_bismuth_bronze	0	Bismuth Bronze Anvil	render/432a8b0511c04a860631550efe274e63
16:tabMachine	55	tile.anvil_arsenic_bronze	0	Arsenic Bronze Anvil	render/20170c3f646d947f54baa9842834e2c3
16:tabMachine	56	tile.anvil_schrabidate	0	Ferric Schrabidate Anvil	render/8d69071323adc4b24b2ee7fc5b5f548a
16:tabMachine	57	tile.anvil_dnt	0	Dineutronium Anvil	render/14a6fd9f02b2f1e8e46fcccc339af20d
16:tabMachine	58	tile.anvil_osmiridium	0	Osmiridium Anvil	render/e13fa3b434f564e25c328f79a7229278
16:tabMachine	59	tile.anvil_murky	0	Murky Anvil	render/85dca471ffc556b10b85a458c888e09c
16:tabMachine	60	tile.press_preheater	0	Burner Press Preheater	render/e50666fecf0c7a36113ed1d1de0cc820
16:tabMachine	61	tile.machine_press	0	Burner Press	render/13749918a6cf7c3a674bdaadef5dac4b__composite_68b832f417c7ce143c1f
16:tabMachine	62	tile.machine_epress	0	Electric Press	render/53339f9a28f167807638b974193fb0a9__composite_dcdbb9755d9d66fedeeb
16:tabMachine	63	tile.machine_conveyor_press	0	Conveyor Press	render/5fc0f779e63626402ddbd35cd4e1a0c4__composite_a52ace72285d4baa7902
16:tabMachine	64	tile.machine_ammo_press	0	Ammo Press	render/7a2653dd711052edb33c6d0b1e190964__machines_ammo_press__machines_ammo_press
16:tabMachine	65	tile.pump_steam	0	Steam-Powered Groundwater Pump	render/1714e788223085ebbc8021633b813632__machines_pump__machines_pump_steam__arms__base__piston__rotor
16:tabMachine	66	tile.pump_electric	0	Electric Groundwater Pump	render/a78d03cb95e37e6f0cba03516b193f36__machines_pump__machines_pump_electric__arms__base__piston__rotor
16:tabMachine	67	tile.heater_firebox	0	Firebox	render/691c2908c0046d15e32e2be053808c3b__machines_firebox__machines_firebox__door__main
16:tabMachine	68	tile.heater_oven	0	Heating Oven	render/e7f9da28da9f13792f85a6e92a989579__machines_heating_oven__machines_heating_oven__door__main
16:tabMachine	69	tile.machine_ashpit	0	Ashpit	render/8cca8e1450c66c7b30817cab6fb20438__machines_heating_oven__machines_heating_oven__door__main
16:tabMachine	70	tile.heater_oilburner	0	Fluid Burner	render/4193d8d3cb39c115c8ee366aa1b2ee4c__machines_oilburner__machines_oilburner
16:tabMachine	71	tile.heater_electric	0	Electric Heater	render/ff7905c7c4a8697dbfa676e1fad0ccdb__machines_electric_heater__machines_electric_heater
16:tabMachine	72	tile.heater_heatex	0	Heat Exchanging Heater	render/522d0c33ec8b664cc1f410ad4ece6cde__machines_heatex__machines_heater_heatex
16:tabMachine	73	tile.furnace_iron	0	Iron Furnace	render/09053bef119432689f182aff353775ec__machines_furnace_iron__machines_furnace_iron__main__off
16:tabMachine	74	tile.furnace_steel	0	Steel Furnace	render/00054b555f2ab4bd2f6e1de7bca9f742__machines_furnace_steel__machines_furnace_steel
16:tabMachine	75	tile.furnace_combination	0	Combination Oven	render/63456860017c03b14e15e2716c4572e6__machines_combination_oven__machines_combination_oven
16:tabMachine	76	tile.machine_stirling	0	Stirling Engine	render/656cb6906a2203723a55aed2bd817e47__machines_stirling__machines_stirling__base__cog__cogsmall__piston
16:tabMachine	77	tile.machine_stirling_steel	0	Heavy Stirling Engine	render/f9e95b4eb1c800270a6220c1e4f12e9b__machines_stirling__machines_stirling_steel__base__cog__cogsmall__piston
16:tabMachine	78	tile.machine_stirling_creative	0	Creative Stirling Engine	render/a0d948dadfb89ce9ef9bd73b3ce5535e__machines_stirling__machines_stirling_creative__base__cog__cogsmall__piston
16:tabMachine	79	tile.machine_sawmill	0	Stirling Sawmill	render/41b32e7e750d89ab7fcdad2fac072fc9__machines_sawmill__machines_sawmill__blade__gearleft__gearright__main
16:tabMachine	80	tile.machine_crucible	0	Crucible	render/1e171db48a2515f60fd70854c776a705__machines_crucible__machines_crucible_heat
16:tabMachine	81	tile.machine_strand_caster	0	Strand Caster	render/98f7264979ded8c37e15ec52531d344a__machines_strand_caster__machines_strand_caster
16:tabMachine	82	tile.machine_boiler	0	Boiler	render/3f0a901bde62135801098996456c9a06__machines_boiler__machines_boiler
16:tabMachine	83	tile.machine_industrial_boiler	0	Industrial Boiler	render/093b2294e151ad59a7a837123cb95216__machines_industrial_boiler__machines_industrial_boiler
16:tabMachine	84	tile.foundry_mold	0	Shallow Foundry Basin	render/aeeda37ead99f6edd049482fb4024e6f
16:tabMachine	85	tile.foundry_basin	0	Foundry Basin	render/68cb991f57a07cadbf4c44827500d968
16:tabMachine	86	tile.foundry_channel	0	Foundry Channel	render/a08dd4273d5e03b860863315bca577f9
16:tabMachine	87	tile.foundry_tank	0	Foundry Storage Basin	render/499082eb16dde109674e933f86f3a582
16:tabMachine	88	tile.foundry_outlet	0	Foundry Outlet	render/33ceb951e2ccc147ceee32db0325015a
16:tabMachine	89	tile.foundry_slagtap	0	Foundry Spill Outlet	render/c9b2abdb13faeda240c5b875a69cd1e7
16:tabMachine	90	tile.machine_furnace_brick_off	0	Bricked Furnace	render/ad795437a48dc2252f365a574eb0f08e
16:tabMachine	91	tile.machine_difurnace_off	0	Blast Furnace (LEGACY)	render/75895938f748979ad02e8489b06951c9
16:tabMachine	92	tile.machine_difurnace_extension	0	Blast Furnace Extension (LEGACY)	render/6ea2b88a672de60fe38c7ef2caaf86b8
16:tabMachine	93	tile.machine_blast_furnace	0	Blast Furnace	render/dd7383ee88d2357347482521fdc333e8__machines_blast_furnace__machines_blast_furnace
16:tabMachine	94	tile.machine_difurnace_rtg_off	0	Nuclear Blast Furnace (LEGACY)	render/0e1bbd4728e8e94e12206a6421e63e67
16:tabMachine	95	tile.machine_centrifuge	0	Centrifuge	render/58331ef2cfa001fa891c3d1774e2d8ac__machines_centrifuge__machines_centrifuge
16:tabMachine	96	tile.machine_gascent	0	Gas Centrifuge	render/807e331db2e9ca2d86946f615e76e0b3__machines_gascent__machines_gascent__centrifuge
16:tabMachine	97	tile.machine_fel	0	FEL	render/a580041e75bb20cd329ae3cb8c456696__machines_fel__machines_fel
16:tabMachine	98	tile.machine_silex	0	Laser Isotope Separation Chamber (SILEX)	render/4e77634b0a2bb9da8f044fd4c6e61875__machines_silex__machines_silex
16:tabMachine	99	tile.machine_rotary_furnace	0	Rotary Furnace	render/e4f089f0e460b0126f9d7963c023624d__machines_rotary_furnace__machines_rotary_furnace
16:tabMachine	100	tile.machine_crystallizer	0	Ore Acidizer	render/d9cef30d0f946788fb7916bb8e2ff9aa__machines_acidizer__machines_acidizer__body__spinner
16:tabMachine	101	tile.machine_reactor	0	Breeding Reactor (LEGACY)	render/3c697d7eb0b1bc1990f41be33e045a26__reactors_breeder__machines_breeder
16:tabMachine	102	tile.machine_wood_burner	0	Wood-Burning Generator	render/c65a8e9e7e4d780fdf3545b0d6e8d496__machines_wood_burner__machines_wood_burner
16:tabMachine	103	tile.machine_diesel	0	Diesel Generator	render/34fb32b02e8441c8912f97691e9f1c0a__machines_dieselgen__machines_dieselgen
16:tabMachine	104	tile.machine_combustion_engine	0	Industrial Combustion Engine	render/f6f309da4f76911ea7dce5ec49ed222d__machines_combustion_engine__machines_combustion_engine
16:tabMachine	105	tile.machine_reactor_small	0	Research Reactor (LEGACY)	render/5ab7fd842209533d3211c08c0ed7394e__composite_2fc208c4b66ca9747215
16:tabMachine	106	tile.machine_zirnox	0	ZIRNOX Nuclear Reactor	render/4a9f8d20d71c4b1675f99bcf94834879__zirnox__zirnox
16:tabMachine	107	tile.machine_industrial_generator	0	Industrial Generator	render/e975f238f85253906723b83d4bda851a__machines_igen__machines_igen__body__rotor
16:tabMachine	108	tile.machine_radgen	0	Radiation-Powered Engine	render/c24a6547bb4bb005afb906b2dfa1f383__machines_radgen__machines_radgen__base__light__rotor
16:tabMachine	109	tile.machine_cyclotron	0	Cyclotron	render/2f4c7d324e503887871c5bffde82931e__composite_73bd202b890dbbabc028
16:tabMachine	110	tile.machine_exposure_chamber	0	Exposure Chamber	render/532043686021cc9fe9bcdeacb064546f__machines_exposure_chamber__machines_exposure_chamber
16:tabMachine	111	tile.machine_rtg_grey	0	RT Generator	render/bfeb265a208454ba870c70b27cff9206
16:tabMachine	112	tile.machine_radiolysis	0	Radioisotope Thermoelectric Generator and Radiolysis Chamber	render/5fb1abcef85267042ef102ee602cfb73__radiolysis__radiolysis
16:tabMachine	113	tile.machine_hephaestus	0	Geothermal Heat Exchanger	render/937d55c7fe1995f77070d436daefa196__machines_hephaestus__machines_hephaestus__core__main__rotor
16:tabMachine	114	tile.hadron_coil_alloy	0	Dense Superconducting Coil	render/7883a4e4e8f377c97945688218841cf6
16:tabMachine	115	tile.hadron_coil_gold	0	Dense Gold Coil	render/bb40e83eb159e1f92acc99cd8a18a1fe
16:tabMachine	116	tile.hadron_coil_neodymium	0	Dense Neodymium Coil	render/e2c9c1d34832009497dc88cc718f0102
16:tabMachine	117	tile.hadron_coil_magtung	0	Dense 4000K Superconductor Coil	render/abd01991e8326732751a705bb1cf22c5
16:tabMachine	118	tile.hadron_coil_schrabidium	0	Dense Schrabidic Coil	render/0618d0df18d470ff16d1a3efe5b83724
16:tabMachine	119	tile.hadron_coil_schrabidate	0	Dense Schrabidate Coil	render/e205eb2e4074ddd29e80f3ffb415e318
16:tabMachine	120	tile.hadron_coil_starmetal	0	Dense Starmetal Coil	render/e5216490110fae374aab3f58e06c8629
16:tabMachine	121	tile.hadron_coil_chlorophyte	0	Dense Chlorophyte Coil	render/4e36384f9e9bd49cde85bdaa4a2762d5
16:tabMachine	122	tile.hadron_coil_mese	0	Dense Mese Coil	render/9bc8e5aa3ec0bb09d7ed676231212f26
16:tabMachine	123	tile.pa_source	0	Particle Source	render/e78b9e61446731d0ee0a1e682f35143b__particleaccelerator_source__particleaccelerator_source
16:tabMachine	124	tile.pa_beamline	0	Beamline	render/2ca1b110db9b9804796bb569d730169f__particleaccelerator_beamline__particleaccelerator_beamline__beamline
16:tabMachine	125	tile.pa_rfc	0	RF Cavity	render/1397531bc2d86f4844336e648467cbb8__particleaccelerator_rfc__particleaccelerator_rfc
16:tabMachine	126	tile.pa_quadrupole	0	Quadrupole Magnets	render/7a152c8d531065fc6b00f62125002b76__particleaccelerator_quadrupole__particleaccelerator_quadrupole
16:tabMachine	127	tile.pa_dipole	0	Dipole Magnets	render/7d1850f777ab995de1b20d7422d8f17f__particleaccelerator_dipole__particleaccelerator_dipole
16:tabMachine	128	tile.pa_detector	0	Particle Detector	render/0d054aba3cbf8af592b263b141059082__particleaccelerator_detector__particleaccelerator_detector
16:tabMachine	129	tile.rbmk_rod	0	RBMK Fuel Channel	render/7ff0c684c6dc19b937eba804fcb88442
16:tabMachine	130	tile.rbmk_rod_mod	0	RBMK Moderated Fuel Channel	render/650cad7df2d1c4d34b5a227f2cdaeba6
16:tabMachine	131	tile.rbmk_rod_reasim	0	RBMK Fuel Channel (ReaSim)	render/7ff0c684c6dc19b937eba804fcb88442
16:tabMachine	132	tile.rbmk_rod_reasim_mod	0	RBMK Moderated Fuel Channel (ReaSim)	render/650cad7df2d1c4d34b5a227f2cdaeba6
16:tabMachine	133	tile.rbmk_control	0	RBMK Control Rods	render/77903601bb06388f003408b126f35f47
16:tabMachine	134	tile.rbmk_control_mod	0	RBMK Moderated Control Rods	render/77903601bb06388f003408b126f35f47
16:tabMachine	135	tile.rbmk_control_auto	0	RBMK Automatic Control Rods	render/77903601bb06388f003408b126f35f47
16:tabMachine	136	tile.rbmk_control_reasim	0	RBMK Control Rods (ReaSim)	render/77903601bb06388f003408b126f35f47
16:tabMachine	137	tile.rbmk_control_reasim_auto	0	RBMK Automatic Control Rods (ReaSim)	render/77903601bb06388f003408b126f35f47
16:tabMachine	138	tile.rbmk_blank	0	RBMK Structural Column	render/21ee159441e19511de07b174f5c8e4af
16:tabMachine	139	tile.rbmk_boiler	0	RBMK Steam Channel	render/06d6372b7edb07ca58a0d6224d03f100
16:tabMachine	140	tile.rbmk_reflector	0	RBMK Tungsten Carbide Neutron Reflector	render/502de294b288fa37d6256abe0777c3c8
16:tabMachine	141	tile.rbmk_absorber	0	RBMK Boron Neutron Absorber	render/4c48350b055292af75caccb773e6fea4
16:tabMachine	142	tile.rbmk_moderator	0	RBMK Graphite Moderator	render/b0f1cada3d8e5b62e47fc8c51697665c
16:tabMachine	143	tile.rbmk_outgasser	0	RBMK Irradiation Channel	render/57ad564c12aa06daed43189ac9593522
16:tabMachine	144	tile.rbmk_storage	0	RBMK Storage Column	render/5968201a5b48e0ce39e587544fe280e3
16:tabMachine	145	tile.rbmk_cooler	0	RBMK Cooler	render/79827070e6bec226f60e8e39e779d65e
16:tabMachine	146	tile.rbmk_heater	0	RBMK Fluid Heater	render/dba475e233d88feac80a76ae0f35b490
16:tabMachine	147	tile.rbmk_console	0	RBMK Console	render/946ec0ca79128d85c5f43bcc0b9edc5b__rbmk_rbmk_console__machines_rbmk_control
16:tabMachine	148	tile.rbmk_crane_console	0	RBMK Crane Console	render/c35f09d8f418ebfff4b2832398dfb5fe__rbmk_crane_console__machines_crane_console__console_coonsole__joystick__meter1__meter2
16:tabMachine	149	tile.rbmk_display_blank	0	Blank Redstone-over-Radio Panel	render/70b5af942c378abe34d85eef21aa1ac3
16:tabMachine	150	tile.rbmk_display	0	RBMK Display Panel	render/70b5af942c378abe34d85eef21aa1ac3
16:tabMachine	151	tile.rbmk_key_pad	0	Redstone-over-Radio Keypad	render/8af0e08a3fdd5e5e77c13f777d3577d7
16:tabMachine	152	tile.rbmk_lever	0	Redstone-over-Radio Lever	render/8e7ed82df5c5dc70bf2be5a5006bc3a7
16:tabMachine	153	tile.rbmk_gauge	0	Redstone-over-Radio Gauge	render/107ece4102c36a957938d74bd986b972
16:tabMachine	154	tile.rbmk_indicator	0	Redstone-over-Radio Indicator Lights	render/c2685d84704a8fbdb2a760c94f5de79c
16:tabMachine	155	tile.rbmk_numitron	0	Redstone-over-Radio Numeric Display	render/c21784ab944cb0040c45c8e0cf48d91e
16:tabMachine	156	tile.rbmk_graph	0	Redstone-over-Radio Graph	render/c21784ab944cb0040c45c8e0cf48d91e
16:tabMachine	157	tile.rbmk_terminal	0	Redstone-over-Radio Terminal	render/b0faf6de171633dd98c2199aa5892e27
16:tabMachine	158	tile.rbmk_autoloader	0	RBMK Autoloader	render/7b74f17cde8e4ba4451e73a192850493__rbmk_autoloader__machines_rbmk_autoloader__base__piston
16:tabMachine	159	tile.rbmk_loader	0	RBMK Steam Connector	render/93ff76f3492ba8467b3532ba1874bfe7
16:tabMachine	160	tile.rbmk_steam_inlet	0	RBMK ReaSim Water Inlet	render/25c9ee2e8b758b668f19446f680e483e
16:tabMachine	161	tile.rbmk_steam_outlet	0	RBMK ReaSim Steam Outlet	render/96cfbdaf00b55d5ba982a514eee28e6b
16:tabMachine	162	tile.pribris	0	RBMK Debris	render/338249ee235a09839201d90d9d71eaad
16:tabMachine	163	tile.pribris_burning	0	Flaming RBMK Debris	render/0f96173d77baaf74a80e2e5bc12a6e77
16:tabMachine	164	tile.pribris_radiating	0	Smoldering RBMK Debris	render/e3e89603ee5a0861f0c588472cb4e807
16:tabMachine	165	tile.pribris_digamma	0	Blackened RBMK Debris	render/05cc44bd654eafd765565b947463ac33
16:tabMachine	166	tile.red_cable	0	Red Copper Cable	render/265270e048a7bc29fd3a5acd1cee0fc0
16:tabMachine	167	tile.red_cable_classic	0	Red Copper Cable (Classic)	render/2d6c41d33da50ca8f2fd47318703db0a
16:tabMachine	168	tile.red_cable_paintable	0	Paintable Red Copper Cable	render/0aa74521e173b018ca14d8c955af2e52
16:tabMachine	169	tile.red_cable_gauge	0	Power Gauge	render/3f66ad1998e105f3389c6516d0f973f2
16:tabMachine	170	tile.red_cable_box	0	Red Copper Boxcable	render/742f18bb8e265bf2468271cb832968c7
16:tabMachine	171	tile.red_cable_box	1	Red Copper Boxcable	render/aa22c01a4b638d00fe8b4fe19e6bbc73
16:tabMachine	172	tile.red_cable_box	2	Red Copper Boxcable	render/ef4ef84955d321d43eeba79d85448a5d
16:tabMachine	173	tile.red_cable_box	3	Red Copper Boxcable	render/bcc4083c007bce1b8d8adce9f0c006df
16:tabMachine	174	tile.red_cable_box	4	Red Copper Boxcable	render/be7b75c649e1b6d9a0d1bde9f054bd5d
16:tabMachine	175	tile.red_wire_coated	0	Coated Red Copper Cable	render/d96841063df845a784bfdc42d2c78f83
16:tabMachine	176	tile.red_connector	0	Electricity Connector	render/d6e2573eb4cfdbf6f2aeaf68ee793cbd__network_connector__network_connector
16:tabMachine	177	tile.red_connector_super	0	Heavy Duty Electricity Connector	render/2273dc6212cc392c11592a4fda7bf1b3__network_connector_super__network_connector_super
16:tabMachine	178	tile.red_pylon	0	Wooden Electricity Pylon	render/6f759f141db4f0af5091d66ba58178f3__network_pylon__network_pylon__pylon
16:tabMachine	179	tile.red_pylon_steel	0	Steel Electricity Pylon	render/f8931b62b4ebe89c19e57dc69a22ddc7__network_pylon__network_pylon_steel__pylon_steel
16:tabMachine	180	tile.red_pylon_medium_wood	0	Medium Wooden Electricity Pylon	render/14d63c1a8101b5fefc300c113eedcc46__network_pylon_medium__network_pylon_medium__pylon
16:tabMachine	181	tile.red_pylon_medium_wood_transformer	0	Medium Wooden Electricity Pylon with Transformer	render/2ef2aeb231fca0eff0ec25e4e4bb0e57__network_pylon_medium__network_pylon_medium__pylon__transformer
16:tabMachine	182	tile.red_pylon_medium_steel	0	Medium Steel Electricity Pylon	render/6d90d2b16a32791f27626162347a55b9__network_pylon_medium__network_pylon_medium_steel__pylon
16:tabMachine	183	tile.red_pylon_medium_steel_transformer	0	Medium Steel Electricity Pylon with Transformer	render/abf9733d64e778876c408b750f18e624__network_pylon_medium__network_pylon_medium_steel__pylon__transformer
16:tabMachine	184	tile.red_pylon_large	0	Large Electricity Pylon	render/917b4b35d1bbb1e7ff835213ae488eef__network_pylon_large__network_pylon_large
16:tabMachine	185	tile.substation	0	Substation	render/4d740aa396e9ab3e7ca47507efd67d09__network_substation__network_substation
16:tabMachine	186	tile.cable_switch	0	Power Switch	render/86b844525976ed823ad3b63c8479b12a
16:tabMachine	187	tile.cable_detector	0	Redstone Power Switch	render/9ebd97823c7e07977c455d1193daa9a4
16:tabMachine	188	tile.cable_diode	0	Red Copper Diode	render/d54d3f490e5f5e0b394cc79ae54dbf07
16:tabMachine	189	tile.machine_detector	0	Power Detector	render/751e0b41275b2db74dc267d83dd9a1d3
16:tabMachine	190	tile.fluid_duct_neo	0	Universal Fluid Duct	render/069e559d7d12ae7bef05e0e06484b8f5
16:tabMachine	191	tile.fluid_duct_neo	1	Universal Fluid Duct	render/68b2b974a4a51f5b676140d9e18d4396
16:tabMachine	192	tile.fluid_duct_neo	2	Universal Fluid Duct	render/5574e07a3fbaa559e43fdbb809df1fef
16:tabMachine	193	tile.fluid_duct_box	0	Universal Fluid Duct (Boxduct)	render/f3f379b47433d05bf05963c32e042b72
16:tabMachine	194	tile.fluid_duct_box	1	Universal Fluid Duct (Boxduct)	render/f58bd26b3e9adafe7936151e276875a0
16:tabMachine	195	tile.fluid_duct_box	2	Universal Fluid Duct (Boxduct)	render/501381a260fc6bf753c2128e9d0c0b57
16:tabMachine	196	tile.fluid_duct_box	3	Universal Fluid Duct (Boxduct)	render/28f5ad84350677f5104e4357e6554015
16:tabMachine	197	tile.fluid_duct_box	4	Universal Fluid Duct (Boxduct)	render/b15a8fe49af2e0c52c4f63dc67362a79
16:tabMachine	198	tile.fluid_duct_box	5	Universal Fluid Duct (Boxduct)	render/e2c6a0c3eecd9b4f296efd2f81fcfa21
16:tabMachine	199	tile.fluid_duct_box	6	Universal Fluid Duct (Boxduct)	render/d20225333bde493c1edd74fee5f1e7bb
16:tabMachine	200	tile.fluid_duct_box	7	Universal Fluid Duct (Boxduct)	render/f1bf655b6049a6b906f9fb4c5745b0e5
16:tabMachine	201	tile.fluid_duct_box	8	Universal Fluid Duct (Boxduct)	render/0ce4d0438db396630d8ca1dd7bb6e91e
16:tabMachine	202	tile.fluid_duct_box	9	Universal Fluid Duct (Boxduct)	render/e654ffdd07846ea81f189bfb195fa297
16:tabMachine	203	tile.fluid_duct_box	10	Universal Fluid Duct (Boxduct)	render/da99a166ec28de380886bfb353c786ad
16:tabMachine	204	tile.fluid_duct_box	11	Universal Fluid Duct (Boxduct)	render/82a4f6d277278b4a13dbc938aa054015
16:tabMachine	205	tile.fluid_duct_box	12	Universal Fluid Duct (Boxduct)	render/5032822c94226e5cca746507311705de
16:tabMachine	206	tile.fluid_duct_box	13	Universal Fluid Duct (Boxduct)	render/68385eb951b9660cb00441cc0cc6f201
16:tabMachine	207	tile.fluid_duct_box	14	Universal Fluid Duct (Boxduct)	render/0de9f80fe213eb163a99f00f77502a25
16:tabMachine	208	tile.fluid_duct_exhaust	0	Exhaust Pipe	render/616d93604d049864bcb6ff15dba290a6
16:tabMachine	209	tile.fluid_duct_exhaust	3	Exhaust Pipe	render/abab3de8d66cd27c26ab0b7bd9fbd348
16:tabMachine	210	tile.fluid_duct_exhaust	6	Exhaust Pipe	render/f676ac515c6714c10651d540edd78b51
16:tabMachine	211	tile.fluid_duct_exhaust	9	Exhaust Pipe	render/3f5bff754d35547fca7454554f48d778
16:tabMachine	212	tile.fluid_duct_exhaust	12	Exhaust Pipe	render/e246ce5e613b333122c88ca207ec7756
16:tabMachine	213	tile.fluid_duct_paintable_block_exhaust	0	Paintable Coated Exhaust Pipe	render/3631897b302fa0624112b7e390134a33
16:tabMachine	214	tile.fluid_duct_paintable	0	Paintable Coated Universal Fluid Duct	render/710ce2d2fa9a570cb1cdb02e5db5cd2b
16:tabMachine	215	tile.pipe_anchor	0	Pipe Anchor	render/5cb29af1798c8dfa81b7c09fcb55cde4__network_pipe_anchor__network_pipe_anchor__anchor
16:tabMachine	216	tile.fluid_duct_gauge	0	Flow Gauge Pipe	render/3bf0f84e0947b37afe603067f77c0cb5
16:tabMachine	217	tile.fluid_valve	0	Fluid Valve	render/9a7cc63e5b301b996afeb47961b96ff9
16:tabMachine	218	tile.fluid_counter_valve	0	Fluid Valve with Counter	render/6517336c641296fac9a59cdaaa23b533
16:tabMachine	219	tile.fluid_switch	0	Redstone Fluid Valve	render/1b468e41a3ea7ccf15b1fdaa2333fd6c
16:tabMachine	220	tile.fluid_pump	0	Flow Control Pump	render/992c17b791c2db93401e2cccca189104__network_fluid_diode__network_fluid_diode
16:tabMachine	221	tile.machine_drain	0	Drainage Pipe	render/12de981d983ae72338ac43e498a8ad87__machines_drain__machines_drain
16:tabMachine	222	tile.radio_torch_sender	0	Redstone-over-Radio Transmitter	render/d42496ae63cc56afbab48fa4c59dd9ca
16:tabMachine	223	tile.radio_torch_receiver	0	Redstone-over-Radio Receiver	render/9e7ec7216faf3d076f4c2a9bb3ac1f3e
16:tabMachine	224	tile.radio_torch_counter	0	Redstone-over-Radio Item Counter	render/c43f10f0ad8856067d3e33ab1d4996c7
16:tabMachine	225	tile.radio_torch_logic	0	Redstone-over-Radio Logic Receiver	render/53aae2a7437b23de31891f04bd7ef8fd
16:tabMachine	226	tile.radio_torch_reader	0	Redstone-over-Radio Reader	render/a5cbe78724588c7e194e8c6a3aa23743
16:tabMachine	227	tile.radio_torch_controller	0	Redstone-over-Radio Controller	render/59662ec28c60bdf95fcbdb541e4d5b83
16:tabMachine	228	tile.radio_telex	0	Telex Machine	render/353341abe7bcddb632b388db49a58e63__machines_telex__machines_telex
16:tabMachine	229	tile.radio_autocal	0	AUTOCAL Automatic Calculator	render/413daf894346b850f922a81c2537a766__machines_autocal__machines_autocal
16:tabMachine	230	tile.crane_extractor	0	Conveyor Ejector	render/71fe0425236768d7828b73302a488cd3
16:tabMachine	231	tile.crane_inserter	0	Conveyor Inserter	render/1dfe9522aad1bc38d36388ac640eb99a
16:tabMachine	232	tile.crane_grabber	0	Conveyor Grabber	render/fc563aa7349872412134ba1a35aa780a
16:tabMachine	233	tile.crane_router	0	Conveyor Sorter	render/40b7675c5c7bfe7aef34fbe816765f9b
16:tabMachine	234	tile.crane_boxer	0	Conveyor Boxer	render/9aa89bc4d705233eb3ac453b0dbf8699
16:tabMachine	235	tile.crane_unboxer	0	Conveyor Unboxer	render/9513bd7a6b727b5c3eb54be5a28ae55e
16:tabMachine	236	tile.crane_splitter	0	Conveyor Splitter	render/6f4587f931c26386795240e027f61f64
16:tabMachine	237	tile.crane_partitioner	0	Acidizer Input Partitioner	render/4669a86e9bbfec6f9fc29e03f342a6a9
16:tabMachine	238	tile.drone_waypoint	0	Transport Drone Waypoint	render/9e7ec7216faf3d076f4c2a9bb3ac1f3e
16:tabMachine	239	tile.drone_crate	0	Transport Drone Crate	render/1e4eb797df4da5deec96c5ca6a12f5e9
16:tabMachine	240	tile.drone_waypoint_request	0	Logistics Drone Waypoint	render/0abe616816ad9488d6ab7715fb98e9f0
16:tabMachine	241	tile.drone_dock	0	Logistics Drone Dock	render/8dcae6cea6aeeb461f94883400b557bc
16:tabMachine	242	tile.drone_crate_provider	0	Logistics Provider Crate	render/619d76792b13b35f0e1bc27404e8b082
16:tabMachine	243	tile.drone_crate_requester	0	Logistics Requester Crate	render/2d99887f2a512bec85eb02092f94a798
16:tabMachine	244	tile.pneumatic_tube	0	Pneumatic Tube	render/f6e34c366fcfb468bc4b59c4e684917d
16:tabMachine	245	tile.pneumatic_tube_paintable	0	Paintable Pneumatic Tube	render/f665fae1d1b28e7a6d1e47d7cae9a9ab
16:tabMachine	246	tile.pneumatic_storage_access	0	Pneumatic Storage Network - Access Terminal	render/3f983ecc7a94f89526ca71cf6f157402
16:tabMachine	247	tile.pneumatic_storage_clutter	0	Pneumatic Storage Network - Clutter Storage	render/33a73bab6e5bc4d8aa93b64e2265d05e
16:tabMachine	248	tile.pneumatic_storage_mono	0	Pneumatic Storage Network - Bulk Storage	render/fee550ed3172ec6ab0f96217fb6a4bfb
16:tabMachine	249	tile.pneumatic_storage_importer	0	Pneumatic Storage Network - Importer	render/9a20653885d02de25aa9a62fbc02280b
16:tabMachine	250	tile.pneumatic_storage_exporter	0	Pneumatic Storage Network - Exporter	render/327e7c54767bf0f15d0a9d1fdb340eb5
16:tabMachine	251	tile.fan	0	Fan	render/38f163c76a418a0582dd962e577b587f__machines_fan__machines_fan
16:tabMachine	252	tile.barrel_plastic	0	Safe Barrel™	render/bc3e22e59541910b5a566b5c9726c017
16:tabMachine	253	tile.barrel_steel	0	Steel Barrel	render/2c89c5e2cd35c16044d00cb7f9fbf049
16:tabMachine	254	tile.barrel_tcalloy	0	Technetium Steel Barrel	render/50bbc58ec136f34ecb6d236710a32600
16:tabMachine	255	tile.barrel_antimatter	0	Magnetic Antimatter Container	render/61df2bb1453a2efbcfc7972d4c5b8e72
16:tabMachine	256	tile.machine_battery_socket	0	Battery Socket	render/7eb7f6a724c557e350a8f65383c4798f__machines_battery__machines_battery_socket__socket
16:tabMachine	257	tile.machine_battery_redd	0	FEnSU	render/57a8d09cb1d89ad90746c9c7d57d8749__machines_fensu2__machines_fensu2__base__lights__wheel
16:tabMachine	258	tile.capacitor_copper	0	Old Capacitor	render/06fe2fb4c752b107eaeef97a477a004e
16:tabMachine	259	tile.machine_transformer	0	10k-20Hz Transformer	render/e9e11dc2d15bca5390f68379c9985a40
16:tabMachine	260	tile.machine_converter_he_rf	0	HE to RF Converter	render/83ea2910c19b8a04f18b35a25511ef90
16:tabMachine	261	tile.machine_converter_rf_he	0	RF to HE Converter	render/f2e4facf70f310cd413a66ce9a21cca0
16:tabMachine	262	tile.machine_electric_furnace_off	0	Electric Furnace	render/996b2b4e53bd443678ac450cf3c9d73c
16:tabMachine	263	tile.machine_microwave	0	Microwave	render/ad2aaf45dae8fe008cd25f421193ac92__machines_microwave__machines_microwave__mainbody_cube.001__window_cube.002
16:tabMachine	264	tile.machine_assembly_machine	0	Assembly Machine	render/ac9326c8da5ee307b718dfdc3a65ea27__machines_assembly_machine__machines_assembly_machine
16:tabMachine	265	tile.machine_assembly_factory	0	Assembly Factory	render/dc472499bc4555df235af3f15b2b313e__machines_assembly_factory__machines_assembly_factory
16:tabMachine	266	tile.machine_precass	0	Precision Assembly Machine	render/232659dfd53b81dd14d285566fb4cffe__machines_assembly_machine__machines_assembly_machine__armlower1__armupper1__base__frame__head1__ring__ring2__spike1
16:tabMachine	267	tile.machine_chemical_plant	0	Chemical Plant	render/5159f5d9e3baaf35125820517986fe8b__machines_chemical_plant__machines_chemical_plant__base__frame__slider__spinner
16:tabMachine	268	tile.machine_chemical_factory	0	Chemical Factory	render/0fad5cf34c12b739a0eff66583af889a__machines_chemical_factory__machines_chemical_factory__base__fan1__fan2__frame
16:tabMachine	269	tile.machine_purex	0	PUREX	render/c8fa2c19d6932c22ddfa896f0ef79447__machines_purex__machines_purex__base__fan__frame__pump
16:tabMachine	270	tile.machine_arc_welder	0	Arc Welder	render/a6d7442524d225525783be0d5e081a30__machines_arc_welder__machines_arc_welder
16:tabMachine	271	tile.machine_soldering_station	0	Soldering Station	render/df3fef333bb67021957d4a654ef46d5a__machines_soldering_station__machines_soldering_station
16:tabMachine	272	tile.machine_arc_furnace	0	Electric Arc Furnace	render/936ca715b6849151d0fdc2b65530c8e6__machines_arc_furnace__machines_arc_furnace__cable1__cable2__cable3__electrode1__electrode2__electrode3__furnace__lid__ring1__ring2__ring3
16:tabMachine	273	tile.machine_mixer	0	Industrial Mixer	render/98eef4b7d07b2b691bdf82d123d08abe__machines_mixer__machines_mixer__main__mixer
16:tabMachine	274	tile.machine_fluidtank	0	Tank	render/9d364a55bc8fe8bc2fa2edec6e269f0e__composite_d41c6d19651184c95ae3
16:tabMachine	275	tile.machine_bat9000	0	Big-Ass Tank 9000 (LEGACY)	render/65e4a28496730ef01eeadbc1ea7c8cf6__machines_bat9000__machines_bat9000
16:tabMachine	276	tile.machine_bigasstank	0	Big-Ass Tank	render/5ef1ddc9de04f21aeb11aefcb8b65d2d__machines_bigasstank__machines_bigasstank
16:tabMachine	277	tile.machine_orbus	0	Heavy Magnetic Storage Tank	render/6683f1f9c26a934254e0a6bee4d1aebb__machines_orbus__machines_orbus
16:tabMachine	278	tile.machine_steam_engine	0	Steam Engine	render/4ea09e6f7a7f8f8684da0102adb849ed__machines_steam_engine__machines_steam_engine__base__flywheel__piston__shaft__transmission
16:tabMachine	279	tile.machine_turbine	0	Steam Turbine (LEGACY)	render/f284767d30d9f6dc55bc1fbf88e59c25
16:tabMachine	280	tile.machine_large_turbine	0	Industrial Steam Turbine (LEGACY)	render/83d3b7c3948e139658a45807aa8558e4__composite_6de37ee8aa9debfe1a11
16:tabMachine	281	tile.machine_industrial_turbine	0	Industrial Steam Turbine	render/50fbc12bc0ccd81e25561fdac838c4cb__machines_industrial_turbine__machines_industrial_turbine__flywheel__gauge__turbine
16:tabMachine	282	tile.machine_chungus	0	Leviathan Steam Turbine	render/87ecd35b4cea0c547f1d2eff27b97c41__machines_chungus__machines_chungus__blades__body__lever
16:tabMachine	283	tile.machine_condenser	0	Steam Condenser	render/72e27d1b79549faa61d7df6734e3ce84
16:tabMachine	284	tile.machine_tower_small	0	Auxiliary Cooling Tower	render/a9273754ba3d74e82aef1374bb8624f8__machines_tower_small__machines_tower_small
16:tabMachine	285	tile.machine_tower_large	0	Cooling Tower	render/a83c7a86846061288f6cd277450e9bc8__machines_tower_large__machines_tower_large
16:tabMachine	286	tile.machine_condenser_powered	0	High-Power Steam Condenser	render/8d3598465eb368fc9c5668107261bf62__machines_condenser__machines_condenser
16:tabMachine	287	tile.machine_deuterium_extractor	0	Deuterium Extractor	render/09e535186b44a479e0bae02d33397600
16:tabMachine	288	tile.machine_deuterium_tower	0	Deuterium Extraction Tower	render/270e9529be79d71271cb8d1cc93c259b__machines_machine_deuterium_tower__machines_machine_deuterium_tower
16:tabMachine	289	tile.machine_liquefactor	0	Industrial Liquefaction Machine	render/e3847e2cf345568096a360ab6cd6bf29__machines_liquefactor__machines_liquefactor__main
16:tabMachine	290	tile.machine_solidifier	0	Industrial Solidification Machine	render/360bbabfb38929553e3d8b162bc603aa__machines_solidifier__machines_solidifier__main
16:tabMachine	291	tile.machine_intake	0	Air Intake	render/3b44005cc685462402cc8f14ab1a68b1__machines_intake__machines_intake
16:tabMachine	292	tile.machine_compressor	0	Compressor	render/463c85ab0bf7d762e59cb0baae94b039__machines_compressor__machines_compressor__compressor__fan__pump
16:tabMachine	293	tile.machine_compressor_compact	0	Compact Compressor	render/f690882343d30699b18964093d791052__machines_condenser__machines_condenser
16:tabMachine	294	tile.machine_electrolyser	0	Electrolysis Machine	render/ac37e149bfb1657b4b0c0f981df2cfaa__machines_electrolyser__machines_electrolyser
16:tabMachine	295	tile.machine_waste_drum	0	Spent Fuel Pool Drum	render/d17c8655d1b69998f7ef20369ed8e7fd
16:tabMachine	296	tile.machine_storage_drum	0	Nuclear Waste Disposal Drum	render/7e513c662ac4a918d06afd2bb0be0fc1__machines_drum__machines_drum_gray
16:tabMachine	297	tile.machine_shredder	0	Shredder	render/11b70cc3e9677e163b83837ce6637660
16:tabMachine	298	tile.machine_well	0	Oil Derrick	render/b7e9ac472de99e8542fd162e07fdee3f__machines_derrick__machines_derrick
16:tabMachine	299	tile.machine_pumpjack	0	Pumpjack	render/03f1058b9714bd8d55ce1f45d6a0521d__machines_pumpjack__machines_pumpjack
16:tabMachine	300	tile.machine_fracking_tower	0	Hydraulic Fracking Tower	render/8580619b3a67f4ac1585713df6e8d3d9__machines_fracking_tower__machines_fracking_tower
16:tabMachine	301	tile.machine_flare	0	Flare Stack	render/7e845ecaa088c5c8829495d7865aca8e__machines_flare_stack__machines_flare_stack
16:tabMachine	302	tile.chimney_brick	0	Smokestack	render/6da0b22015cc733ae1a005510755933a__machines_chimney_brick__machines_chimney_brick
16:tabMachine	303	tile.chimney_industrial	0	Industrial Smokestack	render/796eb887197cc39e7550e59ca2ab344f__machines_chimney_industrial__machines_chimney_industrial
16:tabMachine	304	tile.machine_refinery	0	Oil Refinery	render/c5d58f1751189051e82c3f3ce7d5b391__refinery__refinery
16:tabMachine	305	tile.machine_vacuum_distill	0	Vacuum Refinery	render/270911cb871e8db011f9c25ab482c8c5__machines_vacuum_distill__machines_vacuum_distill
16:tabMachine	306	tile.machine_fraction_tower	0	Fractioning Tower	render/1c77c37b92a356bc1e2f7f464c25b7ab__machines_fraction_tower__machines_fraction_tower
16:tabMachine	307	tile.fraction_spacer	0	Fractioning Tower Separator	render/6ec5ee3833a4cada5316ec1339379dc9__machines_fraction_spacer__machines_fraction_spacer
16:tabMachine	308	tile.machine_catalytic_cracker	0	Catalytic Cracking Tower	render/b1531b4cb724d699d6a54d30e8be0a08__machines_catalytic_cracker__machines_catalytic_cracker
16:tabMachine	309	tile.machine_catalytic_reformer	0	Catalytic Reformer	render/08396d3bf3555c7317fe33cc99e957a8__machines_catalytic_reformer__machines_catalytic_reformer
16:tabMachine	310	tile.machine_hydrotreater	0	Hydrotreater	render/3694a830a8b74b24d628a8bb71af4def__machines_hydrotreater__machines_hydrotreater
16:tabMachine	311	tile.machine_coker	0	Coker Unit	render/8ae16dc6500bc908ad12c9cc566417c2__machines_coker__machines_coker
16:tabMachine	312	tile.machine_pyrooven	0	Pyrolysis Oven	render/3b4f32782d632f9811175586e22a59c3__machines_pyrooven__machines_pyrooven
16:tabMachine	313	tile.machine_autosaw	0	Automatic Buzz Saw	render/fd7db68189bbb3dd1473dea4fd7a5c50__machines_autosaw__machines_autosaw__armlower__armtip__armupper__base__engine__main__sawblade
16:tabMachine	314	tile.machine_thresher	0	Automatic Thresher	render/85f8badfe36421d4394f8567986fabaf__machines_thresher__machines_thresher__armlower__armupper__base__engine__front__wheel
16:tabMachine	315	tile.machine_excavator	0	Large Mining Drill	render/9c4f993a0fbe55bf477fdc48aa4953e4__machines_mining_drill__machines_mining_drill
16:tabMachine	316	tile.machine_ore_slopper	0	Bedrock Ore Processor	render/70ace3222d3f787227f128ce4c06e298__machines_ore_slopper__machines_ore_slopper
16:tabMachine	317	tile.machine_annihilator	0	Annihilator	render/39f0253d047ce9ac475adcd603e03e64__composite_1ab77a3c42a3b0dd6e3f
16:tabMachine	318	tile.machine_mining_laser	0	Mining Laser	render/34050d2040be8743ea83f6c537f1aeb6__composite_826f5f526be89492207b
16:tabMachine	319	tile.machine_turbofan	0	Turbofan	render/3c03f295c7ee4a435500588e6d652a4e__composite_b73ac77b12ccf6e5c7b1
16:tabMachine	320	tile.machine_turbinegas	0	Combined Cycle Gas Turbine	render/d35a2011b1966fc451f00626d983b782__machines_turbinegas__machines_turbinegas
16:tabMachine	321	tile.machine_lpw2	0	tile.machine_lpw2.name	render/95eab37fe8f78664241c845e448db837
16:tabMachine	322	tile.machine_teleporter	0	Teleporter	render/0749936de74131e2d5c84c6b8e59f350
16:tabMachine	323	tile.teleanchor	0	Teleportation Anchor	render/b5fa9c4ad288b29eb19bc44c97eb579d
16:tabMachine	324	tile.radiorec	0	FM Radio	render/d553e6e0919131ac9b93b41f666418fe
16:tabMachine	325	tile.radiobox	0	Rosenberg Pest Control Box	render/b951279ae02907fe71718c0bc42c107a
16:tabMachine	326	tile.struct_torus_core	0	Fusion Reactor Vessel Core Component	render/64bf505522c844dbcbc7b7a6767437be
16:tabMachine	327	tile.struct_watz_core	0	Watz Powerplant Core Component	render/439923f604d7694aee0246fc741d095a
16:tabMachine	328	tile.struct_icf_core	0	Inertial Confinement Fusion Reactor Core Component	render/69e8fd28bbaedb2392a547882b2e4cec
16:tabMachine	329	tile.rad_absorber	0	Radiation Absorber	render/102aa80e3928817e72dc1233fd1ef3e7
16:tabMachine	330	tile.rad_absorber	1	Enhanced Radiation Absorber	render/1bf160b05c0ce89ace8df86751840426
16:tabMachine	331	tile.rad_absorber	2	Advanced Radiation Absorber	render/a28ecdd5f200a47ae6c6ec1269e35693
16:tabMachine	332	tile.rad_absorber	3	Elite Radiation Absorber	render/925a1df48ba34378cf287c8d94b6b9df
16:tabMachine	333	tile.decon	0	Player Decontaminator	render/a5c1c2e999e9a7fd6cd54e1e752249a7
16:tabMachine	334	tile.machine_solar_boiler	0	Solar Tower Boiler	render/f463a2dbd08ae90cfe40927667de3b83__machines_solar_boiler__machines_solar_boiler__base
16:tabMachine	335	tile.solar_mirror	0	Heliostat Mirror	render/c1d9c3235450f81a6653365e360e0bf6__machines_solar_mirror__machines_solar_mirror__base__mirror
16:tabMachine	336	tile.custom_machine	100	Paper Press	render/7def42b4a7f9f6ad44be3da58d7128ff
16:tabMachine	337	tile.cm_block	0	Steel Machine Casing	render/1e63aa685c4f2994387eb5dd3d505c2b
16:tabMachine	338	tile.cm_block	1	Bronze Machine Casing	render/a5e2b4442bcd4c1291e5c34405ba0a3f
16:tabMachine	339	tile.cm_block	2	Desh Machine Casing	render/86befa08a4c2f0cc723ed90f04766c25
16:tabMachine	340	tile.cm_block	3	Technetium Steel Machine Casing	render/9343c857c1500c2d1a5445485901782a
16:tabMachine	341	tile.cm_sheet	0	Steel Sheet	render/0e96ba2e43e48c3bb31faa2bc02edb49
16:tabMachine	342	tile.cm_sheet	1	Bronze Sheet	render/5997b5f5bb4eb5562cd6e09aa94873d7
16:tabMachine	343	tile.cm_sheet	2	Desh Sheet	render/5a8236fb54bfb850068e5fcfb6e25f49
16:tabMachine	344	tile.cm_sheet	3	Technetium Steel Sheet	render/48e4047627a6a085961556cd91defb83
16:tabMachine	345	tile.cm_engine	0	Motor Block	render/ceca212cd5d17669edf7c93c9d64ee93
16:tabMachine	346	tile.cm_engine	1	Desh Motor Block	render/3fd3992952cbb562af5a501fdc6654d7
16:tabMachine	347	tile.cm_engine	2	Bismuth Motor Block	render/5f9dbf2103bec2af75d7ba9a44aa3b8e
16:tabMachine	348	tile.cm_tank	0	Steel Tank	render/46fc1293ee9fbb2e0c9491350c8b74a5
16:tabMachine	349	tile.cm_tank	1	Bronze Tank	render/7ab1a50caba0a612323e1b97cba945fc
16:tabMachine	350	tile.cm_tank	2	Desh Tank	render/d5af5cd10535e54fc47cd690bf014d69
16:tabMachine	351	tile.cm_tank	3	Technetium Steel Tank	render/e5e96dc314654f8dd5bc675577a34eba
16:tabMachine	352	tile.cm_circuit	0	Tier 1 Circuit Block	render/1c93b62666f94e5616ee225aefda8b7c
16:tabMachine	353	tile.cm_circuit	1	Tier 2 Circuit Block	render/1e725d8372726fb807175d45a90d80b8
16:tabMachine	354	tile.cm_circuit	2	Tier 3 Circuit Block	render/98c1e11f766ef42f61efd541b4a1aff7
16:tabMachine	355	tile.cm_circuit	3	Tier 4 Circuit Block	render/269d19c1c4e0463c9eb8363b33cd3a01
16:tabMachine	356	tile.cm_circuit	4	Tier 5 Circuit Block	render/bfd4dfe8954cabf87e42b8f11d34d7fc
16:tabMachine	357	tile.cm_port	0	Steel Port	render/bbf4f7ebb0454fd6cd3d7383119a610d
16:tabMachine	358	tile.cm_port	1	Bronze Port	render/01318001550f564c14ebb42f67b9049b
16:tabMachine	359	tile.cm_port	2	Desh Port	render/369b7a768b9f69c0a6d63b4aba3f2236
16:tabMachine	360	tile.cm_port	3	Technetium Steel Port	render/356d1692ea38f5aeee236d19948fcc93
16:tabMachine	361	tile.cm_flux	0	Neutron Flux Receiver	render/5696024a059376a74076883b36bab767
16:tabMachine	362	tile.cm_heat	0	Heat Receiver	render/4ce45311e70d9c6c3bbed8e3b41045c6
16:tabMachine	363	tile.custom_machine_anchor	0	Custom Machine Structure Positioning Anchor	render/6800f5a9d5798b8d158d7ce3736d7962
16:tabMachine	364	tile.pile_brick	0	Chicago Pile Graphite Bricks	render/2f2e83d67afd8c99f5e0893b712cb3e0
16:tabMachine	365	tile.pile_device	0	Chicago Pile Fuel Loader	render/dd6cc0365139945e7455297d7fa616dc__pile_pile_loader__pile_pile_loader
16:tabMachine	366	tile.pile_device	1	Chicago Pile Vent	render/088a6507096b1ab23b5c55cecdb5e8a4__pile_pile_vent__pile_pile_vent
16:tabMachine	367	tile.pile_device	2	Chicago Pile Control Rod	render/3279720f767c360699be712db6b491aa__pile_pile_control__pile_pile_control
16:tabMachine	368	tile.pile_block	0	Chicago Pile	render/ab8346aa58f73b985c40baa672699ac7
16:tabMachine	369	tile.pwr_fuel	0	PWR Fuel Rod	render/ee282a31dde3faa2a7916fd68b40d603
16:tabMachine	370	tile.pwr_control	0	PWR Control Rod	render/69e1bf2e745072952e692816a75cc676
16:tabMachine	371	tile.pwr_channel	0	PWR Coolant Channel	render/f257a43a8e7b9b5ba28eaa7b0e900e9f
16:tabMachine	372	tile.pwr_heatex	0	PWR Heat Exchanger	render/6a7f90b4fd5b3b2e593586ffdf5038e2
16:tabMachine	373	tile.pwr_heatsink	0	PWR Heatsink	render/596467a32f7a69640461fb08ead678d1
16:tabMachine	374	tile.pwr_neutron_source	0	PWR Neutron Source	render/b4ee54e613d609455fbe775db1a20ffe
16:tabMachine	375	tile.pwr_reflector	0	PWR Neutron Reflector	render/7f47c752f88eceb46c75167c48f16813
16:tabMachine	376	tile.pwr_casing	0	PWR Pressure Vessel	render/9243cda1be84a9a416dee4e0474f3078
16:tabMachine	377	tile.pwr_port	0	PWR Access Port	render/9332169c623ac8bf918da4e3c5f06ca7
16:tabMachine	378	tile.pwr_controller	0	PWR Controller	render/9f225e5428fab8dc1c93d6054c0a6518
16:tabMachine	379	tile.fusion_component	0	Superconducting BSCCO Coils	render/ed508b7b8f7a6b735db21bcbcb2b56a6
16:tabMachine	380	tile.fusion_component	1	Welded BSCCO Coils	render/a0dba265b99f15fd2ad8d4f7fd33384b
16:tabMachine	381	tile.fusion_component	2	Fusion Reactor Blanket	render/f5e011f0a06d63c77e663e15492f4a3c
16:tabMachine	382	tile.fusion_component	3	Fusion Reactor Piping	render/251478b57c813ec72af4d76ad014425b
16:tabMachine	383	tile.fusion_torus	0	Fusion Reactor Vessel	render/95b150a1bbf3a5803d9878e634021b4a__fusion_torus__fusion_torus__magnet__torus
16:tabMachine	384	tile.fusion_klystron	0	Klystron	render/e914add5a74b4f077dde4ddddc63bc1d__fusion_klystron__fusion_klystron__klystron__rotor
16:tabMachine	385	tile.fusion_klystron_creative	0	Creative Klystron	render/1c07d80fb3516f3df4766c6578263814__fusion_klystron__fusion_klystron_creative__klystron__rotor
16:tabMachine	386	tile.fusion_breeder	0	Fusion Reactor Breeding Chamber	render/7df0a1fa8d565bd64e2dbacbfeae46a1__fusion_breeder__fusion_breeder__breeder
16:tabMachine	387	tile.fusion_collector	0	Fusion Reactor Collector Chamber	render/3a6b91b7501e2046c7e2f57ad5812839__fusion_collector__fusion_collector
16:tabMachine	388	tile.fusion_boiler	0	Fusion Reactor Boiler	render/110663938ea1b2d6c3b0bd3961b3ea36__fusion_boiler__fusion_boiler
16:tabMachine	389	tile.fusion_mhdt	0	MHD Turbine	render/fc24bc757cd9b46cdebc1929c3a2927d__fusion_mhdt__fusion_mhdt__coils__turbine
16:tabMachine	390	tile.fusion_coupler	0	Fusion Reactor Plasma Coupler	render/a03e01bca5ca5800de41fda00a5f0d9c__fusion_coupler__fusion_coupler
16:tabMachine	391	tile.fusion_plasma_forge	0	Plasma Forge	render/6c79eb057a40099e851f149b38592e34__composite_2d7d94a2919981a053fd
16:tabMachine	392	tile.watz_element	0	Watz Reaction Chamber	render/6304481f9cd22dc6116f2aca55f78c61
16:tabMachine	393	tile.watz_cooler	0	Watz Reactor Supercooler	render/9b11eac0b551e034e1dab99ff4fefbb5
16:tabMachine	394	tile.watz_end	0	Watz Reactor Stability Element	render/dde6cb5f5020e614aad001d8a338067a
16:tabMachine	395	tile.watz_end	1	Watz Reactor Stability Element (Riveted)	render/514064df40010eaadee39821826ae5da
16:tabMachine	396	tile.watz	0	Watz Powerplant	render/67d456aea8465b55a8f3e73d9cdb2746__reactors_watz__machines_watz
16:tabMachine	397	tile.watz_pump	0	Watz Pressure Pump	render/c8c3ea4c1d62aa2ed32617292995a292__machines_watz_pump__machines_watz_pump
16:tabMachine	398	tile.machine_icf_press	0	ICF Fuel Pellet Maker	render/59a317e5db9197f152cad6d9ad8545f7
16:tabMachine	399	tile.icf_laser_component	0	ICF Laser Casing	render/c27be901eecfb2b5275686ed6126f64b
16:tabMachine	400	tile.icf_laser_component	1	ICF Laser Port	render/43b3ffd20b4b1fdc6d7e1bb86d0e59cc
16:tabMachine	401	tile.icf_laser_component	2	ICF Laser Cell	render/f1b0df2196e669d0bf2db5d327046dcc
16:tabMachine	402	tile.icf_laser_component	3	ICF Laser Flash Tube	render/8fe7d87944f4908473b6fd5fcea7bdaf
16:tabMachine	403	tile.icf_laser_component	4	ICF Laser Capacitor	render/5eb6b33c64653ca0c7c3c7f4bf5ad9de
16:tabMachine	404	tile.icf_laser_component	5	ICF Laser Turbocharger	render/ca11e793b1f58ebc6693716144347123
16:tabMachine	405	tile.icf_controller	0	ICF Laser Controller	render/7d5d96575b53630034f59a1ed2dbabba
16:tabMachine	406	tile.icf_component	0	ICF Stability Element	render/ddb9664c9ee330cd7670325a0f046da5
16:tabMachine	407	tile.icf_component	1	ICF Containment Vessel Wall	render/d4d05a860c8a4b613d34ef0fdf786fb2
16:tabMachine	408	tile.icf_component	2	ICF Containment Vessel Wall (Welded)	render/28cee5029627c7b90aa32508dc4bb937
16:tabMachine	409	tile.icf_component	3	ICF Casing	render/b83e679810f482c1f099975c9e2b875d
16:tabMachine	410	tile.icf_component	4	ICF Casing (Riveted)	render/eb22077543a70ef7561c5ce4efa614a7
16:tabMachine	411	tile.icf	0	Inertial Confinement Fusion Reactor (ICF)	render/c712aeb4a3f0f77ba00d9e3954ecdbca__reactors_icf__machines_icf
16:tabMachine	412	tile.dfc_emitter	0	DFC Emitter	render/8016a2f2c8d4a8d720cb0d60a67a2b54__core_emitter__core_emitter
16:tabMachine	413	tile.dfc_injector	0	DFC Fuel Injector	render/fb1bd3ec365adca819e2e443f06a20af__core_injector__core_injector
16:tabMachine	414	tile.dfc_receiver	0	DFC Receiver	render/1d70d45f67a2055c450e18a57309629d__core_receiver__core_receiver
16:tabMachine	415	tile.dfc_stabilizer	0	DFC Stabilizer	render/e870eb48b2ccb04873fac8e2da9c4610__core_injector__core_injector
16:tabMachine	416	tile.dfc_core	0	Dark Fusion Core	render/2b24cd986bee5f77bb5063189653876a
16:tabMachine	417	tile.vent_chlorine	0	Chlorine Vent	render/bc158d6be17035707cdf47105d94c5d0
16:tabMachine	418	tile.vent_cloud	0	Cloud Vent	render/c500ef11811bdbe5af08371e1084396b
16:tabMachine	419	tile.vent_pink_cloud	0	Pink Cloud Vent	render/133d7ee67ec9e1ec60c83babd2367dd1
16:tabMachine	420	tile.vent_chlorine_seal	0	Chlorine Seal	render/fe83fad0dbc3fb8c4de4b822a0816f05
16:tabMachine	421	tile.chlorine_gas	0	Chlorine Gas	render/5cb6943659f6b6e74ab94666e3b05ccf
16:tabMachine	422	tile.gas_radon	0	Radon Gas	render/60d26f2e620e4cfc3d190017f1195a53
16:tabMachine	423	tile.gas_radon_dense	0	Dense Radon Gas	render/0b35750051650aae0fbd53b278e5e14b
16:tabMachine	424	tile.gas_radon_tomb	0	Tomb Gas	render/c70bc56a16c0de0bf9c17685ec5d2157
16:tabMachine	425	tile.gas_meltdown	0	Meltdown Gas	render/061c202859736d04422624190931d66b
16:tabMachine	426	tile.gas_monoxide	0	Carbon Monoxide	render/12dd73c5fea0c5316d26306908db5ff7
16:tabMachine	427	tile.gas_asbestos	0	Airborne Asbestos Particles	render/f7ce5909677994e44d4e94a2f1f22efe
16:tabMachine	428	tile.gas_coal	0	Airborne Coal Dust	render/4dacc122e8b3c1ade00a0a93e92d9b5a
16:tabMachine	429	tile.gas_flammable	0	Flammable Gas	render/901efdf384fb7b5c568d4f9c51789dc5
16:tabMachine	430	tile.gas_explosive	0	Explosive Gas	render/e18b37ad37da3096a86e1a0d723795a9
16:tabMachine	431	item.drone	0	Transport Drone	render/c8126dcb96747bd4ad163d7a28013975
16:tabMachine	432	item.drone	1	Chunkloading Transport Drone	render/b721f4c2d9fb52183b22909ffb9f8ffb
16:tabMachine	433	item.drone	2	Express Transport Drone	render/f2ed9e03f8c8dee4061f9b837a756631
16:tabMachine	434	item.drone	3	Chunkloading Express Transport Drone	render/7e76dd106501e2ffa7914d209c7bca9b
16:tabMachine	435	item.drone	4	Logistics Drone	render/65fa3751703b44acbb4b8a044c274b50
16:tabMachine	436	item.conveyor_wand	0	Conveyor Belt	render/4ce96c9f821350f62983250f59fccb9e
16:tabMachine	437	item.conveyor_wand	1	Express Conveyor Belt	render/535365ff6fcea77719547b98398bd555
16:tabMachine	438	item.conveyor_wand	2	Double-Lane Conveyor Belt	render/d2f83977df7f839d0a3e862f2299f489
16:tabMachine	439	item.conveyor_wand	3	Triple-Lane Conveyor Belt	render/68d0edd57fbf00bcc686b0563ee9a3ff
17:tabNuke	0	tile.nuke_gadget	0	The Gadget	render/bf0bf9fe059f04599af7d66c7a054ddf__bombs_gadget__bombs_gadget__body__wires
17:tabNuke	1	tile.nuke_boy	0	Little Boy	render/8c7d01427b62a611bb71f72096ae8335__lilboy1__lilboy
17:tabNuke	2	tile.nuke_man	0	Fat Man	render/b0bd30270ec3bf8a6bd9df255378ed58__bombs_fat_man__fatman
17:tabNuke	3	tile.nuke_mike	0	Ivy Mike	render/838476208dee473b44bc01529b3a0d5b__bombs_ivymike__bombs_ivymike
17:tabNuke	4	tile.nuke_tsar	0	Tsar Bomba	render/e85c55e866176dd340cbb3001bb9df70__bombs_tsar__bombs_tsar
17:tabNuke	5	tile.nuke_prototype	0	The Prototype	render/c86e9e61e729171ae2c261c081fae532__bombs_prototype__bombs_prototype
17:tabNuke	6	tile.nuke_fleija	0	F.L.E.I.J.A.	render/b617859fafefc5c8ad74cbb11e2bb352__bombs_fleija__bombs_fleija
17:tabNuke	7	tile.nuke_solinium	0	The Blue Rinse	render/b8f8e79fac5316cc20ba72ea028a7708__bombs_ufp__bombs_ufp
17:tabNuke	8	tile.nuke_n2	0	N² Mine	render/450bbd77e0062076176d8d2eea2c5f33__bombs_n2__bombs_n2
17:tabNuke	9	tile.nuke_fstbmb	0	Balefire Bomb	render/a81e12eb7c7a990dd1e9c4bd7ba1f6a4__bombs_fstbmb__bombs_fstbmb__balefire__body
17:tabNuke	10	tile.nuke_custom	0	Custom Nuke	render/095c43acfd49ee1041baa98bfa3571bb__lilboy1__customnuke
17:tabNuke	11	tile.bomb_multi	0	Multi Purpose Bomb	render/70db418cd138bbacd7ea117af30bd349__bombgeneric__bombgeneric
17:tabNuke	12	tile.crashed_bomb	0	Dud	render/e10387cdc1b0210e7c632edcecef7d0c__bombs_dud_balefire__bombs_dud_balefire
17:tabNuke	13	tile.crashed_bomb	1	Dud	render/3cc7979b893174aba0d994db41ddba97__bombs_dud_conventional__bombs_dud_conventional
17:tabNuke	14	tile.crashed_bomb	2	Dud	render/2101901c01e76c6173e6b1828e4fba05__bombs_dud_nuke__bombs_dud_nuke
17:tabNuke	15	tile.crashed_bomb	3	Dud	render/f1fe878d54140999c790e37a39f820dc__bombs_dud_salted__bombs_dud_salted
17:tabNuke	16	tile.fireworks	0	Firework Battery	render/9e7f99ee520e0072c552195a5d1e5277
17:tabNuke	17	tile.dynamite	0	Dynamite	render/fe87017ece01de8f7bc3c7072acac9d5
17:tabNuke	18	tile.tnt_ntm	0	Actual TNT	render/785e52c8a09dc7f091e73e27c85fbc0f
17:tabNuke	19	tile.semtex	0	Semtex	render/2e0c1b3c24d05a0bfb8c8b98af16fc2e
17:tabNuke	20	tile.c4	0	C-4	render/bb235a6c772fb242bda76ef3a93bc27a
17:tabNuke	21	tile.fissure_bomb	0	Fissure Bomb	render/9477d61f0b39164fa1e5d0b1745bd186
17:tabNuke	22	tile.charge_dynamite	0	Time Bomb	render/b5fa13f08cbe7e00b9b646bcfeb3fc9a
17:tabNuke	23	tile.charge_miner	0	Timed Mining Charge	render/279cb9e626ea3f2cc48740b3ba7aa61b
17:tabNuke	24	tile.charge_c4	0	Demolition Charge	render/f8e823caf597ab7d020bb9d09f3b73a0
17:tabNuke	25	tile.charge_semtex	0	Semtex Mining Charge	render/1de706756e3370f6c7fa55e19267dd05
17:tabNuke	26	tile.mine_ap	0	Anti-Personell Mine	render/a55652a36767086b5ee29bbdb680f345__bombs_ap_mine__bombs_mine_ap_grass
17:tabNuke	27	tile.mine_shrap	0	Shrapnel Mine	render/cfea3cb27337bf0c9b0cc6b26a22b211__bombs_ap_mine__bombs_mine_shrapnel
17:tabNuke	28	tile.mine_he	0	Anti-Tank Mine	render/ca864c9b42d63829af58bba9ed7a8a38__bombs_marelet__bombs_mine_marelet
17:tabNuke	29	tile.mine_fat	0	Fat Mine	render/b6cf57fd6eeb7bf3c1ff49dae2cb69f1__bombs_mine_fat__bombs_mine_fat
17:tabNuke	30	tile.mine_naval	0	Naval Mine	render/40850dd1c890dec2b94e6a8151346220__bombs_naval_mine__nmine
17:tabNuke	31	tile.flame_war	0	Flame War in a Box	render/1ee9f2adb5f2262716b4f0dd81a8b27b
17:tabNuke	32	tile.float_bomb	0	Levitation Bomb	render/a2451ca29b59f768f0b07daba584c5b7
17:tabNuke	33	tile.therm_endo	0	Endothermic Bomb	render/090f756ce310ac3a47341d9fa13a4a15
17:tabNuke	34	tile.therm_exo	0	Exothermic Bomb	render/8f58ec72310c258fd792f54821413d7c
17:tabNuke	35	tile.emp_bomb	0	EMP Device	render/a558f80b4001dce065a42b4bc8319085
17:tabNuke	36	tile.det_cord	0	Det Cord	render/25ee7ddd3d12c78640750a5a9030bbce
17:tabNuke	37	tile.det_charge	0	Explosive Charge	render/4cdab9a23413fe317ebf6bba036aa509
17:tabNuke	38	tile.det_nuke	0	Nuclear Charge	render/44a2abd5282b78a50d999ae37966b34c
17:tabNuke	39	tile.det_miner	0	Mining Charge	render/fc1f42c39735631bda13947b01eaf803
17:tabNuke	40	tile.red_barrel	0	Explosive Barrel	render/424e588a00b575532d486428d0db9ea5
17:tabNuke	41	tile.pink_barrel	0	Kerosene Barrel	render/06e93116ced4730685887c5426151ebe
17:tabNuke	42	tile.lox_barrel	0	LOX Barrel	render/054a65a316c0a4b73fd3f1fcd368ed9f
17:tabNuke	43	tile.taint_barrel	0	IMP Residue Barrel	render/67fb2585d36612c786aaf0519492c785
17:tabNuke	44	tile.yellow_barrel	0	Radioactive Barrel	render/8bbf6453774bed16cdc00385207542b1
17:tabNuke	45	tile.vitrified_barrel	0	Vitrified Nuclear Waste Drum	render/1faf1ecefb253ceb936aae9c5822bf92
17:tabNuke	46	tile.volcano_core	0	Volcano Core	render/3a9fe45bdad3bced466ef42c096b9dfb
17:tabNuke	47	tile.volcano_core	1	Volcano Core	render/3a9fe45bdad3bced466ef42c096b9dfb
17:tabNuke	48	tile.volcano_core	2	Volcano Core	render/3a9fe45bdad3bced466ef42c096b9dfb
17:tabNuke	49	tile.volcano_core	3	Volcano Core	render/3a9fe45bdad3bced466ef42c096b9dfb
17:tabNuke	50	tile.volcano_core	4	Volcano Core	render/3a9fe45bdad3bced466ef42c096b9dfb
17:tabNuke	51	tile.volcano_rad_core	0	Rad Volcano Core	render/2c5828f9b9fced77099b19bcbe6f4b54
17:tabNuke	52	tile.volcano_rad_core	1	Rad Volcano Core	render/2c5828f9b9fced77099b19bcbe6f4b54
17:tabNuke	53	tile.volcano_rad_core	2	Rad Volcano Core	render/2c5828f9b9fced77099b19bcbe6f4b54
17:tabNuke	54	tile.volcano_rad_core	3	Rad Volcano Core	render/2c5828f9b9fced77099b19bcbe6f4b54
17:tabNuke	55	tile.volcano_rad_core	4	Rad Volcano Core	render/2c5828f9b9fced77099b19bcbe6f4b54
17:tabNuke	56	tile.book_guide	0	Hbm's Nuclear Tech Mod Manual [LEGACY]	render/c8964258f6cf93cbac902cdcf6f116db
17:tabNuke	57	item.demon_core_open	0	Suspended Demon Core	render/ee49d30aea3be1de7bc0c70f74234213
17:tabNuke	58	item.demon_core_closed	0	Closed Demon Core	render/b90bd7cc5bc4d8984df33f7bf3109a93
17:tabNuke	59	item.battery_spark	0	Spark Battery	render/1b7edf5de8563d92fd03aaed88b55fe2
17:tabNuke	60	item.battery_trixite	0	Off-Brand Spark Battery	render/92b10cb6efa1f67891e5efba81ed73a1
17:tabNuke	61	item.early_explosive_lenses	0	Array of First-Generation High-Explosive Lenses	render/04ca3b8c22383dc9fc2301ba42ec5b26
17:tabNuke	62	item.explosive_lenses	0	Array of High-Explosive Lenses	render/0a5c5911c38f510da8f4cf3ba72615fc
17:tabNuke	63	item.gadget_wireing	0	Wiring	render/0cb00b58c1a0becf97b083d5c5af9dd8
17:tabNuke	64	item.gadget_core	0	Large Plutonium Core	render/4f93ccc61a90fd6d77dd9a98c2db7707
17:tabNuke	65	item.boy_shielding	0	Neutron Shielding	render/72bcca0a6d0e3111cdfefc8155b2bfd8
17:tabNuke	66	item.boy_target	0	Subcritical U235 Target	render/6e5e24f10f57ebb9b5be0a5d18cfeda6
17:tabNuke	67	item.boy_bullet	0	U235 Projectile	render/f58432e666b07aaf3dc5f519409eb2e3
17:tabNuke	68	item.boy_propellant	0	Propellant	render/4a960a96880c1b1317e7e61dee70f991
17:tabNuke	69	item.boy_igniter	0	Bomb Igniter	render/54099ef340eb7a84fe376f6661b4c561
17:tabNuke	70	item.man_igniter	0	Bomb Firing Unit	render/1a975d40978406453393960c391f866b
17:tabNuke	71	item.man_core	0	Plutonium Core	render/3cd0a6e27beb0882831a9882b1a5d2cf
17:tabNuke	72	item.mike_core	0	Uranium Coated Deuterium Tank	render/2d5c75f6db740e78978ad21174b8c2ff
17:tabNuke	73	item.mike_deut	0	Deuterium Tank	render/77f34ef78435624bf9f0061783f2e740
17:tabNuke	74	item.mike_cooling_unit	0	Deuterium Cooling Unit	render/dcb18af6bd4a68b650ccfdd2c3ae9f1f
17:tabNuke	75	item.tsar_core	0	Tsar Bomba Core	render/3e0ab54ebd309ce03f0a5ca8bc21a8e1
17:tabNuke	76	item.fleija_igniter	0	Pulse Igniter	render/4ce33d986795293fd9f3d1a51dfd854b
17:tabNuke	77	item.fleija_propellant	0	Schrabidium Propellant	render/c62af9e802b6e5a41008ee4c0a3eb4bd
17:tabNuke	78	item.fleija_core	0	F.L.E.I.J.A. Uranium 235 Charge	render/857ecd9518690c137b69c0e35d953521
17:tabNuke	79	item.solinium_igniter	0	SOL Pulse Igniter	render/3f84faa91ef43dcb81c732bee42336a4
17:tabNuke	80	item.solinium_propellant	0	SOL Compression Charge	render/46ea885ecc7874174df1cefd1932cbec
17:tabNuke	81	item.solinium_core	0	Semi-Stable Solinium Core	render/dcacb5f2c7fa58b8ed53ab791e6462ab
17:tabNuke	82	item.n2_charge	0	Large Explosive Charge	render/d21dfc36301f564506fe58d26ad3540a
17:tabNuke	83	item.egg_balefire_shard	0	Balefire Shard	render/f2161609c36267216d392940f666982b
17:tabNuke	84	item.egg_balefire	0	Balefire Egg	render/58871f0a3c3d8f191245ea6571aa6a58
17:tabNuke	85	item.custom_tnt	0	Custom Nuke Explosive Charge	render/96a31598459e583094c5635ecd8332cf
17:tabNuke	86	item.custom_nuke	0	Custom Nuke Nuclear Rod	render/cf17ffe63e4a5d82d2f73603c8fef79e
17:tabNuke	87	item.custom_hydro	0	Custom Nuke Hydrogen Rod	render/a2f07787e2792df59ccfa1974364fa8d
17:tabNuke	88	item.custom_amat	0	Custom Nuke Antimatter Rod	render/5701c53de8526af4e4e0e379727be54f
17:tabNuke	89	item.custom_dirty	0	Custom Nuke Dirty Rod	render/b83eda994c9e7b9d26178dd4bc42ff32
17:tabNuke	90	item.custom_schrab	0	Custom Nuke Schrabidium Rod	render/5b3e1d819a758e205c3d5ad6052fcdc1
17:tabNuke	91	item.custom_fall	0	Custom Nuke Drop Upgrade	render/0c017c97d83ffff34c058b943f33bc7e
17:tabNuke	92	item.igniter	0	Igniter	render/33954e78379821cd9eb46f6ae17edaeb
17:tabNuke	93	item.detonator	0	Detonator	render/11d70cc0d1a15aa2765e8fcef29ae9f9
17:tabNuke	94	item.detonator_multi	0	Multi Detonator	render/224c0206da76a67d07ba6d459132abcb
17:tabNuke	95	item.detonator_laser	0	Laser Detonator	render/3409f3e931a9c24b3bed5cdb10b3b7e6__weapons_detonator_laser__weapons_detonator_laser__lights__main
17:tabNuke	96	item.detonator_deadman	0	Dead Man's Detonator	render/4e7c5af8c69df4991f4e42ffc6cbcc87
17:tabNuke	97	item.detonator_de	0	Dead Man's Explosive	render/46e45ec41b83d3bba563f96cf32bb794
17:tabNuke	98	item.defuser	0	High-Tech Bomb Defusing Device	render/bc0a6c934df360ecb0df818cba12d61d
17:tabNuke	99	item.gadget_kit	0	The Gadget Kit	render/8f9709fb624650603bee8964dd009bfb
17:tabNuke	100	item.boy_kit	0	Little Boy Kit	render/7bb1cf2835d8c84c19d20306928f96e5
17:tabNuke	101	item.man_kit	0	Fat Man Kit	render/a3fb61db5c0a1456181b8e947e92539e
17:tabNuke	102	item.mike_kit	0	Ivy Mike Kit	render/30d7a405dd67d43490ea9cf93c55b9b1
17:tabNuke	103	item.tsar_kit	0	Tsar Bomba Kit	render/f5ea7221b8f1c2717c6409a3e0ad5fcd
17:tabNuke	104	item.prototype_kit	0	Prototype Kit	render/031f40d5ebf4c7bfb58d946b81c8dad9
17:tabNuke	105	item.fleija_kit	0	F.L.E.I.J.A. Kit	render/ac127db15fa794d307318f70e525dd76
17:tabNuke	106	item.solinium_kit	0	Solinium Kit	render/72c04ddf2e8bf2d7a973e31e8f1253fe
17:tabNuke	107	item.multi_kit	0	Multi Purpose Bomb Kit	render/32fc3719e45220fdcded89d8b2065610
17:tabNuke	108	item.custom_kit	0	Custom Nuke Kit	render/9e88d38361e1cb1c010e60f6794a8ed9
18:tabMissile	0	tile.machine_satlinker	0	Satellite ID Manager	render/71fe77e3e03887b631358f00ff0d5472
18:tabMissile	1	tile.machine_satlink	0	Satellite Ground Station	render/5af8ca42e924072108f00454d434ee14__machines_satlink__machines_satlink__base__dish__rotor
18:tabMissile	2	tile.machine_forcefield	0	Forcefield Emitter	render/babfc8ff16b47efca9c25e34e3b7c4ae__composite_eb3b841e2977e1c8b64f
18:tabMissile	3	tile.struct_launcher	0	Launch Pad Component Block	render/e449240e2eb5fb096317f2daceb3a5e3
18:tabMissile	4	tile.struct_scaffold	0	Launch Pad Scaffold Block	render/30a23bc53d375fb06ea361bed9e31446
18:tabMissile	5	tile.struct_launcher_core	0	Compact Launcher Core Component	render/2124e2cc721e81e58ecb2f166c8b78ed
18:tabMissile	6	tile.struct_launcher_core_large	0	Launch Table Core Component	render/b4616f4dde58581c7ce219c6392bbacf
18:tabMissile	7	tile.struct_soyuz_core	0	Soyuz Launcher Core Component	render/4b81918893675b55788659d8ec0e218b
18:tabMissile	8	tile.machine_missile_assembly	0	Missile Assembly Station	render/78286c57263e1f3fb25f5b96d8d210e7__missile_assembly__missile_assembly
18:tabMissile	9	tile.launch_pad	0	Silo Launch Pad	render/ccc9b71cac77207b8ade5ffda7a843b5__weapons_launch_pad_silo__launchpad_silo
18:tabMissile	10	tile.launch_pad_rusted	0	Old Launch Pad	render/1c6ca473bc1800a42ebe03b51367e9f1__weapons_launch_pad_silo__launchpad_silo_rusted
18:tabMissile	11	tile.launch_pad_large	0	Launch Pad	render/837614a85fb4c121aee730115291c003__composite_d0c557635ca6c1d11b1e
18:tabMissile	12	tile.compact_launcher	0	Compact Launch Pad	render/3b49b251e6db87f03b3a7f7bd7347372__compact_launcher__compact_launcher
18:tabMissile	13	tile.launch_table	0	Large Launch Pad	render/d315ac37d0d70e92c18571d97a0319c9__composite_3c06d5331063083d2f81
18:tabMissile	14	tile.soyuz_launcher	0	Soyuz Launch Platform	render/78fe26a945b0c4a0904e98a2bf364e5b
18:tabMissile	15	tile.sat_dock	0	Cargo Landing Pad	render/9658c898b682d6e82b876fe9f048562d__sat_dock__sat_dock
18:tabMissile	16	tile.soyuz_capsule	0	Cargo Landing Capsule	render/bd9e559d0321c4c759613191def74621__soyuz_lander__soyuz_capsule_soyuz_lander__capsule
18:tabMissile	17	tile.crate_supply	0	Supply Crate	render/449e899f6432e0931c42713c90f24139
18:tabMissile	18	tile.machine_radar	0	Radar	render/420f732b52c6f56a39ea687084d23fbb__composite_f5abf456fbc5be70c0c8
18:tabMissile	19	tile.machine_radar_large	0	Large Radar	render/571268d4408ab31666fba7518e15a890__machines_radar_large__machines_radar_large__dish__radar
18:tabMissile	20	tile.radar_screen	0	Radar Screen	render/e44066c3e9c95cadd1bee444d9c9ced0__machines_radar_screen__machines_radar_screen
18:tabMissile	21	item.rangefinder	0	Rangefinder	render/bc42bc9cdecb8a5b969194ac36d3e0f4
18:tabMissile	22	item.designator	0	Short Range Target Designator	render/4284b72f738848a53cecdbbc92ba1d55
18:tabMissile	23	item.designator_range	0	Long Range Target Designator	render/bd1062d3eb13dc0c5284605a0ed10381
18:tabMissile	24	item.designator_manual	0	Manual Target Designator	render/986e47fb7d93b123252ee2ca6fc20199
18:tabMissile	25	item.designator_arty_range	0	Long Range Artillery Remote	render/5274857bf840a3c38a0777de18fe7bc5
18:tabMissile	26	item.missile_taint	0	Taint-Tipped Missile	render/422d3b73cc333d00e4054a17f7a2a73e__missile_micro__missile_missile_micro_taint
18:tabMissile	27	item.missile_micro	0	Micro-Nuclear Missile	render/38e414b3e285905eb183e8cafa47fb20__missile_micro__missile_missile_micro
18:tabMissile	28	item.missile_bhole	0	Black Hole Missile	render/7a5bf7822f3767f0b6d6569c631cde11__missile_micro__missile_missile_micro_bhole
18:tabMissile	29	item.missile_schrabidium	0	Schrabidium Missile	render/c43d2b6fbc28c0b026dc4af831fd2fd1__missile_micro__missile_missile_micro_schrab
18:tabMissile	30	item.missile_emp	0	EMP Missile	render/897bdbe05e975dd3b9f5be1fb4dd36a8__missile_micro__missile_missile_micro_emp
18:tabMissile	31	item.missile_generic	0	High Explosive Missile	render/d03320ba35fed6ae1096a8b350048301__missile_v2__missile_missile_v2
18:tabMissile	32	item.missile_decoy	0	Decoy Missile	render/151225ddda139c9f31dcc96c89940bed__missile_v2__missile_missile_v2_decoy
18:tabMissile	33	item.missile_incendiary	0	Incendiary Missile	render/4900f3f3b5fef4e2edbbb3baa8e685e2__missile_v2__missile_missile_v2_inc
18:tabMissile	34	item.missile_cluster	0	Cluster Missile	render/edf0513bfa440778221ea850d52d66ce__missile_v2__missile_missile_v2_cl
18:tabMissile	35	item.missile_buster	0	Bunker Buster	render/39f0cc22abcc0aa68aee5b7e3d2f5aaf__missile_v2__missile_missile_v2_bu
18:tabMissile	36	item.missile_stealth	0	Stealth Missile	render/f1aaf935579d8cdff6c849ffa06fc6b7__missile_stealth__missile_missile_stealth
18:tabMissile	37	item.missile_anti_ballistic	0	Anti-Ballistic Missile	render/bfdecc4313475a15ce0af2fc8e5ce13e__missile_abm__missile_missile_abm
18:tabMissile	38	item.missile_strong	0	Strong HE Missile	render/0e369ccdded2e028fdae7d9fd5ecabbd__missile_strong__missile_missile_strong
18:tabMissile	39	item.missile_incendiary_strong	0	Strong Incendiary Missile	render/1a780214dff1d505225fbf92300d3623__missile_strong__missile_missile_strong_inc
18:tabMissile	40	item.missile_cluster_strong	0	Strong Cluster Missile	render/c4263d91d37baa4cdfeaef57cef4da33__missile_strong__missile_missile_strong_cl
18:tabMissile	41	item.missile_buster_strong	0	Enhanced Bunker Buster	render/b51c33b940e2c51f5b3e864b9432a523__missile_strong__missile_missile_strong_bu
18:tabMissile	42	item.missile_emp_strong	0	Strong EMP Missile	render/fec7a38cbf33b078555798d715e41e94__missile_strong__missile_missile_strong_emp
18:tabMissile	43	item.missile_burst	0	Spare Missile	render/55ade0e2f3bfef71b4d5f3b5ebb7655b__missile_huge__missile_missile_huge
18:tabMissile	44	item.missile_inferno	0	Inferno Missile G.R.N. Mk.II	render/d9869737ef5a64a3d09b7dfe07ab36b9__missile_huge__missile_missile_huge_inc
18:tabMissile	45	item.missile_rain	0	Bomblet Rain	render/fd41924c2eade9e6eb34b7c21c332d17__missile_huge__missile_missile_huge_cl
18:tabMissile	46	item.missile_drill	0	The Concrete Cracker	render/701ac7d9a72e474bff8d911a6bf60199__missile_huge__missile_missile_huge_bu
18:tabMissile	47	item.missile_shuttle	0	Reliant Robin Space Shuttle	render/28fc7053197c920d87c8bb49d434525f__missileshuttle__missile_missile_shuttle
18:tabMissile	48	item.missile_nuclear	0	Nuclear Missile	render/80e25476200844043514489e912cc591__missile_atlas__missile_missile_atlas_nuclear
18:tabMissile	49	item.missile_nuclear_cluster	0	Thermonuclear Missile	render/3f0de1f8e79bb3c48fe18645a12a6b5a__missile_atlas__missile_missile_atlas_thermo
18:tabMissile	50	item.missile_volcano	0	Tectonic Missile	render/1eb2ac44e3979f0fccff69cd62a0fc24__missile_atlas__missile_missile_atlas_tectonic
18:tabMissile	51	item.missile_doomsday	0	Doomsday Missile	render/2bb0b6216f71ba906e92199ac5697e45__missile_atlas__missile_missile_atlas_doomsday
18:tabMissile	52	item.missile_doomsday_rusted	0	Damaged Doomsday Missile	render/939ff1b5e7def925ffae7609a035e277__missile_atlas__missile_missile_atlas_doomsday_weathered
18:tabMissile	53	item.missile_soyuz	0	Soyuz-FG	render/8725ea4c5d44ed5507970dd0ed3603b7
18:tabMissile	54	item.missile_soyuz	1	Soyuz-FG	render/799e18590759a9184ad7c01433d388cc
18:tabMissile	55	item.missile_soyuz	2	Soyuz-FG	render/f80ed9130dad4561c0f2c2c0b0043386
18:tabMissile	56	item.missile_soyuz_lander	0	Orbital Module	render/af59f0886b3117319a5c046781fb7fcd
18:tabMissile	57	item.mp_thruster_10_kerosene	0	Size 10 Liquid Fuel Thruster	render/3eb3b9dd252bc85973e870690c0bc2b7__missile_parts_mp_t_10_kerosene__missile_parts_thrusters_mp_t_10_kerosene
18:tabMissile	58	item.mp_thruster_10_solid	0	Size 10 Solid Fuel Thruster	render/f6aecf80ba43af04178375db8d4e2b36__missile_parts_mp_t_10_solid__missile_parts_thrusters_mp_t_10_solid
18:tabMissile	59	item.mp_thruster_10_xenon	0	Size 10 Ion Thruster	render/150b9aa7b445450539ddd9fcef47efd5__missile_parts_mp_t_10_xenon__missile_parts_thrusters_mp_t_10_xenon
18:tabMissile	60	item.mp_thruster_15_kerosene	0	Size 15 Liquid Fuel Thruster	render/6cb8e49af9359a488541b110fa919a3e__missile_parts_mp_t_15_kerosene__missile_parts_thrusters_mp_t_15_kerosene
18:tabMissile	61	item.mp_thruster_15_kerosene_dual	0	Size 15 Liquid Fuel Twin Thrusters	render/88087e03c6442ef1202a3785b00ef997__missile_parts_mp_t_15_kerosene_dual__missile_parts_thrusters_mp_t_15_kerosene_dual
18:tabMissile	62	item.mp_thruster_15_kerosene_triple	0	Size 15 Liquid Fuel Triple Thrusters	render/6e71ea6870ff141f9e83b99201922a84__missile_parts_mp_t_15_kerosene_triple__missile_parts_thrusters_mp_t_15_kerosene_dual
18:tabMissile	63	item.mp_thruster_15_solid	0	Size 15 Solid Fuel Thruster	render/d495a4d731a713d2ee6dd62f6800eaca__missile_parts_mp_t_15_solid__missile_parts_thrusters_mp_t_15_solid
18:tabMissile	64	item.mp_thruster_15_solid_hexdecuple	0	Size 15 Solid Fuel Hexdecuple Thrusters	render/0afbe5274c28b91b292f8d766e89b800__missile_parts_mp_t_15_solid_hexdecuple__missile_parts_thrusters_mp_t_15_solid_hexdecuple
18:tabMissile	65	item.mp_thruster_15_hydrogen	0	Size 15 Hydrogen Thruster	render/bd31deb5646d3f2fd9f42d12a286b14f__missile_parts_mp_t_15_kerosene__missile_parts_thrusters_mp_t_15_hydrogen
18:tabMissile	66	item.mp_thruster_15_hydrogen_dual	0	Size 15 Hydrogen Twin Thrusters	render/c8cda628e8dd0d3b7dd6ecaf815078de__missile_parts_mp_t_15_kerosene_dual__missile_parts_thrusters_mp_t_15_hydrogen_dual
18:tabMissile	67	item.mp_thruster_15_balefire_short	0	Size 15 BF Thruster with Nuclear Preheater (Shortened)	render/ca13b8d0b4dce584c2bf06bdd275feae__missile_parts_mp_t_15_balefire_short__missile_parts_thrusters_mp_t_15_balefire_short
18:tabMissile	68	item.mp_thruster_15_balefire	0	Size 15 BF Thruster with Nuclear Preheater	render/1788bea261cf886366e42aa1aa6d1666__missile_parts_mp_t_15_balefire__missile_parts_thrusters_mp_t_15_balefire
18:tabMissile	69	item.mp_thruster_15_balefire_large	0	Size 15 BF Thruster with Nuclear Preheater (Heavy Duty Nozzle)	render/ad373015b1d7d2b6885e36d40cf5cc63__missile_parts_mp_t_15_balefire_large__missile_parts_thrusters_mp_t_15_balefire_large
18:tabMissile	70	item.mp_thruster_15_balefire_large_rad	0	Size 15 BF Thruster with Nuclear Preheater (Heavy Duty Nozzle)	render/6530095ba46cfcb34d66851e923c6bc4__missile_parts_mp_t_15_balefire_large__missile_parts_thrusters_mp_t_15_balefire_large_rad
18:tabMissile	71	item.mp_thruster_20_kerosene	0	Size 20 Liquid Fuel Thruster	render/388553aa941601cb775932f1048b6097__missile_parts_mp_t_20_kerosene__missile_parts_thrusters_mp_t_20_kerosene
18:tabMissile	72	item.mp_thruster_20_kerosene_dual	0	Size 20 Liquid Fuel Twin Thrusters	render/73420a98ac2ac001f5ae25ba9866c055__missile_parts_mp_t_20_kerosene_dual__missile_parts_thrusters_mp_t_20_kerosene_dual
18:tabMissile	73	item.mp_thruster_20_kerosene_triple	0	Size 20 Liquid Fuel Triple Thrusters	render/0be1caf369ebff426e2f1a8390d4c2b8__missile_parts_mp_t_20_kerosene_triple__missile_parts_thrusters_mp_t_20_kerosene_dual
18:tabMissile	74	item.mp_thruster_20_solid	0	Size 20 Solid Fuel Thruster	render/0c7f9881337fd80c1649f6758d0cd011__missile_parts_mp_t_20_solid__missile_parts_thrusters_mp_t_20_solid
18:tabMissile	75	item.mp_thruster_20_solid_multi	0	Size 20 Solid Fuel 30-Fold Thrusters	render/808848670ee12ddb93647e5705740fd7__missile_parts_mp_t_20_solid_multi__missile_parts_thrusters_mp_t_20_solid_multi
18:tabMissile	76	item.mp_thruster_20_solid_multier	0	Size 20 Solid Fuel 47-Fold Thrusters	render/6f00fa594fb6fb4f5957700e84026170__missile_parts_mp_t_20_solid_multi__missile_parts_thrusters_mp_t_20_solid_multier
18:tabMissile	77	item.mp_stability_10_flat	0	Size 10 Flat Fins	render/7cb48bb00bbc429f66aad965dcfba532__missile_parts_mp_s_10_flat__missile_parts_stability_mp_s_10_flat
18:tabMissile	78	item.mp_stability_10_cruise	0	Size 10 Cruise Fins	render/753a101d2e4adb5955e23609113460d3__missile_parts_mp_s_10_cruise__missile_parts_stability_mp_s_10_cruise
18:tabMissile	79	item.mp_stability_10_space	0	Size 10 Space Fins	render/90721ef28f1bc440330c210955d7db88__missile_parts_mp_s_10_space__missile_parts_stability_mp_s_10_space
18:tabMissile	80	item.mp_stability_15_flat	0	Size 15 Flat Fins	render/a16892cf68b66bc436cadf40f10fb094__missile_parts_mp_s_15_flat__missile_parts_stability_mp_s_15_flat
18:tabMissile	81	item.mp_stability_15_thin	0	Size 15 Thin Fins	render/dd326643d7724bed7957ecc5c134a624__missile_parts_mp_s_15_thin__missile_parts_stability_mp_s_15_thin
18:tabMissile	82	item.mp_stability_15_soyuz	0	Size 15 Pointy Fins	render/27eef25547dd56ff5241089058f53c86__missile_parts_mp_s_15_soyuz__missile_parts_stability_mp_s_15_soyuz
18:tabMissile	83	item.mp_s_20	0	item.mp_s_20.name	render/d58b1d766085197a69d41630d207dbe4__missile_parts_mp_s_20__thegadget3_
18:tabMissile	84	item.mp_fuselage_10_kerosene	0	Size 10 Kerosene Fuselage	render/7dfeca44ad75189f393150675b30c6dd__missile_parts_mp_f_10_kerosene__missile_parts_fuselages_mp_f_10_kerosene
18:tabMissile	85	item.mp_fuselage_10_kerosene_camo	0	Size 10 Kerosene Fuselage	render/5d33e42aa306f1be2fcc3a5666605876__missile_parts_mp_f_10_kerosene__missile_parts_fuselages_mp_f_10_kerosene_camo
18:tabMissile	86	item.mp_fuselage_10_kerosene_desert	0	Size 10 Kerosene Fuselage	render/661f52d48eb0aaf9e28ef99b90fb9671__missile_parts_mp_f_10_kerosene__missile_parts_fuselages_mp_f_10_kerosene_desert
18:tabMissile	87	item.mp_fuselage_10_kerosene_sky	0	Size 10 Kerosene Fuselage	render/c530dd23d3b120303cd2c25b3162c1e2__missile_parts_mp_f_10_kerosene__missile_parts_fuselages_mp_f_10_kerosene_sky
18:tabMissile	88	item.mp_fuselage_10_kerosene_flames	0	Size 10 Kerosene Fuselage	render/eb79e787c5c22d0804f8f719c99f8e0d__missile_parts_mp_f_10_kerosene__missile_parts_fuselages_mp_f_10_kerosene_flames
18:tabMissile	89	item.mp_fuselage_10_kerosene_insulation	0	Size 10 Kerosene Fuselage	render/c2887551988df1844e009e4a52038085__missile_parts_mp_f_10_kerosene__missile_parts_fuselages_mp_f_10_kerosene_insulation
18:tabMissile	90	item.mp_fuselage_10_kerosene_sleek	0	Size 10 Kerosene Fuselage	render/8ecc7360ad382aab5e692f579597b4d1__missile_parts_mp_f_10_kerosene__missile_parts_fuselages_mp_f_10_kerosene_sleek
18:tabMissile	91	item.mp_fuselage_10_kerosene_metal	0	Size 10 Kerosene Fuselage	render/f5c6cb65f0a637159287de4c4fe27586__missile_parts_mp_f_10_kerosene__missile_parts_fuselages_mp_f_10_kerosene_metal
18:tabMissile	92	item.mp_fuselage_10_kerosene_taint	0	Size 10 Kerosene Fuselage	render/0915f82436cc30a55629f6666272d759__missile_parts_mp_f_10_kerosene__missile_parts_fuselages_contest_mp_f_10_kerosene_taint
18:tabMissile	93	item.mp_fuselage_10_solid	0	Size 10 Solid Fuel Fuselage	render/85098b7146a3ba61588460f630a24e2a__missile_parts_mp_f_10_kerosene__missile_parts_fuselages_mp_f_10_solid
18:tabMissile	94	item.mp_fuselage_10_solid_flames	0	Size 10 Solid Fuel Fuselage	render/e3a8dfde47aceb43b698880d92279c04__missile_parts_mp_f_10_kerosene__missile_parts_fuselages_mp_f_10_solid_flames
18:tabMissile	95	item.mp_fuselage_10_solid_insulation	0	Size 10 Solid Fuel Fuselage	render/0e88480093187a22561ec874236ad253__missile_parts_mp_f_10_kerosene__missile_parts_fuselages_mp_f_10_solid_insulation
18:tabMissile	96	item.mp_fuselage_10_solid_sleek	0	Size 10 Solid Fuel Fuselage	render/a9de5702a300ba3a598146d9eab55c36__missile_parts_mp_f_10_kerosene__missile_parts_fuselages_mp_f_10_solid_sleek
18:tabMissile	97	item.mp_fuselage_10_solid_soviet_glory	0	Size 10 Solid Fuel Fuselage	render/4e4409dcdaffde8c7e73c62dad908dd4__missile_parts_mp_f_10_kerosene__missile_parts_fuselages_mp_f_10_solid_soviet_glory
18:tabMissile	98	item.mp_fuselage_10_solid_cathedral	0	Size 10 Solid Fuel Fuselage	render/b968235adca3f47c6f3c885284990905__missile_parts_mp_f_10_kerosene__missile_parts_fuselages_contest_mp_f_10_solid_cathedral
18:tabMissile	99	item.mp_fuselage_10_solid_moonlit	0	Size 10 Solid Fuel Fuselage	render/59dd1a83e0cce1611814d20a35fd6254__missile_parts_mp_f_10_kerosene__missile_parts_fuselages_contest_mp_f_10_solid_moonlit
18:tabMissile	100	item.mp_fuselage_10_solid_battery	0	Size 10 Solid Fuel Fuselage	render/86708bfc98d5b066f0c281d0aa957155__missile_parts_mp_f_10_kerosene__missile_parts_fuselages_contest_mp_f_10_solid_battery
18:tabMissile	101	item.mp_fuselage_10_solid_duracell	0	Size 10 Solid Fuel Fuselage	render/440d4a20092401130791d378050758a3__missile_parts_mp_f_10_kerosene__missile_parts_fuselages_mp_f_10_solid_duracell
18:tabMissile	102	item.mp_fuselage_10_xenon	0	Size 10 Xenon Fuselage	render/564fc5cc950d6f97da0d7c613fc4c747__missile_parts_mp_f_10_kerosene__missile_parts_fuselages_mp_f_10_xenon
18:tabMissile	103	item.mp_fuselage_10_xenon_bhole	0	Size 10 Xenon Fuselage	render/ac7fe1a096684bdf705b005759b658bf__missile_parts_mp_f_10_kerosene__missile_parts_fuselages_contest_mp_f_10_xenon_bhole
18:tabMissile	104	item.mp_fuselage_10_long_kerosene	0	Size 10 Long Kerosene Fuselage	render/296ebf9cedbb03ef0edd9856ef443105__missile_parts_mp_f_10_long_kerosene__missile_parts_fuselages_mp_f_10_long_kerosene
18:tabMissile	105	item.mp_fuselage_10_long_kerosene_camo	0	Size 10 Long Kerosene Fuselage	render/572c5f871c308aaf0e2e11ba3f460eda__missile_parts_mp_f_10_long_kerosene__missile_parts_fuselages_mp_f_10_long_kerosene_camo
18:tabMissile	106	item.mp_fuselage_10_long_kerosene_desert	0	Size 10 Long Kerosene Fuselage	render/b91ae66a42f52e41f136e50e5fbc8106__missile_parts_mp_f_10_long_kerosene__missile_parts_fuselages_mp_f_10_long_kerosene_desert
18:tabMissile	107	item.mp_fuselage_10_long_kerosene_sky	0	Size 10 Long Kerosene Fuselage	render/3b0888b9efdd445a29064c8eb24e07aa__missile_parts_mp_f_10_long_kerosene__missile_parts_fuselages_mp_f_10_long_kerosene_sky
18:tabMissile	108	item.mp_fuselage_10_long_kerosene_flames	0	Size 10 Long Kerosene Fuselage	render/5f4eb96daaf57b40d9c5351334cf3b7e__missile_parts_mp_f_10_long_kerosene__missile_parts_fuselages_mp_f_10_long_kerosene_flames
18:tabMissile	109	item.mp_fuselage_10_long_kerosene_insulation	0	Size 10 Long Kerosene Fuselage	render/0450ce2686bf698388282591bc279db1__missile_parts_mp_f_10_long_kerosene__missile_parts_fuselages_mp_f_10_long_kerosene_insulation
18:tabMissile	110	item.mp_fuselage_10_long_kerosene_sleek	0	Size 10 Long Kerosene Fuselage	render/56bf9a136bfec63ef47b557732d4dd1c__missile_parts_mp_f_10_long_kerosene__missile_parts_fuselages_mp_f_10_long_kerosene_sleek
18:tabMissile	111	item.mp_fuselage_10_long_kerosene_metal	0	Size 10 Long Kerosene Fuselage	render/eb2a1fbd8224decc7669ef02c22baa1b__missile_parts_mp_f_10_long_kerosene__missile_parts_fuselages_mp_f_10_long_kerosene_metal
18:tabMissile	112	item.mp_fuselage_10_long_kerosene_taint	0	Size 10 Long Kerosene Fuselage	render/13be9ab646db9f02b07f221bd2131657__missile_parts_mp_f_10_long_kerosene__missile_parts_fuselages_contest_mp_f_10_long_kerosene_taint
18:tabMissile	113	item.mp_fuselage_10_long_kerosene_vap	0	Size 10 Long Kerosene Fuselage	render/75e6985fae0f7bfc5d00bb158d968e75__missile_parts_mp_f_10_long_kerosene__missile_parts_fuselages_contest_mp_f_10_long_kerosene_vap
18:tabMissile	114	item.mp_fuselage_10_long_solid	0	Size 10 Long Solid Fuel Fuselage	render/40c7cebcb312239ae664599b1755458d__missile_parts_mp_f_10_long_kerosene__missile_parts_fuselages_mp_f_10_long_solid
18:tabMissile	115	item.mp_fuselage_10_long_solid_flames	0	Size 10 Long Solid Fuel Fuselage	render/5c894637aaa3acedb8a3d48f0def2bf2__missile_parts_mp_f_10_long_kerosene__missile_parts_fuselages_mp_f_10_long_solid_flames
18:tabMissile	116	item.mp_fuselage_10_long_solid_insulation	0	Size 10 Long Solid Fuel Fuselage	render/361c9ced3aaceed16725fb90e51565bc__missile_parts_mp_f_10_long_kerosene__missile_parts_fuselages_mp_f_10_long_solid_insulation
18:tabMissile	117	item.mp_fuselage_10_long_solid_sleek	0	Size 10 Long Solid Fuel Fuselage	render/e6d110edc68ae4bb0099dde83239408f__missile_parts_mp_f_10_long_kerosene__missile_parts_fuselages_mp_f_10_long_solid_sleek
18:tabMissile	118	item.mp_fuselage_10_long_solid_soviet_glory	0	Size 10 Long Solid Fuselage	render/e427ba3ec029e961018646c72461e313__missile_parts_mp_f_10_long_kerosene__missile_parts_fuselages_mp_f_10_long_solid_soviet_glory
18:tabMissile	119	item.mp_fuselage_10_long_solid_bullet	0	Size 10 Long Solid Fuselage	render/3a4897177394b1b0b5bd9bd60b76dfce__missile_parts_mp_f_10_long_kerosene__missile_parts_fuselages_contest_mp_f_10_long_solid_bullet
18:tabMissile	120	item.mp_fuselage_10_long_solid_silvermoonlight	0	Size 10 Long Solid Fuselage	render/7da285d563a00b6d5c37b78b026cdba9__missile_parts_mp_f_10_long_kerosene__missile_parts_fuselages_contest_mp_f_10_long_solid_silvermoonlight
18:tabMissile	121	item.mp_fuselage_10_15_kerosene	0	Size 10/15 Kerosene Fuselage	render/7608c580e1add0aa718da3f0f2cda520__missile_parts_mp_f_10_15_kerosene__missile_parts_fuselages_mp_f_10_15_kerosene
18:tabMissile	122	item.mp_fuselage_10_15_solid	0	Size 10/15 Solid Fuel Fuselage	render/2faf26f9c1e2e0212d157ff7c7482f87__missile_parts_mp_f_10_15_kerosene__missile_parts_fuselages_mp_f_10_15_solid
18:tabMissile	123	item.mp_fuselage_10_15_hydrogen	0	Size 10/15 Hydrogen Fuselage	render/96d9f15d3f8194e1a6db21a7a6d3800f__missile_parts_mp_f_10_15_kerosene__missile_parts_fuselages_mp_f_10_15_hydrogen
18:tabMissile	124	item.mp_fuselage_10_15_balefire	0	Size 10/15 BF Fuselage	render/8f20af2b72a178ccf63b58bd0eaaeba7__missile_parts_mp_f_10_15_kerosene__missile_parts_fuselages_mp_f_10_15_balefire
18:tabMissile	125	item.mp_fuselage_15_kerosene	0	Size 15 Kerosene Fuselage	render/571edbdb83ba4d97a28d37fa8162ba0d__missile_parts_mp_f_15_kerosene__missile_parts_fuselages_mp_f_15_kerosene
18:tabMissile	126	item.mp_fuselage_15_kerosene_camo	0	Size 15 Kerosene Fuselage	render/8711e12f9d02af7cb2333774aa3515b5__missile_parts_mp_f_15_kerosene__missile_parts_fuselages_mp_f_15_kerosene_camo
18:tabMissile	127	item.mp_fuselage_15_kerosene_desert	0	Size 15 Kerosene Fuselage	render/e73744354fb68afa811c7a33ff229bed__missile_parts_mp_f_15_kerosene__missile_parts_fuselages_mp_f_15_kerosene_desert
18:tabMissile	128	item.mp_fuselage_15_kerosene_sky	0	Size 15 Kerosene Fuselage	render/f894f8b1b7522f71327ef4e967c9a797__missile_parts_mp_f_15_kerosene__missile_parts_fuselages_mp_f_15_kerosene_sky
18:tabMissile	129	item.mp_fuselage_15_kerosene_insulation	0	Size 15 Kerosene Fuselage	render/a1115e9d198ecb6e66bd5bb75d07842e__missile_parts_mp_f_15_kerosene__missile_parts_fuselages_mp_f_15_kerosene_insulation
18:tabMissile	130	item.mp_fuselage_15_kerosene_metal	0	Size 15 Kerosene Fuselage	render/531bf09a3758074567f0a1914b1d170e__missile_parts_mp_f_15_kerosene__missile_parts_fuselages_mp_f_15_kerosene_metal
18:tabMissile	131	item.mp_fuselage_15_kerosene_decorated	0	Size 15 Kerosene Fuselage	render/f7cdaf0d8696fc0e07035603e894d339__missile_parts_mp_f_15_kerosene__missile_parts_fuselages_mp_f_15_kerosene_decorated
18:tabMissile	132	item.mp_fuselage_15_kerosene_steampunk	0	Size 15 Kerosene Fuselage	render/bbc5903572886c98e4b853045d600a75__missile_parts_mp_f_15_kerosene__missile_parts_fuselages_mp_f_15_kerosene_steampunk
18:tabMissile	133	item.mp_fuselage_15_kerosene_polite	0	Size 15 Kerosene Fuselage	render/bbc5903572886c98e4b853045d600a75__missile_parts_mp_f_15_kerosene__missile_parts_fuselages_mp_f_15_kerosene_polite
18:tabMissile	134	item.mp_fuselage_15_kerosene_blackjack	0	Size 15 Kerosene Fuselage	render/751288efc8388f71848a80e942f35864__missile_parts_mp_f_15_kerosene__missile_parts_fuselages_base_mp_f_15_kerosene_blackjack
18:tabMissile	135	item.mp_fuselage_15_kerosene_lambda	0	Size 15 Kerosene Fuselage	render/1915c7f770462224d3d9fa14588f0c5a__missile_parts_mp_f_15_kerosene__missile_parts_fuselages_contest_mp_f_15_kerosene_lambda
18:tabMissile	136	item.mp_fuselage_15_kerosene_minuteman	0	Size 15 Kerosene Fuselage	render/2123bd019f4d4cbdfba1bb1bfca4d542__missile_parts_mp_f_15_kerosene__missile_parts_fuselages_contest_mp_f_15_kerosene_minuteman
18:tabMissile	137	item.mp_fuselage_15_kerosene_taint	0	Size 15 Kerosene Fuselage	render/d95daabbbf487a229df529b6b6beeeb8__missile_parts_mp_f_15_kerosene__missile_parts_fuselages_contest_mp_f_15_kerosene_taint
18:tabMissile	138	item.mp_fuselage_15_kerosene_yuck	0	Size 15 Kerosene Fuselage	render/d3c57bbe1912c0c5d9ca7846de1c291f__missile_parts_mp_f_15_kerosene__missile_parts_fuselages_mp_f_15_kerosene_yuck
18:tabMissile	139	item.mp_fuselage_15_solid	0	Size 15 Solid Fuel Fuselage	render/f88ecd8ea2dbc3af99201788a32c151a__missile_parts_mp_f_15_kerosene__missile_parts_fuselages_mp_f_15_solid
18:tabMissile	140	item.mp_fuselage_15_solid_insulation	0	Size 15 Solid Fuel Fuselage	render/1dd7f57b50ca13eee3b05cd99ab39e5d__missile_parts_mp_f_15_kerosene__missile_parts_fuselages_mp_f_15_solid_insulation
18:tabMissile	141	item.mp_fuselage_15_solid_desh	0	Size 15 Solid Fuel Fuselage	render/0c61cc58aa938788ba7f457fdb555b1e__missile_parts_mp_f_15_kerosene__missile_parts_fuselages_mp_f_15_solid_desh
18:tabMissile	142	item.mp_fuselage_15_solid_soviet_glory	0	Size 15 Solid Fuel Fuselage	render/a07bf57c32209767032ebe3a7b4d573b__missile_parts_mp_f_15_kerosene__missile_parts_fuselages_mp_f_15_solid_soviet_glory
18:tabMissile	143	item.mp_fuselage_15_solid_soviet_stank	0	Size 15 Solid Fuel Fuselage	render/a71553da63fbf462f413375ce81e88a0__missile_parts_mp_f_15_kerosene__missile_parts_fuselages_mp_f_15_solid_soviet_stank
18:tabMissile	144	item.mp_fuselage_15_solid_faust	0	Size 15 Solid Fuel Fuselage	render/8e85de6d1e317d0ed15e379f0959ca70__missile_parts_mp_f_15_kerosene__missile_parts_fuselages_contest_mp_f_15_solid_faust
18:tabMissile	145	item.mp_fuselage_15_solid_silvermoonlight	0	Size 15 Solid Fuel Fuselage	render/a1774728b4c8387b329a302014590d67__missile_parts_mp_f_15_kerosene__missile_parts_fuselages_contest_mp_f_15_solid_silvermoonlight
18:tabMissile	146	item.mp_fuselage_15_solid_snowy	0	Size 15 Solid Fuel Fuselage	render/7881cb22f44e2581696005f2cac9fb47__missile_parts_mp_f_15_kerosene__missile_parts_fuselages_contest_mp_f_15_solid_snowy
18:tabMissile	147	item.mp_fuselage_15_solid_panorama	0	Size 15 Solid Fuel Fuselage	render/04a5e54b3716a2388e709fb8d1088172__missile_parts_mp_f_15_kerosene__missile_parts_fuselages_mp_f_15_solid_panorama
18:tabMissile	148	item.mp_fuselage_15_solid_roses	0	Size 15 Solid Fuel Fuselage	render/6ec5e4327c754b6d385e9d93e40db65a__missile_parts_mp_f_15_kerosene__missile_parts_fuselages_mp_f_15_solid_roses
18:tabMissile	149	item.mp_fuselage_15_solid_mimi	0	Size 15 Solid Fuel Mimi-chan's Body	render/9d3773ef27fe235cb1c960585df2520c__missile_parts_mp_f_15_kerosene__missile_parts_fuselages_mp_f_15_solid_mimi
18:tabMissile	150	item.mp_fuselage_15_hydrogen	0	Size 15 Hydrogen Fuselage	render/235309a88fcb8e61a34fb0292c7f0315__missile_parts_mp_f_15_hydrogen__missile_parts_fuselages_mp_f_15_hydrogen
18:tabMissile	151	item.mp_fuselage_15_hydrogen_cathedral	0	Size 15 Hydrogen Fuselage	render/b417c1089c0e45177597f6d2b0e43796__missile_parts_mp_f_15_hydrogen__missile_parts_fuselages_contest_mp_f_15_hydrogen_cathedral
18:tabMissile	152	item.mp_fuselage_15_balefire	0	Size 15 BF Fuselage	render/c26779961ca30ea32c48d234d282a819__missile_parts_mp_f_15_hydrogen__missile_parts_fuselages_mp_f_15_balefire
18:tabMissile	153	item.mp_fuselage_15_20_kerosene	0	Size 15/20 Kerosene Fuselage	render/f19f0ee2f646f1de791c867641a2f5e1__missile_parts_mp_f_15_20_kerosene__missile_parts_fuselages_mp_f_15_20_kerosene
18:tabMissile	154	item.mp_fuselage_15_20_kerosene_magnusson	0	Size 15/20 Kerosene Fuselage	render/757beb4bec74994c954d520f2f5975db__missile_parts_mp_f_15_20_kerosene__missile_parts_fuselages_mp_f_15_20_kerosene_magnusson
18:tabMissile	155	item.mp_fuselage_15_20_solid	0	Size 15/20 Solid Fuel Fuselage	render/ec4c7349c7cf709ebe57bc3f4cdf7b83__missile_parts_mp_f_15_20_kerosene__missile_parts_fuselages_mp_f_15_20_solid
18:tabMissile	156	item.mp_warhead_10_he	0	Size 10 HE Warhead	render/e6b7bf9078a31fb1c3994232d498edb9__missile_parts_mp_w_10_he__missile_parts_warheads_mp_w_10_he
18:tabMissile	157	item.mp_warhead_10_incendiary	0	Size 10 Incendiary Warhead	render/5211829c64865f6d353377730d7d248a__missile_parts_mp_w_10_incendiary__missile_parts_warheads_mp_w_10_incendiary
18:tabMissile	158	item.mp_warhead_10_buster	0	Size 10 Bunker Buster Warhead	render/1cd3ac8c6117634ad625f134f4d1cbf6__missile_parts_mp_w_10_buster__missile_parts_warheads_mp_w_10_buster
18:tabMissile	159	item.mp_warhead_10_nuclear	0	Size 10 Micro Nuclear Warhead	render/e85116cb677da8de11390ed37dc0215a__missile_parts_mp_w_10_nuclear__missile_parts_warheads_mp_w_10_nuclear
18:tabMissile	160	item.mp_warhead_10_nuclear_large	0	Size 10 Nuclear Warhead	render/9c2d1e4ad578c8f7ea5fd163e1384a52__missile_parts_mp_w_10_nuclear_large__missile_parts_warheads_mp_w_10_nuclear_large
18:tabMissile	161	item.mp_warhead_10_taint	0	Size 10 Tainted Warhead	render/4e5c0c8ab2b78cdb510447f7938382df__missile_parts_mp_w_10_taint__missile_parts_warheads_mp_w_10_taint
18:tabMissile	162	item.mp_warhead_10_cloud	0	Size 10 Pink Cloud Warhead	render/f109972cebdbfa19cb96c597bf5ae0da__missile_parts_mp_w_10_taint__missile_parts_warheads_mp_w_10_cloud
18:tabMissile	163	item.mp_warhead_15_he	0	Size 15 HE Warhead	render/916db1ac46bde554d1551f021b483eaf__missile_parts_mp_w_15_he__missile_parts_warheads_mp_w_15_he
18:tabMissile	164	item.mp_warhead_15_incendiary	0	Size 15 Incendiary Warhead	render/ffa05f40477fef726e3f1bcebe826a27__missile_parts_mp_w_15_incendiary__missile_parts_warheads_mp_w_15_incendiary
18:tabMissile	165	item.mp_warhead_15_nuclear	0	Size 15 Nuclear Warhead	render/b43ed5b779cc811da72ecdddc7d4ee8a__missile_parts_mp_w_15_nuclear__missile_parts_warheads_mp_w_15_nuclear
18:tabMissile	166	item.mp_warhead_15_nuclear_shark	0	Size 15 Nuclear Warhead	render/f7f5bdc18e23140235d7de1ab910f47a__missile_parts_mp_w_15_nuclear__missile_parts_warheads_mp_w_15_nuclear_shark
18:tabMissile	167	item.mp_warhead_15_nuclear_mimi	0	Size 15 Mimi-chan's Head	render/81bb21cf81aa0578ce41a51c35c34635__missile_parts_mp_w_15_nuclear__missile_parts_warheads_mp_w_15_nuclear_mimi
18:tabMissile	168	item.mp_warhead_15_boxcar	0	Size 15 Boxcar?	render/a9c817a604054daeef43f7deeb45f7ef__missile_parts_mp_w_15_boxcar__boxcar
18:tabMissile	169	item.mp_warhead_15_n2	0	Size 15 N² Mine	render/df760f6d8f639ffd36f7adeb72344582__missile_parts_mp_w_15_n2__missile_parts_warheads_mp_w_15_n2
18:tabMissile	170	item.mp_warhead_15_balefire	0	Size 15 BF Warhead	render/7d5fa4d53209f779e5a80104db775cec__missile_parts_mp_w_15_balefire__missile_parts_warheads_mp_w_15_balefire
18:tabMissile	171	item.mp_warhead_15_turbine	0	Size 15 Jet Engine	render/42835b6bbaae35cb47b8fc1d3a92b8d5__missile_parts_mp_w_15_turbine__missile_parts_warheads_mp_w_15_turbine
18:tabMissile	172	item.mp_c_1	0	Tier 1 Missile Targeting Circuit	render/16d8bb843f726cc4a9335aee6472271e
18:tabMissile	173	item.mp_c_2	0	Tier 2 Missile Targeting Circuit	render/562585a373db14f7aa8d1755748327ed
18:tabMissile	174	item.mp_c_3	0	Tier 3 Missile Targeting Circuit	render/7bdc7a214522f8c4bacf70ed9974b819
18:tabMissile	175	item.mp_c_4	0	Tier 4 Missile Targeting Circuit	render/32cead6ed21f3e0f9a860f77744dbe32
18:tabMissile	176	item.mp_c_5	0	Tier 5 Missile Targeting Circuit	render/44f16444ca53356e24f410f79a512dc4
18:tabMissile	177	item.satellite	0	Spy Satellite	render/76554dddb4b668761d90d37c33b1a8e9
18:tabMissile	178	item.satellite	1	Depth Scanning Satellite	render/3ae4c684b82b117f8281743569e204c9
18:tabMissile	179	item.satellite	2	Radar Satellite	render/e18d74d5da572de167a5e1c153f788c0
18:tabMissile	180	item.satellite	3	Asteroid Mining Ship	render/73aa09725912074beb0c79ded43b8c62
18:tabMissile	181	item.satellite	4	Lunar Mining Ship	render/ae2d041b99132b415a2e21f7e0867983
18:tabMissile	182	item.satellite	5	Orbital Precision Laser	render/50a72bc85eee8f8b273f1b3ab5f10247
18:tabMissile	183	item.satellite	6	Orbital Death Ray	render/6ad9acc50da2e8bb8cc111d871ee695a
18:tabMissile	184	item.satellite	7	Xenium Resonator Satellite	render/c863da8b59689fbfe58d7e77418e4dc6
18:tabMissile	185	item.satellite	8	Relay Satellite	render/9d8faf22ed87004a8d8a1e0d2b93e408
18:tabMissile	186	item.satellite	9	Wideband Radio Emission Detector Satellite	render/b8f5058f6eb7f8ade949fc85616fb54e
18:tabMissile	187	item.satellite	10	Narrowband Emission Scanning Satellite	render/7d9d8f09bd954f04f7e493ca711f98e4
18:tabMissile	188	item.sat_gerald	0	Gerald The Construction Android	render/9f356ca72a93b3d56858bb374ea286c2
18:tabMissile	189	item.sat_chip	0	Satellite ID-Chip	render/c9983319c2fd9e025cfe80e538985f3b
18:tabMissile	190	item.sat_coord	0	Satellite Designator	render/0fd0d1d85873b04df7a9151700630078
18:tabMissile	191	item.sat_designator	0	Satellite Laser Designator	render/e37a75e0942b6cefe6a2f27a88d3b219
18:tabMissile	192	item.sat_relay	0	Satellite Radar Relay (LEGACY)	render/0aed255cabd84e6bdb55ebc05a2f4083
18:tabMissile	193	item.missile_kit	0	Missile Kit	render/56061f5cc1f5f7834e6d91b67ef0cbce
18:tabMissile	194	item.loot_10	0	Size 10 Missile Loot Crate	render/cd561d12b1e64409710109abf81569ed
18:tabMissile	195	item.loot_15	0	Size 15 Missile Loot Crate	render/e132b86073eb3fdbdf76524c294e0466
18:tabMissile	196	item.loot_misc	0	General Missile Loot Crate	render/b098e0eba6e5b06c7e1314ff5e3f2b52
18:tabMissile	197	item.missile_custom	0	§5Lil Bub	render/42012ef5ac11cb595d4b08293ff06699__composite_b40bdf6e0ee0790c952b
18:tabMissile	198	item.missile_custom	0	§5Long Boy	render/34eec33f009ea66d02eeb0f522937ba3__composite_0157fddbf3859fe54867
18:tabMissile	199	item.missile_custom	0	§5Uncle Kim	render/5a7b2e8b87fc99c5e550b4ff417f7b7f__composite_d19c1f33549b8e18a2b4
18:tabMissile	200	item.missile_custom	0	§aTrotty's Toy Rocket	render/6f447ced97ad3ff18d431767e3741c8c__composite_569d3dd4bb69755e8313
18:tabMissile	201	item.missile_custom	0	§5Stealthy Shark	render/1f2b20a8f1c9be41d017f9df50524739__composite_bf42c5089051f762dddf
18:tabMissile	202	item.missile_custom	0	§5Polite Lad	render/cf4fb21d5264362a6efc59cd3d4af481__composite_e47156be72d23b1de417
18:tabMissile	203	item.missile_custom	0	§5NERV's Leftover Missile	render/72d4932b2a799ab1de9996ed1182d238__composite_ee84716701b7e6c5fe52
18:tabMissile	204	item.missile_custom	0	§cAuntie Blackjack	render/5953b2de81ebc66d5dba629165be5b8d__composite_dbb5b1ac6e6f75343074
18:tabMissile	205	item.missile_custom	0	§aHightower Missile	render/1444065e693b03a0476c7851e4c0802c__composite_122c803efda2890a8361
19:tabWeapon	0	tile.turret_chekhov	0	Heavy Machine Gun Turret "Chekhov's Gun"	render/65626f9bdd4046c93c9a8a9f8b639712__composite_0604d1007124336ca51b
19:tabWeapon	1	tile.turret_friendly	0	Chaingun Turret "Mister Friendly"	render/3c4e866cd7be5feba4b8548d7e960be2__composite_fe3ec82703384bb73b01
19:tabWeapon	2	tile.turret_jeremy	0	Autocannon Turret "Jeremy"	render/f34fc1edceef7a2ec1fec637f8ba78da__composite_6ac5ebf269f54fb8f9e4
19:tabWeapon	3	tile.turret_tauon	0	XVL1456 Prototype Turret "Tauon"	render/035627f36f9f577f507774e96f475521__composite_f4067a7041c52adf6235
19:tabWeapon	4	tile.turret_richard	0	Rocket Launcher Turret "Richard"	render/da349a623a58f24e7c70719be78dc5d5__composite_460da93c5d0aad969d0d
19:tabWeapon	5	tile.turret_howard	0	Goalkeeper Twin Chaingun CIWS "Howard"	render/6dbb58ea5118baa41d2ccf0ec96c501e__composite_b99751fc56faf6e507e9
19:tabWeapon	6	tile.turret_howard_damaged	0	Goalkeeper Twin Chaingun CIWS "Methusalem"	render/01e764f096840ea16688cac33b4ab38b__composite_d5637ca4049d41fc0ad0
19:tabWeapon	7	tile.turret_maxwell	0	High-Energy MASER Turret "Maxwell"	render/c94024a5b87898dcb90da770def5bb72__composite_b46ab41de2e52298d6c0
19:tabWeapon	8	tile.turret_fritz	0	Heavy Flamethrower Turret "Fritz"	render/b6299343e840dc77f37dc8842578e1f1__composite_03cc5485a336b18af0cf
19:tabWeapon	9	tile.turret_arty	0	Artillery Turret "Greg"	render/97beace87df301e52e5fd933b4855b95__turrets_turret_arty__turrets_arty__barrel__base__cannon__carriage
19:tabWeapon	10	tile.turret_himars	0	Rocket Artillery Turret "Henry"	render/5b43fa0f6b53fdbd4c82802524aad15e__composite_7fdc721b1036aad05684
19:tabWeapon	11	tile.turret_sentry	0	Sentry Turret "Brown"	render/ff06ed46ad182c7197e4fd60f813c120__turrets_turret_sentry__turrets_sentry__barrell__barrelr__base__body__drum__pivot
19:tabWeapon	12	tile.turret_sentry_damaged	0	Sentry Turret "Edwin"	render/954d3e54b254b469e4ad3be629c191c6
19:tabWeapon	13	item.turret_chip	0	Turret AI-Chip	render/85a2dbde295c53a786b976e6b880719f
19:tabWeapon	14	item.gun_b92	0	§9B92 Energy Pistol§r	render/ff67b92a03f6fe942b317533029f384c
19:tabWeapon	15	item.crucible	0	Crucible	render/b5c017908d476db670eb49ee91689483__composite_41b4ef4ab95fc063f18b
19:tabWeapon	16	item.gun_pepperbox	0	Pepperbox	render/ced7f65cbd09444e8904425bf23e2b92__weapons_pepperbox__weapons_pepperbox__cylinder__grip__hammer__trigger
19:tabWeapon	17	item.gun_light_revolver	0	Break-Action Revolver	render/4ddb89b90b77f6be03e14a1d313f63ef__weapons_bio_revolver__weapons_bio_revolver
19:tabWeapon	18	item.gun_henry	0	Lever Action Rifle	render/818019d52b811a22f7681b25661551db__weapons_henry__weapons_henry
19:tabWeapon	19	item.gun_greasegun	0	Grease Gun	render/65793f9215be317c8d5903b0c56cb351__weapons_greasegun__weapons_greasegun
19:tabWeapon	20	item.gun_maresleg	0	Lever Action Shotgun	render/7c8723939ef6bf30966951585a7667a0__weapons_maresleg__weapons_maresleg__barrel__gun__lever__stock
19:tabWeapon	21	item.gun_flaregun	0	Flare Gun	render/fc1cbc0fa1c7be479ec464359709376a__weapons_flaregun__weapons_flaregun
19:tabWeapon	22	item.gun_heavy_revolver	0	Heavy Revolver	render/f5175f4523161baef7f47c97f76c0267__weapons_lilmac__weapons_heavy_revolver__bullets__casings__cylinder__gun__hammer__pivot
19:tabWeapon	23	item.gun_carbine	0	Carbine	render/dc99f4d010a841b1e21132cae6802662__weapons_carbine__weapons_huntsman__gun__ironsight__magazine__slide
19:tabWeapon	24	item.gun_am180	0	.22 Submachine Gun	render/da808b91385a559e5d43819ebc4621c0__weapons_am180__weapons_am180__bolt__gun__mag__magplate__trigger
19:tabWeapon	25	item.gun_liberator	0	Liberator	render/36575350d98aeb8bdf236458bb59b23e__weapons_liberator__weapons_liberator
19:tabWeapon	26	item.gun_congolake	0	Congo Lake	render/612c8b2c4d4da925bc1a9e5a16b46689__weapons_congolake__weapons_congolake
19:tabWeapon	27	item.gun_flamer	0	Flamethrower	render/c3e0785589048b1dfe5fd91887b75575__weapons_flamethrower__weapons_flamethrower__gauge__gun__tank
19:tabWeapon	28	item.gun_uzi	0	Uzi	render/5cec672f76be02ffc42c86c7b2d7ed73__weapons_uzi__weapons_uzi__gun__magazine__slide__stockback__stockfront
19:tabWeapon	29	item.gun_spas12	0	SPAS-12	render/b85c6d33919df29df48d5c5d3a6af713__weapons_spas-12__weapons_spas-12__mainbody__pumpgrip
19:tabWeapon	30	item.gun_panzerschreck	0	Panzerschreck	render/19a8ba72f92505365491a596723b36fb__weapons_panzerschreck__weapons_panzerschreck__shield__tube
19:tabWeapon	31	item.gun_star_f	0	Target Pistol	render/58cd0c5a200cdd851df2ecb2ce9f82a9__weapons_star_f__weapons_star_f__gun__hammer__mag__slide
19:tabWeapon	32	item.gun_g3	0	Assault Rifle	render/ca73162b8206733823c4b1241a274ce9__weapons_g3__weapons_g3__flash_hider__guide_and_bolt__handle__magazine__rifle__selector__stock__trigger
19:tabWeapon	33	item.gun_mk108	0	Grenade Machinegun	render/90464fef168a350b383667109a3318a1__weapons_mk108__weapons_mk108__barrel__belt__drum__grenade__gun__lid
19:tabWeapon	34	item.gun_chemthrower	0	Chemthrower	render/6da213eb02cacf7a21f8f73a56e5041f__weapons_chemthrower__weapons_chemthrower__gauge__gun__hose__nozzle
19:tabWeapon	35	item.gun_amat	0	Anti-Materiel Rifle	render/f74079accfb60027b27a243b664a1a83__weapons_amat__weapons_amat__bipodhingeleft__bipodhingeright__bipodleft__bipodright__bolt__gun__magazine__muzzlebrake__scope
19:tabWeapon	36	item.gun_m2	0	Ma Deuce	render/7e602718acd680850b9f0f27fac774a2__weapons_m2_browning__weapons_m2_browning
19:tabWeapon	37	item.gun_autoshotgun	0	Auto Shotgun	render/3d9693b1f6a754b5f70d4a653058edda__weapons_shredder__weapons_shredder
19:tabWeapon	38	item.gun_quadro	0	Quad Rocket Launcher	render/d1490190ecb795b2995d3797c06cb092__weapons_quadro__weapons_quadro__launcher
19:tabWeapon	39	item.gun_lag	0	Comically Long Pistol	render/0909d5585cd54716e66564307691261b__weapons_mike_hawk__weapons_lag__grip__hammer__slide
19:tabWeapon	40	item.gun_minigun	0	Minigun	render/07f20a81471ed85c7e5fb9509a16075d__weapons_minigun__weapons_minigun__barrels__grip__gun
19:tabWeapon	41	item.gun_missile_launcher	0	Missile Launcher	render/da819a3d5c225c744af4d1d344fd85e7__weapons_missile_launcher__weapons_missile_launcher__barrel__front__launcher
19:tabWeapon	42	item.gun_tesla_cannon	0	Tesla Cannon	render/ce25cd64ccc33704b4856e3dcf67625b__weapons_tesla_cannon__weapons_tesla_cannon__capacitor__cog__extension__gun
19:tabWeapon	43	item.gun_laser_pistol	0	Laser Pistol	render/84dd038811a93c0a81f16e8440907c67__weapons_laser_pistol__weapons_laser_pistol__gun__latch
19:tabWeapon	44	item.gun_stg77	0	StG 77	render/5c94f787eade75b5383dccff6c6a5b7b__weapons_stg77__weapons_stg77__barrel__breech__gun__handle__lever__magazine__safety
19:tabWeapon	45	item.gun_tau	0	Tau Cannon	render/ef67723835f3879df6eb9cebcb75b098__weapons_tau__weapons_tau
19:tabWeapon	46	item.gun_fatman	0	Fat Man	render/813d6c461f83d7918bbd26047951f62d__weapons_fatman__weapons_fatman__gauge__handle__launcher__lid__piston
19:tabWeapon	47	item.gun_lasrifle	0	Laser Rifle	render/2911630fa26d72c3deaae9a16561c889__weapons_lasrifle__weapons_lasrifle__barrel__battery__gun__lever__scope__stock
19:tabWeapon	48	item.gun_stinger	0	FIM-92 Stinger	render/8d3f3f721d871c4e36358f6aab142a20__weapons_stinger__weapons_stinger
19:tabWeapon	49	item.gun_coilgun	0	Coilgun	render/fd981ad373de857f4367869ae0a162b9__weapons_coilgun__weapons_coilgun
19:tabWeapon	50	item.gun_bolter	0	Bolter	render/88ceb4a6fa545d115a66431de0c2c28b__weapons_bolter__weapons_bolter
19:tabWeapon	51	item.gun_double_barrel	0	An Old Classic	render/7edd7889fa5a5c2745a87912bfdadadc__weapons_sacred_dragon__weapons_double_barrel__barrel__barrelshort__buckle__lever__shells__stock
19:tabWeapon	52	item.gun_n_i_4_n_i	0	N I 4 N I	render/f0c9b84060c52f3bca3ad15336458479__weapons_n_i_4_n_i__weapons_n_i_4_n_i__barrel__coin1__coin2__coin3__coin4__cylinder__cylinderhighlights__framedark__framelight__grip
19:tabWeapon	53	item.gun_fireext	0	Fire Extinguisher	render/12a8a89d9e310b0f24cd0fdec2d8640b__weapons_fireext__weapons_fireext_normal
19:tabWeapon	54	item.gun_charge_thrower	0	Charge Thrower	render/6c94475245094e40980c47e0e2fe0298__weapons_charge_thrower__weapons_charge_thrower__gun
19:tabWeapon	55	item.gun_drill	0	Powered Drill	render/167e0dc30ce381115d8b41cb8f110863__weapons_drill__weapons_drill
19:tabWeapon	56	item.gun_pa_melee	0	Power Armor - Melee Controller	render/b49bd5c3fb5a08557893ec6ca0e267e8__armor_ncrpa__crpa_arm__leftarm__rightarm
19:tabWeapon	57	item.gun_pa_ranged	0	Power Armor - Ranged Controller	render/d4b7f76eedc643bb992a93f170a11898
19:tabWeapon	58	item.ammo_standard	0	Ball and Powder	render/33cf56fa03a17edc9b40c8a15fad2019
19:tabWeapon	59	item.ammo_standard	1	Flint and Powder	render/2ac3911c7dd6351638e4f97249976960
19:tabWeapon	60	item.ammo_standard	2	Iron Ball and Powder	render/0e2d9cc43b8c475e0f2c4e6cbfcdec96
19:tabWeapon	61	item.ammo_standard	3	Shot and Powder	render/53f1bd3b7300ae3caa9cfba2b49f43a0
19:tabWeapon	62	item.ammo_standard	4	.357 Magnum Round (Black Powder)	render/9be2338315aa557eea8611190bb23b38
19:tabWeapon	63	item.ammo_standard	5	.357 Magnum Round (Soft Point)	render/6bc9b9558c901f0411fd5d6278416f9d
19:tabWeapon	64	item.ammo_standard	6	.357 Magnum Round (Full Metal Jacket)	render/7381a7eec37c59baff5b36bb0e9c35c1
19:tabWeapon	65	item.ammo_standard	7	.357 Magnum Round (Jacketed Hollow Point)	render/9f6285feb80ee73d253bcca8ee1c8239
19:tabWeapon	66	item.ammo_standard	8	.357 Magnum Round (Armor Piercing)	render/f0120d471f5bf7cd7b0b7f244972ce8a
19:tabWeapon	67	item.ammo_standard	9	.357 Magnum Round (FMJ Express)	render/61711d681bc9bdbdc3d6da795ae3c2c8
19:tabWeapon	68	item.ammo_standard	10	.44 Magnum Round (Black Powder)	render/ceb49428f0acc37a9166bc9af99fe020
19:tabWeapon	69	item.ammo_standard	11	.44 Magnum Round (Soft Point)	render/3f5f0e16492f042ba773e64ec57b1a16
19:tabWeapon	70	item.ammo_standard	12	.44 Magnum Round (Full Metal Jacket)	render/d5c1f2eada271881df9bc061e4c7880d
19:tabWeapon	71	item.ammo_standard	13	.44 Magnum Round (Jacketed Hollow Point)	render/46019a4b0c21e0f2fd7644c973db6198
19:tabWeapon	72	item.ammo_standard	14	.44 Magnum Round (Armor Piercing)	render/e511398ba862d759b65aec7c841a3361
19:tabWeapon	73	item.ammo_standard	15	.44 Magnum Round (FMJ Express)	render/982493e03380ad25bd6b3427a5820960
19:tabWeapon	74	item.ammo_standard	16	.22 LR Round (Soft Point)	render/1be8376e8d827fe8e770fd587cf9961e
19:tabWeapon	75	item.ammo_standard	17	.22 LR Round (Full Metal Jacket)	render/81bb2eacbc655a5ef9f50c4542d28fb1
19:tabWeapon	76	item.ammo_standard	18	.22 LR Round (Jacketed Hollow Point)	render/f4ee1d02510e209620b20db26cc101c5
19:tabWeapon	77	item.ammo_standard	19	.22 LR Round (Armor Piercing)	render/b9220be8e178ab4a7fd067fe04c63b5a
19:tabWeapon	78	item.ammo_standard	20	9mm Round (Soft Point)	render/7f5f33abd60121b2494f1c49157c5497
19:tabWeapon	79	item.ammo_standard	21	9mm Round (Full Metal Jacket)	render/089be5104eed6e83dcb4007f8c9298e0
19:tabWeapon	80	item.ammo_standard	22	9mm Round (Jacketed Hollow Point)	render/b47ae2ba58c8152a10ec8f098b86d178
19:tabWeapon	81	item.ammo_standard	23	9mm Round (Armor Piercing)	render/b61a7b8d6dd6fb1dc65bbd5bc224b2d0
19:tabWeapon	82	item.ammo_standard	85	.45 Round (Soft Point)	render/70e3cba8946d99aa75bbf5fcf851c80d
19:tabWeapon	83	item.ammo_standard	86	.45 Round (Full Metal Jacket)	render/b5a379ea9d4c6aead2d991d4409327df
19:tabWeapon	84	item.ammo_standard	87	.45 Round (Jacketed Hollow Point)	render/edad7ff71a14f1c17288b7480e07ce51
19:tabWeapon	85	item.ammo_standard	88	.45 Round (Armor Piercing)	render/19c12cf2350a5f87bf45c27de88f2b71
19:tabWeapon	86	item.ammo_standard	89	.45 Round (Depleted Uranium)	render/5cf62d95ce6cb5a05d6fab59a755086b
19:tabWeapon	87	item.ammo_standard	24	5.56mm Round (Soft Point)	render/5a68e5dc66b319be953d4a0ab66be1aa
19:tabWeapon	88	item.ammo_standard	25	5.56mm Round (Full Metal Jacket)	render/ec4f26a7a5cb036f027d20c879f6c6b9
19:tabWeapon	89	item.ammo_standard	26	5.56mm Round (Jacketed Hollow Point)	render/0879ffd705e22b4399f0facf60a581ef
19:tabWeapon	90	item.ammo_standard	27	5.56mm Round (Armor Piercing)	render/ee7e14f83011020dfa25875993f99259
19:tabWeapon	91	item.ammo_standard	28	7.62mm Round (Soft Point)	render/e1f3f62f12b44168fd60b65ab3e0680d
19:tabWeapon	92	item.ammo_standard	29	7.62mm Round (Full Metal Jacket)	render/9de9fec22eee409f3b4ffc2fd6fda43d
19:tabWeapon	93	item.ammo_standard	30	7.62mm Round (Jacketed Hollow Point)	render/f6c84a57a6f726aa3d424d1d7df97552
19:tabWeapon	94	item.ammo_standard	31	7.62mm Round (Armor Piercing)	render/d095ef8214f51ef0bca095e6f4ebdbee
19:tabWeapon	95	item.ammo_standard	32	7.62mm Round (Depleted Uranium)	render/23989562110c7ca5a3036ef42ed4e298
19:tabWeapon	96	item.ammo_standard	82	7.62mm Round (High-Explosive)	render/d963e08c4faa1a8ecd60950977830f8b
19:tabWeapon	97	item.ammo_standard	33	.50 BMG Round (Soft Point)	render/595a309429f25ceceb76730bf87107f2
19:tabWeapon	98	item.ammo_standard	34	.50 BMG Round (Full Metal Jacket)	render/900a7ca3135b20aafaa8edcff0650891
19:tabWeapon	99	item.ammo_standard	35	.50 BMG Round (Jacketed Hollow Point)	render/d78eb55d12d3f1d25b324038a3d428ee
19:tabWeapon	100	item.ammo_standard	36	.50 BMG Round (Armor Piercing)	render/3e56ac9db2d5c2f767fcbbc7f248d587
19:tabWeapon	101	item.ammo_standard	37	.50 BMG Round (Depleted Uranium)	render/908c1a7de9bba2b162f5bf7934b0763d
19:tabWeapon	102	item.ammo_standard	94	.50 BMG Round (Starmetal)	render/3189607294b184e697c49641e2573c36
19:tabWeapon	103	item.ammo_standard	83	.50 BMG Round (High-Explosive)	render/9e14652cd44db79e17395ba2745d0ccf
19:tabWeapon	104	item.ammo_standard	38	.75 Bolt	render/e54747a26ca0f1e5b9e51f4cdb092d03
19:tabWeapon	105	item.ammo_standard	39	.75 Bolt (Incendiary)	render/b2f4caea3a853e809116bdd49846ecb4
19:tabWeapon	106	item.ammo_standard	40	.75 Bolt (Explosive)	render/80e1e09bc6c8871c80fc20c0ff372874
19:tabWeapon	107	item.ammo_standard	41	12 Gauge Black Powder Buckshot	render/3a5d70bd577503fb8600a76ff623d52e
19:tabWeapon	108	item.ammo_standard	42	12 Gauge Black Powder Magnum Shell	render/d8e6a044d5c2338cd9327359cbd018ff
19:tabWeapon	109	item.ammo_standard	43	12 Gauge Black Powder Slug	render/1abdc2f2a8a9bea159868e7695858b42
19:tabWeapon	110	item.ammo_standard	44	12 Gauge Buckshot	render/b12532ca149cdaf683efd3a720ee1989
19:tabWeapon	111	item.ammo_standard	45	12 Gauge Slug	render/f196c884dd0b8400cc99a6a5604186d9
19:tabWeapon	112	item.ammo_standard	46	12 Gauge Flechette Shell	render/6187966b7e637e0dcf6b1e6bff010fcf
19:tabWeapon	113	item.ammo_standard	47	12 Gauge Magnum Shell	render/69e0f27fef717175fd40842931e8f049
19:tabWeapon	114	item.ammo_standard	48	12 Gauge Explosive Shell	render/a8c6bb4e15dd88a0f164dffb969b6a50
19:tabWeapon	115	item.ammo_standard	49	12 Gauge Phosphorus Shell	render/0017670f8d230a7a36fb209e775adcbe
19:tabWeapon	116	item.ammo_standard	78	10 Gauge Buckshot	render/56a2dd5d1137c695b7d8369f0a3e764a
19:tabWeapon	117	item.ammo_standard	79	10 Gauge Shrapnel Buckshot	render/0bc1d12ea06061e03e3b1e3dc6d21b17
19:tabWeapon	118	item.ammo_standard	80	10 Gauge Uranium Buckshot	render/9a22c1c86a1f3b4eb60aaa5272efd77b
19:tabWeapon	119	item.ammo_standard	81	10 Gauge Slug	render/d103a3a068bd9865c9bafda9f6a5b780
19:tabWeapon	120	item.ammo_standard	84	10 Gauge Explosive Buckshot	render/6a5e43de32ff5f8541098b481f59f2f0
19:tabWeapon	121	item.ammo_standard	50	26mm Signal Flare	render/42873d871881d15a4c018f04d55f59fd
19:tabWeapon	122	item.ammo_standard	51	26mm Signal Flare (Supply Airdrop)	render/fcd28757cf19273849442fac95257143
19:tabWeapon	123	item.ammo_standard	52	26mm Signal Flare (Weapon Airdrop)	render/f0e32cd9da0dc26b975a8f30a2744f77
19:tabWeapon	124	item.ammo_standard	53	40mm Grenade, High-Explosive	render/2596a12cddb1cb5c611d8981321c11a7
19:tabWeapon	125	item.ammo_standard	54	40mm Grenade, Shaped Charge	render/e299034f0bcfaa1626109bc1df6ed9c8
19:tabWeapon	126	item.ammo_standard	55	40mm Grenade, Demolition	render/6cf7956a8e8cc3d61d367e08d52d756d
19:tabWeapon	127	item.ammo_standard	56	40mm Grenade, Incendiary	render/5b84a2344dbcea6d363a6b50a36c31d7
19:tabWeapon	128	item.ammo_standard	57	40mm Grenade, White Phosphorus	render/bb6dab739b883e00a014466acb7262bb
19:tabWeapon	129	item.ammo_standard	58	Rocket, High-Explosive	render/83e7e984b1aedff8c30acf5b8cfd2df4
19:tabWeapon	130	item.ammo_standard	59	Rocket, Shaped Charge	render/d8c232b58d1b18f2c7f7d1977997309e
19:tabWeapon	131	item.ammo_standard	60	Rocket, Demolition	render/8439cef9ee4179669a89b2b33c2bb5a1
19:tabWeapon	132	item.ammo_standard	61	Rocket, Incendiary	render/707cad9b0bf5eb533ee4bfa6f0ef31f6
19:tabWeapon	133	item.ammo_standard	62	Rocket, White Phosphorus	render/afd249076861deaaca6e4c668029068e
19:tabWeapon	134	item.ammo_standard	63	Flamer Fuel, Diesel	render/64bce06fe8aba069c736bbd8c5658ff3
19:tabWeapon	135	item.ammo_standard	64	Flamer Fuel, Gas	render/d6027dfa50d2662a6fc843cd866707fe
19:tabWeapon	136	item.ammo_standard	65	Flamer Fuel, Napalm	render/9b402f42064a8796aa88a1144298f11a
19:tabWeapon	137	item.ammo_standard	66	Flamer Fuel, Balefire	render/33955c4a8b61669e42d057049f73aa7d
19:tabWeapon	138	item.ammo_standard	67	Capacitor (Standard)	render/09532de2c083859820ba2de6a192e8ec
19:tabWeapon	139	item.ammo_standard	68	Capacitor (Overcharge)	render/c73e800a5bb1a16d79b0f2af6232844a
19:tabWeapon	140	item.ammo_standard	69	Capacitor (Low Wavelength)	render/139d032fd0990615fdb037bbaed2f437
19:tabWeapon	141	item.ammo_standard	70	Depleted Uranium-235 Box	render/f59c5c1fcad21943393f7ad0ef205958
19:tabWeapon	142	item.ammo_standard	71	Coilgun Tungsten Ball	render/080905a110d17983dd5ce6652b69ebf0
19:tabWeapon	143	item.ammo_standard	72	Coilgun Ferrouranium Ball	render/5af87e478a05b1f54b85baf3e8516b4a
19:tabWeapon	144	item.ammo_standard	73	Mini Nuke	render/98281f111c71382d806cef64e588f6c0
19:tabWeapon	145	item.ammo_standard	74	Mini Nuke, Demolition	render/d94f190d078c1a896790adc303ee3247
19:tabWeapon	146	item.ammo_standard	75	Mini Nuke, High Yield	render/896ff2fc28bfe97837f8f6290ec293d0
19:tabWeapon	147	item.ammo_standard	76	Mini Nuke, Tiny Tots	render/21c7cfa9918e7fe5aa5b0322f82722a6
19:tabWeapon	148	item.ammo_standard	77	Rocket Hive	render/51d2238cde0d6df85d10be7ae4e20409
19:tabWeapon	149	item.ammo_standard	93	Mini Nuke, Balefire Egg	render/06e6a1df00ecae1b9dbe402aa7be3ee9
19:tabWeapon	150	item.ammo_standard	90	Grappling Hook	render/ae3d4323b5cc17f5c5b03f496d88f948
19:tabWeapon	151	item.ammo_standard	91	Demolition Charge	render/b83601331e787dfc9296d7f559cd6db0
19:tabWeapon	152	item.ammo_standard	92	Heavy Demolition Charge	render/d8e2088ecd0267ef0eaf6207b61b13b9
19:tabWeapon	153	item.weapon_mod_generic	0	Optimized Iron Receiver	render/fca88b5fedb318ff2a0b7a2ec89d2e67
19:tabWeapon	154	item.weapon_mod_generic	1	High-Durability Iron Parts	render/e4428c76479ac794095f1011f4ee78cf
19:tabWeapon	155	item.weapon_mod_generic	2	Optimized Steel Receiver	render/0db4692141f4d9cb5237eb98465d6fd1
19:tabWeapon	156	item.weapon_mod_generic	3	High-Durability Steel Parts	render/fe60658bf5b87f4f3f16785eec7282c9
19:tabWeapon	157	item.weapon_mod_generic	4	Optimized HSS Receiver	render/45a24306ac9773fdbd24eaafe1a206ef
19:tabWeapon	158	item.weapon_mod_generic	5	High-Durability HSS Parts	render/7bc6588997643ced05b5846bc4e2c487
19:tabWeapon	159	item.weapon_mod_generic	6	Optimized Desh Receiver	render/aa56c5447aeacd4333e141cdcee152f0
19:tabWeapon	160	item.weapon_mod_generic	7	High-Durability Desh Parts	render/43e3c534625376a3570b0b4ef01d2d2d
19:tabWeapon	161	item.weapon_mod_generic	8	Optimized Weapon Steel Receiver	render/892f6cae6644808bcd2c7c0567b9f502
19:tabWeapon	162	item.weapon_mod_generic	9	High-Durability Weapon Steel Parts	render/c7cf4768f565a285da7c2163f2807d34
19:tabWeapon	163	item.weapon_mod_generic	10	Optimized Ferrouranium Receiver	render/23be2ac2b484d4f61ac8c2532c3acd39
19:tabWeapon	164	item.weapon_mod_generic	11	High-Durability Ferrouranium Parts	render/f9e6332066bc83bd753b1d9b92bc2777
19:tabWeapon	165	item.weapon_mod_generic	12	Optimized Resistant Alloy Receiver	render/4e325101f450a48ff723662fc6faf54c
19:tabWeapon	166	item.weapon_mod_generic	13	High-Durability Resistant Alloy Parts	render/179199d97f9c010c9a530628e7244821
19:tabWeapon	167	item.weapon_mod_generic	14	Optimized Saturnite Receiver	render/a5871ebaea0584fc3514d10e7a9faa34
19:tabWeapon	168	item.weapon_mod_generic	15	High-Durability Saturnite Parts	render/32a3c5813aeaa459d30fb18b41a3ac7b
19:tabWeapon	169	item.weapon_mod_generic	16	Optimized Bronze Receiver	render/d960d5c9c9b4ae36658dc27068a936e1
19:tabWeapon	170	item.weapon_mod_generic	17	High-Durability Bronze Parts	render/12b5dc7bd5409e4f2bb0c4506a16108d
19:tabWeapon	171	item.weapon_mod_special	0	Silencer	render/ad7c61bae07e33a6e12745dea0c79e99
19:tabWeapon	172	item.weapon_mod_special	1	Scope	render/acf2208b93a8424b90fd2bdc8c5d63c6
19:tabWeapon	173	item.weapon_mod_special	2	Hacksaw	render/fbefe9fbd1b1e52717c70e0b23a3026a
19:tabWeapon	174	item.weapon_mod_special	3	Grease Gun Modernization Kit	render/5e3a0f0f32428c9670b483dfb93dc090
19:tabWeapon	175	item.weapon_mod_special	4	Gear Train	render/79f7c02f021a54abdc495adc2e585871
19:tabWeapon	176	item.weapon_mod_special	5	Auxiliary Electric Engine	render/586d860fb9caa2cfd46e7d6ba2050ac7
19:tabWeapon	177	item.weapon_mod_special	6	Choke	render/f6fe89182bac4668b711ba30b2cee0e9
19:tabWeapon	178	item.weapon_mod_special	7	Speedloader	render/24ce6aa52f1650715662a6d016bf5f1a
19:tabWeapon	179	item.weapon_mod_special	8	Polymer Furniture (Green)	render/1aae9c61495f31951ace9c8e0cf5f795
19:tabWeapon	180	item.weapon_mod_special	9	Polymer Furniture (Black)	render/1e9f41f567193139b1516f9a1f4f45b8
19:tabWeapon	181	item.weapon_mod_special	10	Bayonet	render/5fac72ffe3c719b0eafcb5b082f06829
19:tabWeapon	182	item.weapon_mod_special	11	Double-Stacked Magazine	render/160816638809a86ab84cade6d7a95a9d
19:tabWeapon	183	item.weapon_mod_special	12	Saturnite Skin	render/12f97f8b7a68892386c0869be359b3f1
19:tabWeapon	184	item.weapon_mod_special	13	Laser Rifle Beam Splitter	render/52773ed41fe0be5201e6eaf4ca63c755
19:tabWeapon	185	item.weapon_mod_special	14	Laser Rifle Extended Capacitor	render/3b6585eab0185c62a0c43b05f99e7226
19:tabWeapon	186	item.weapon_mod_special	15	Laser Rifle Automatic Receiver	render/57fa01e74aeef9900de964853e0685a2
19:tabWeapon	187	item.weapon_mod_special	16	Two Nickels	render/7b6cfa507c941d0a85582ee0d48e8409
19:tabWeapon	188	item.weapon_mod_special	17	Two Gold Doubloons	render/6f298eabca7a7c52bfe3593d277f4fcc
19:tabWeapon	189	item.weapon_mod_special	18	Powered Drill - High-Speed Steel Drillbit	render/035e793d317e41ab47e7ddceb5499ae1
19:tabWeapon	190	item.weapon_mod_special	19	Powered Drill - Weapon Steel Drillbit	render/43d98e63c98fffab614be6422bd3b7d1
19:tabWeapon	191	item.weapon_mod_special	20	Powered Drill - Technetium Steel Drillbit	render/205a3b5ec5f051e07c9b24a71bbcd13b
19:tabWeapon	192	item.weapon_mod_special	21	Powered Drill - Saturnite Drillbit	render/4e4eb100823bbef8a1dd8ee73ebef8aa
19:tabWeapon	193	item.weapon_mod_special	22	Powered Drill - Diesel Engine	render/f94b3bc515162678068b89d5f96b819a
19:tabWeapon	194	item.weapon_mod_special	23	Powered Drill - Aircraft Engine	render/44142880c5d82df3ab73a8fa494ec118
19:tabWeapon	195	item.weapon_mod_special	24	Powered Drill - Electric Engine	render/8daeca3643c6d4e521e43fc162d7a068
19:tabWeapon	196	item.weapon_mod_special	25	Powered Drill - Turbo Engine	render/d9a23daa85b2914c4ff5e0a48896930f
19:tabWeapon	197	item.weapon_mod_special	26	Powered Drill - Electromagnet	render/c5b76565d52128433e0b9b05c0ccc6c0
19:tabWeapon	198	item.weapon_mod_special	27	Powered Drill - Sifter	render/6e385ea7010434823eb86cd9c3ada0c4
19:tabWeapon	199	item.weapon_mod_special	28	Powered Drill - Extension Canisters	render/b515962141aee7e5632ae8a04e177dda
19:tabWeapon	200	item.weapon_mod_caliber	0	9mm Conversion Kit	render/96547915112eb82ffb44db397ed85edb
19:tabWeapon	201	item.weapon_mod_caliber	1	.45 Conversion Kit	render/3b3d3613b915b8cd037bf9331a401bb7
19:tabWeapon	202	item.weapon_mod_caliber	2	.22 LR Conversion Kit	render/5f83b127571a7b59f85a034a801f3727
19:tabWeapon	203	item.weapon_mod_caliber	3	.357 Magnum Conversion Kit	render/9988169082adda6c341e510b512005ce
19:tabWeapon	204	item.weapon_mod_caliber	4	.44 Magnum Conversion Kit	render/e75622b1d0106038a3347a768003e788
19:tabWeapon	205	item.weapon_mod_caliber	5	5.56mm Conversion Kit	render/0900a3901ae9ad09b531870ab3525876
19:tabWeapon	206	item.weapon_mod_caliber	6	7.62mm Conversion Kit	render/b3e18deeedcb247f5b02ee2399beb052
19:tabWeapon	207	item.weapon_mod_caliber	7	.50 BMG Conversion Kit	render/e05c2a61c68cee9dc60c3346e00b3d2d
19:tabWeapon	208	item.gun_b92_ammo	0	§9B92 Energy Cell§r	render/7e8985b944036c9e86ebd0fe21d5fce1
19:tabWeapon	209	item.ammo_fireext	0	Fire Extinguisher Water Tank	render/b50bd420e299b96c0e355f65e9a1975a
19:tabWeapon	210	item.ammo_fireext	1	Fire Extinguisher Foam Tank	render/17f580a564c44f074d1914b3fa6529c0
19:tabWeapon	211	item.ammo_fireext	2	Fire Extinguisher Sand Tank	render/62178ea71d805a83edb1f93a3dcd1773
19:tabWeapon	212	item.ammo_shell	0	240mm Shell	render/9f39b1df3b0451d00d6e96398659a74f
19:tabWeapon	213	item.ammo_shell	1	240mm HE Shell	render/9be3d848c72e02067d7f1fff1e6dad21
19:tabWeapon	214	item.ammo_shell	2	240mm APFSDS-T	render/67ea267c0df608a0974a0432f0bc2c64
19:tabWeapon	215	item.ammo_shell	3	240mm APFSDS-DU	render/f233f348203fe093c1dd62b9fb18a552
19:tabWeapon	216	item.ammo_shell	4	240mm W9 Nuclear Shell	render/f80544974c4102c5769ac8cbec5fcb7f
19:tabWeapon	217	item.ammo_dgk	0	Goalkeeper Twin CIWS 200 Round Belt	render/91dd46b9cfa50bd54693cbb5f8b8ed39
19:tabWeapon	218	item.ammo_arty	0	16" Artillery Shell	render/d120d938b203aade842d1acbfc13ec12
19:tabWeapon	219	item.ammo_arty	1	16" Artillery Shell (The Factorio Special)	render/e008ec1080fe9eeae4be092e6e87ffba
19:tabWeapon	220	item.ammo_arty	2	16" High Explosive Artillery Shell	render/5aad1a7812743cd84823a1f8acb13e15
19:tabWeapon	221	item.ammo_arty	5	16" Phosphorus Shell	render/19588aa8a29e4e086d2bcdd940b8c545
19:tabWeapon	222	item.ammo_arty	7	16" Multi Phosphorus Shell	render/7f6c45ea9aa03d07fb0e68369bb31cec
19:tabWeapon	223	item.ammo_arty	3	16" Micro Nuclear Artillery Shell	render/747dc31c57db485328f67cd9a35673f6
19:tabWeapon	224	item.ammo_arty	6	16" Multi Micro Nuclear Artillery Shell	render/777fcf61f08cdf6ad9db6eb13212eb08
19:tabWeapon	225	item.ammo_arty	4	16" Nuclear Artillery Shell	render/e6a6ea33cbef394bf5c51b6237b4a660
19:tabWeapon	226	item.ammo_arty	8	16" Express Delivery Artillery Shell	render/35101d15a2a339a6e56409ba68e3034b
19:tabWeapon	227	item.ammo_arty	9	16" Chlorine Gas Artillery Shell	render/978e09c78a9354fce8669ab698932e9c
19:tabWeapon	228	item.ammo_arty	10	16" Phosgene Artillery Shell	render/b60b2d511a81826d7a2297678f30d132
19:tabWeapon	229	item.ammo_arty	11	16" Mustard Gas Artillery Shell	render/45297802fab1bb287be7617998a12485
19:tabWeapon	230	item.ammo_himars	0	227mm Guided Artillery Rocket Pod	render/94b185a023a59f48f98bcf55563397b8__turrets_turret_himars__projectiles_himars_standard__rocketstandard__tubestandard
19:tabWeapon	231	item.ammo_himars	2	227mm Guided Artillery Rocket Pod (HE)	render/bb504b3575e2c8694d20e0320d5a7a98__turrets_turret_himars__projectiles_himars_standard_he__rocketstandard__tubestandard
19:tabWeapon	232	item.ammo_himars	3	227mm Guided Artillery Rocket Pod (WP)	render/945051c98d7fa10b687cc75c198ad1fc__turrets_turret_himars__projectiles_himars_standard_wp__rocketstandard__tubestandard
19:tabWeapon	233	item.ammo_himars	4	227mm Guided Artillery Rocket Pod (Thermobaric)	render/0992b906b4543edf04a77eb809ee4638__turrets_turret_himars__projectiles_himars_standard_tb__rocketstandard__tubestandard
19:tabWeapon	234	item.ammo_himars	7	227mm Guided Artillery Rocket Pod (Lava)	render/aa4b55b4fb700429e8a776136204ee7a__turrets_turret_himars__projectiles_himars_standard_lava__rocketstandard__tubestandard
19:tabWeapon	235	item.ammo_himars	6	227mm Guided Artillery Rocket Pod (Mini Nuke)	render/491334439ee5d842f0087f1d932e334b__turrets_turret_himars__projectiles_himars_standard_mini_nuke__rocketstandard__tubestandard
19:tabWeapon	236	item.ammo_himars	1	610mm Guided Artillery Rocket Pod	render/1948b0483817fde8824fcc39df46dc08__turrets_turret_himars__projectiles_himars_single__rocketsingle__tubesingle
19:tabWeapon	237	item.ammo_himars	5	610mm Guided Artillery Rocket Pod (Thermobaric)	render/d70aa5f2dcf37118faaa1af7d42b100b__turrets_turret_himars__projectiles_himars_single_tb__rocketsingle__tubesingle
19:tabWeapon	238	item.ammo_container	0	Ammo Container	render/d1456e483ed8b11b9ec50e1b051b5f00
19:tabWeapon	239	item.ammo_container	1	Ammo Container	render/47840805f74c08cd7e91d0f4550feead
19:tabWeapon	240	item.stick_dynamite	0	Stick of Dynamite	render/1a259dc28d73857a43e75002aec08be8
19:tabWeapon	241	item.stick_dynamite_fishing	0	Stick of Fishing Dynamite	render/d2e808ddbea20ed42de3b9d607004cb3
19:tabWeapon	242	item.stick_tnt	0	Stick of TNT	render/f62f95f1ac8d4f44bb95832520430423
19:tabWeapon	243	item.stick_semtex	0	Stick of Semtex	render/68207f12416a3c57f8e3b7d8ea2abb9a
19:tabWeapon	244	item.stick_c4	0	Stick of C-4	render/2c27ba748fb27c6273b85e66eed2c8d0
19:tabWeapon	245	item.grenade_shell	0	Compact Grenade Shell	render/828c0982e1e2ed21bcd3a3b296b926d6
19:tabWeapon	246	item.grenade_shell	1	Stick Grenade Shell	render/a463782e8e5e8859919bf5627b4c2c1a
19:tabWeapon	247	item.grenade_shell	2	High-Tech Grenade Shell	render/eb87e472e3223c8c4281a0207eca70af
19:tabWeapon	248	item.grenade_shell	3	Nuclear Grenade Shell	render/6a54e3f59bcde56896645db5e4b079ac
19:tabWeapon	249	item.grenade_filling	0	Gunpowder Grenade Charge	render/5e34071ba2d13f14f0c8e86ac4e87a35
19:tabWeapon	250	item.grenade_filling	1	High-Explosive Grenade Charge	render/09c26357d3b862233311ccb25b20894c
19:tabWeapon	251	item.grenade_filling	2	Demolition Grenade Charge	render/e3ee4362984a3f48a1d7fa0cf33264f7
19:tabWeapon	252	item.grenade_filling	3	Incendiary Grenade Charge	render/7c9963daa4b68dc0206432dd81433ce2
19:tabWeapon	253	item.grenade_filling	4	White Phosphorus Grenade Charge	render/fd1e271900976628c8b48038c2a1875b
19:tabWeapon	254	item.grenade_filling	5	Cluster Grenade Charge	render/ca06a61d35a5ea1bf0d3be5f99e1db10
19:tabWeapon	255	item.grenade_filling	6	EMP Grenade Charge	render/541f11d6700b78f2d81ecf7ca20d0a9d
19:tabWeapon	256	item.grenade_filling	7	Plasma Grenade Charge	render/fd8d631ac65c69736eff1fef194a76f5
19:tabWeapon	257	item.grenade_filling	8	Laser Grenade Charge	render/40a2600f49d5312ad0be3b0e8cec6763
19:tabWeapon	258	item.grenade_filling	9	Heavy Cluster Grenade Charge	render/a92e9e990ebff8b003b02d5c6d3e0905
19:tabWeapon	259	item.grenade_filling	10	Nuclear Grenade Charge	render/9bda734cfa7800514c870c79aed9d53a
19:tabWeapon	260	item.grenade_filling	11	Nuclear Demolition Grenade Charge	render/df4adc844c819b358a89a3db4560e304
19:tabWeapon	261	item.grenade_filling	12	Schrabidium Grenade Charge	render/f314480fffd0dc8045894a93282512f8
19:tabWeapon	262	item.grenade_fuze	0	Timed Grenade Fuze, 3s	render/2d036f59cedcb7fcb95d29be1a6f4b1b
19:tabWeapon	263	item.grenade_fuze	1	Timed Grenade Fuze, 7s	render/443ae4126939ead026bccd56a933b07c
19:tabWeapon	264	item.grenade_fuze	2	Timed Grenade Fuze, 15s	render/d45b764c8d2c935c163005d1ea752b76
19:tabWeapon	265	item.grenade_fuze	3	Impact Grenade Fuze	render/5e374973152b08edb3ad365749b5c86c
19:tabWeapon	266	item.grenade_fuze	4	Airburst Grenade Fuze	render/2a014b26294f81870ea36057bc9e6862
19:tabWeapon	267	item.grenade_extra	0	Grenade Extra - Glue	render/522e62c6c91663575aeb10d7c9f8ad18
19:tabWeapon	268	item.grenade_extra	1	Grenade Extra - Proximity Fuze	render/747637b015d8051c49692ecee4a6109d
19:tabWeapon	269	item.grenade_extra	2	Grenade Extra - Fragmentation Sleeve	render/742ab0700e99a9c8c815f2fd19b11d65
19:tabWeapon	270	item.grenade_extra	3	Grenade Extra - Triplex	render/77e74f7a1f8ddffde5fada2f1656599b
19:tabWeapon	271	item.grenade_universal	0	Grenade	render/bd55b9eb0ef3af18f9b428b17b3e4123__composite_0de807675ea995811b7b
19:tabWeapon	272	item.grenade_universal	0	Grenade	render/bd55b9eb0ef3af18f9b428b17b3e4123__composite_0de807675ea995811b7b
19:tabWeapon	273	item.grenade_universal	0	Grenade	render/bd55b9eb0ef3af18f9b428b17b3e4123__composite_0de807675ea995811b7b
19:tabWeapon	274	item.grenade_universal	0	Grenade	render/bd55b9eb0ef3af18f9b428b17b3e4123__composite_0de807675ea995811b7b
19:tabWeapon	275	item.grenade_universal	0	Grenade	render/bd55b9eb0ef3af18f9b428b17b3e4123__composite_0de807675ea995811b7b
19:tabWeapon	276	item.grenade_universal	0	Grenade	render/9dd6cef1574cec5fc74be5d9a38927be__composite_0de807675ea995811b7b
19:tabWeapon	277	item.grenade_universal	0	Grenade	render/9dd6cef1574cec5fc74be5d9a38927be__composite_0de807675ea995811b7b
19:tabWeapon	278	item.grenade_universal	0	Grenade	render/9dd6cef1574cec5fc74be5d9a38927be__composite_0de807675ea995811b7b
19:tabWeapon	279	item.grenade_universal	0	Grenade	render/9dd6cef1574cec5fc74be5d9a38927be__composite_0de807675ea995811b7b
19:tabWeapon	280	item.grenade_universal	0	Grenade	render/9dd6cef1574cec5fc74be5d9a38927be__composite_0de807675ea995811b7b
19:tabWeapon	281	item.grenade_universal	0	Grenade	render/9395667c13b64d9f63bf4b7caed1f404__composite_0de807675ea995811b7b
19:tabWeapon	282	item.grenade_universal	0	Grenade	render/9395667c13b64d9f63bf4b7caed1f404__composite_0de807675ea995811b7b
19:tabWeapon	283	item.grenade_universal	0	Grenade	render/9395667c13b64d9f63bf4b7caed1f404__composite_0de807675ea995811b7b
19:tabWeapon	284	item.grenade_universal	0	Grenade	render/9395667c13b64d9f63bf4b7caed1f404__composite_0de807675ea995811b7b
19:tabWeapon	285	item.grenade_universal	0	Grenade	render/9395667c13b64d9f63bf4b7caed1f404__composite_0de807675ea995811b7b
19:tabWeapon	286	item.grenade_universal	0	Grenade	render/eff0a27d8782a88ec5e47d0c2d1e0282__composite_0de807675ea995811b7b
19:tabWeapon	287	item.grenade_universal	0	Grenade	render/eff0a27d8782a88ec5e47d0c2d1e0282__composite_0de807675ea995811b7b
19:tabWeapon	288	item.grenade_universal	0	Grenade	render/eff0a27d8782a88ec5e47d0c2d1e0282__composite_0de807675ea995811b7b
19:tabWeapon	289	item.grenade_universal	0	Grenade	render/eff0a27d8782a88ec5e47d0c2d1e0282__composite_0de807675ea995811b7b
19:tabWeapon	290	item.grenade_universal	0	Grenade	render/eff0a27d8782a88ec5e47d0c2d1e0282__composite_0de807675ea995811b7b
19:tabWeapon	291	item.grenade_universal	0	Grenade	render/881e634107dbc74a04f032a7621a6c02__composite_0de807675ea995811b7b
19:tabWeapon	292	item.grenade_universal	0	Grenade	render/881e634107dbc74a04f032a7621a6c02__composite_0de807675ea995811b7b
19:tabWeapon	293	item.grenade_universal	0	Grenade	render/881e634107dbc74a04f032a7621a6c02__composite_0de807675ea995811b7b
19:tabWeapon	294	item.grenade_universal	0	Grenade	render/881e634107dbc74a04f032a7621a6c02__composite_0de807675ea995811b7b
19:tabWeapon	295	item.grenade_universal	0	Grenade	render/881e634107dbc74a04f032a7621a6c02__composite_0de807675ea995811b7b
19:tabWeapon	296	item.grenade_universal	0	Grenade	render/9e7642e0d11d9b23634de6f4f1ed1e1d__composite_0de807675ea995811b7b
19:tabWeapon	297	item.grenade_universal	0	Grenade	render/9e7642e0d11d9b23634de6f4f1ed1e1d__composite_0de807675ea995811b7b
19:tabWeapon	298	item.grenade_universal	0	Grenade	render/9e7642e0d11d9b23634de6f4f1ed1e1d__composite_0de807675ea995811b7b
19:tabWeapon	299	item.grenade_universal	0	Grenade	render/9e7642e0d11d9b23634de6f4f1ed1e1d__composite_0de807675ea995811b7b
19:tabWeapon	300	item.grenade_universal	0	Grenade	render/9e7642e0d11d9b23634de6f4f1ed1e1d__composite_0de807675ea995811b7b
19:tabWeapon	301	item.grenade_universal	0	Grenade	render/f8a705a01c276630205bfcc500668b8e__composite_0de807675ea995811b7b
19:tabWeapon	302	item.grenade_universal	0	Grenade	render/f8a705a01c276630205bfcc500668b8e__composite_0de807675ea995811b7b
19:tabWeapon	303	item.grenade_universal	0	Grenade	render/f8a705a01c276630205bfcc500668b8e__composite_0de807675ea995811b7b
19:tabWeapon	304	item.grenade_universal	0	Grenade	render/f8a705a01c276630205bfcc500668b8e__composite_0de807675ea995811b7b
19:tabWeapon	305	item.grenade_universal	0	Grenade	render/f8a705a01c276630205bfcc500668b8e__composite_0de807675ea995811b7b
19:tabWeapon	306	item.grenade_universal	0	Grenade	render/6380bb1242c3371c215837d734ed5d58__composite_0de807675ea995811b7b
19:tabWeapon	307	item.grenade_universal	0	Grenade	render/6380bb1242c3371c215837d734ed5d58__composite_0de807675ea995811b7b
19:tabWeapon	308	item.grenade_universal	0	Grenade	render/6380bb1242c3371c215837d734ed5d58__composite_0de807675ea995811b7b
19:tabWeapon	309	item.grenade_universal	0	Grenade	render/6380bb1242c3371c215837d734ed5d58__composite_0de807675ea995811b7b
19:tabWeapon	310	item.grenade_universal	0	Grenade	render/6380bb1242c3371c215837d734ed5d58__composite_0de807675ea995811b7b
19:tabWeapon	311	item.grenade_universal	0	Grenade	render/244fc699e49b8882c09f8a1d96ce2c0d__composite_0de807675ea995811b7b
19:tabWeapon	312	item.grenade_universal	0	Grenade	render/244fc699e49b8882c09f8a1d96ce2c0d__composite_0de807675ea995811b7b
19:tabWeapon	313	item.grenade_universal	0	Grenade	render/244fc699e49b8882c09f8a1d96ce2c0d__composite_0de807675ea995811b7b
19:tabWeapon	314	item.grenade_universal	0	Grenade	render/244fc699e49b8882c09f8a1d96ce2c0d__composite_0de807675ea995811b7b
19:tabWeapon	315	item.grenade_universal	0	Grenade	render/244fc699e49b8882c09f8a1d96ce2c0d__composite_0de807675ea995811b7b
19:tabWeapon	316	item.grenade_universal	0	Grenade	render/16812db75038f1991fe5af60af332be9__composite_0de807675ea995811b7b
19:tabWeapon	317	item.grenade_universal	0	Grenade	render/16812db75038f1991fe5af60af332be9__composite_0de807675ea995811b7b
19:tabWeapon	318	item.grenade_universal	0	Grenade	render/16812db75038f1991fe5af60af332be9__composite_0de807675ea995811b7b
19:tabWeapon	319	item.grenade_universal	0	Grenade	render/16812db75038f1991fe5af60af332be9__composite_0de807675ea995811b7b
19:tabWeapon	320	item.grenade_universal	0	Grenade	render/16812db75038f1991fe5af60af332be9__composite_0de807675ea995811b7b
19:tabWeapon	321	item.grenade_universal	0	Grenade	render/b8a67e94229bc972e8e959de3ebe62a4__composite_0de807675ea995811b7b
19:tabWeapon	322	item.grenade_universal	0	Grenade	render/b8a67e94229bc972e8e959de3ebe62a4__composite_0de807675ea995811b7b
19:tabWeapon	323	item.grenade_universal	0	Grenade	render/b8a67e94229bc972e8e959de3ebe62a4__composite_0de807675ea995811b7b
19:tabWeapon	324	item.grenade_universal	0	Grenade	render/b8a67e94229bc972e8e959de3ebe62a4__composite_0de807675ea995811b7b
19:tabWeapon	325	item.grenade_universal	0	Grenade	render/b8a67e94229bc972e8e959de3ebe62a4__composite_0de807675ea995811b7b
19:tabWeapon	326	item.grenade_universal	0	Grenade	render/2c7878f1aecfb82d63e52b72d22e671f__composite_0de807675ea995811b7b
19:tabWeapon	327	item.grenade_universal	0	Grenade	render/2c7878f1aecfb82d63e52b72d22e671f__composite_0de807675ea995811b7b
19:tabWeapon	328	item.grenade_universal	0	Grenade	render/2c7878f1aecfb82d63e52b72d22e671f__composite_0de807675ea995811b7b
19:tabWeapon	329	item.grenade_universal	0	Grenade	render/2c7878f1aecfb82d63e52b72d22e671f__composite_0de807675ea995811b7b
19:tabWeapon	330	item.grenade_universal	0	Grenade	render/2c7878f1aecfb82d63e52b72d22e671f__composite_0de807675ea995811b7b
19:tabWeapon	331	item.grenade_universal	0	Grenade	render/c624a92f785a9b3b8bd438d49d8d9c83__composite_0de807675ea995811b7b
19:tabWeapon	332	item.grenade_universal	0	Grenade	render/c624a92f785a9b3b8bd438d49d8d9c83__composite_0de807675ea995811b7b
19:tabWeapon	333	item.grenade_universal	0	Grenade	render/c624a92f785a9b3b8bd438d49d8d9c83__composite_0de807675ea995811b7b
19:tabWeapon	334	item.grenade_universal	0	Grenade	render/c624a92f785a9b3b8bd438d49d8d9c83__composite_0de807675ea995811b7b
19:tabWeapon	335	item.grenade_universal	0	Grenade	render/c624a92f785a9b3b8bd438d49d8d9c83__composite_0de807675ea995811b7b
19:tabWeapon	336	item.grenade_universal	0	Grenade	render/36e3c3fc07aec3c7604839643c8b01b5__composite_0de807675ea995811b7b
19:tabWeapon	337	item.grenade_universal	0	Grenade	render/36e3c3fc07aec3c7604839643c8b01b5__composite_0de807675ea995811b7b
19:tabWeapon	338	item.grenade_universal	0	Grenade	render/36e3c3fc07aec3c7604839643c8b01b5__composite_0de807675ea995811b7b
19:tabWeapon	339	item.grenade_universal	0	Grenade	render/36e3c3fc07aec3c7604839643c8b01b5__composite_0de807675ea995811b7b
19:tabWeapon	340	item.grenade_universal	0	Grenade	render/36e3c3fc07aec3c7604839643c8b01b5__composite_0de807675ea995811b7b
19:tabWeapon	341	item.grenade_universal	0	Grenade	render/ba8acb62aee3cb270d901b1087f9c7d5__composite_0de807675ea995811b7b
19:tabWeapon	342	item.grenade_universal	0	Grenade	render/ba8acb62aee3cb270d901b1087f9c7d5__composite_0de807675ea995811b7b
19:tabWeapon	343	item.grenade_universal	0	Grenade	render/ba8acb62aee3cb270d901b1087f9c7d5__composite_0de807675ea995811b7b
19:tabWeapon	344	item.grenade_universal	0	Grenade	render/ba8acb62aee3cb270d901b1087f9c7d5__composite_0de807675ea995811b7b
19:tabWeapon	345	item.grenade_universal	0	Grenade	render/ba8acb62aee3cb270d901b1087f9c7d5__composite_0de807675ea995811b7b
19:tabWeapon	346	item.grenade_universal	0	Grenade	render/c6b63899b9d74bb1dfb4a50883b5f955__composite_0de807675ea995811b7b
19:tabWeapon	347	item.grenade_universal	0	Grenade	render/c6b63899b9d74bb1dfb4a50883b5f955__composite_0de807675ea995811b7b
19:tabWeapon	348	item.grenade_universal	0	Grenade	render/c6b63899b9d74bb1dfb4a50883b5f955__composite_0de807675ea995811b7b
19:tabWeapon	349	item.grenade_universal	0	Grenade	render/c6b63899b9d74bb1dfb4a50883b5f955__composite_0de807675ea995811b7b
19:tabWeapon	350	item.grenade_universal	0	Grenade	render/c6b63899b9d74bb1dfb4a50883b5f955__composite_0de807675ea995811b7b
19:tabWeapon	351	item.grenade_universal	0	Grenade	render/2c66d6cbd9f5f4bb37110b9ed5357120__composite_0de807675ea995811b7b
19:tabWeapon	352	item.grenade_universal	0	Grenade	render/2c66d6cbd9f5f4bb37110b9ed5357120__composite_0de807675ea995811b7b
19:tabWeapon	353	item.grenade_universal	0	Grenade	render/2c66d6cbd9f5f4bb37110b9ed5357120__composite_0de807675ea995811b7b
19:tabWeapon	354	item.grenade_universal	0	Grenade	render/2c66d6cbd9f5f4bb37110b9ed5357120__composite_0de807675ea995811b7b
19:tabWeapon	355	item.grenade_universal	0	Grenade	render/2c66d6cbd9f5f4bb37110b9ed5357120__composite_0de807675ea995811b7b
19:tabWeapon	356	item.grenade_universal	0	Grenade	render/6b551fabe830d894bc7ed49da4b1f918__composite_0de807675ea995811b7b
19:tabWeapon	357	item.grenade_universal	0	Grenade	render/6b551fabe830d894bc7ed49da4b1f918__composite_0de807675ea995811b7b
19:tabWeapon	358	item.grenade_universal	0	Grenade	render/6b551fabe830d894bc7ed49da4b1f918__composite_0de807675ea995811b7b
19:tabWeapon	359	item.grenade_universal	0	Grenade	render/6b551fabe830d894bc7ed49da4b1f918__composite_0de807675ea995811b7b
19:tabWeapon	360	item.grenade_universal	0	Grenade	render/6b551fabe830d894bc7ed49da4b1f918__composite_0de807675ea995811b7b
19:tabWeapon	361	item.grenade_universal	0	Grenade	render/28b90a85b9a86f7e1d6a187b77fa07dc__composite_0de807675ea995811b7b
19:tabWeapon	362	item.grenade_universal	0	Grenade	render/28b90a85b9a86f7e1d6a187b77fa07dc__composite_0de807675ea995811b7b
19:tabWeapon	363	item.grenade_universal	0	Grenade	render/28b90a85b9a86f7e1d6a187b77fa07dc__composite_0de807675ea995811b7b
19:tabWeapon	364	item.grenade_universal	0	Grenade	render/28b90a85b9a86f7e1d6a187b77fa07dc__composite_0de807675ea995811b7b
19:tabWeapon	365	item.grenade_universal	0	Grenade	render/28b90a85b9a86f7e1d6a187b77fa07dc__composite_0de807675ea995811b7b
19:tabWeapon	366	item.grenade_universal	0	Grenade	render/84cf547c68e720dab8cd61b31483ee35__composite_0de807675ea995811b7b
19:tabWeapon	367	item.grenade_universal	0	Grenade	render/84cf547c68e720dab8cd61b31483ee35__composite_0de807675ea995811b7b
19:tabWeapon	368	item.grenade_universal	0	Grenade	render/84cf547c68e720dab8cd61b31483ee35__composite_0de807675ea995811b7b
19:tabWeapon	369	item.grenade_universal	0	Grenade	render/84cf547c68e720dab8cd61b31483ee35__composite_0de807675ea995811b7b
19:tabWeapon	370	item.grenade_universal	0	Grenade	render/84cf547c68e720dab8cd61b31483ee35__composite_0de807675ea995811b7b
19:tabWeapon	371	item.grenade_universal	0	Grenade	render/47d7b11df7225760944ab19e92d4a4da__composite_0de807675ea995811b7b
19:tabWeapon	372	item.grenade_universal	0	Grenade	render/47d7b11df7225760944ab19e92d4a4da__composite_0de807675ea995811b7b
19:tabWeapon	373	item.grenade_universal	0	Grenade	render/47d7b11df7225760944ab19e92d4a4da__composite_0de807675ea995811b7b
19:tabWeapon	374	item.grenade_universal	0	Grenade	render/47d7b11df7225760944ab19e92d4a4da__composite_0de807675ea995811b7b
19:tabWeapon	375	item.grenade_universal	0	Grenade	render/47d7b11df7225760944ab19e92d4a4da__composite_0de807675ea995811b7b
19:tabWeapon	376	item.grenade_universal	0	Grenade	render/1846fc826b72778c31286bb2ba9a0b3d__composite_0de807675ea995811b7b
19:tabWeapon	377	item.grenade_universal	0	Grenade	render/1846fc826b72778c31286bb2ba9a0b3d__composite_0de807675ea995811b7b
19:tabWeapon	378	item.grenade_universal	0	Grenade	render/1846fc826b72778c31286bb2ba9a0b3d__composite_0de807675ea995811b7b
19:tabWeapon	379	item.grenade_universal	0	Grenade	render/1846fc826b72778c31286bb2ba9a0b3d__composite_0de807675ea995811b7b
19:tabWeapon	380	item.grenade_universal	0	Grenade	render/1846fc826b72778c31286bb2ba9a0b3d__composite_0de807675ea995811b7b
19:tabWeapon	381	item.grenade_universal	0	Grenade	render/43478f56b7b11c5cd71ffc90aa3b7759__composite_0de807675ea995811b7b
19:tabWeapon	382	item.grenade_universal	0	Grenade	render/43478f56b7b11c5cd71ffc90aa3b7759__composite_0de807675ea995811b7b
19:tabWeapon	383	item.grenade_universal	0	Grenade	render/43478f56b7b11c5cd71ffc90aa3b7759__composite_0de807675ea995811b7b
19:tabWeapon	384	item.grenade_universal	0	Grenade	render/43478f56b7b11c5cd71ffc90aa3b7759__composite_0de807675ea995811b7b
19:tabWeapon	385	item.grenade_universal	0	Grenade	render/43478f56b7b11c5cd71ffc90aa3b7759__composite_0de807675ea995811b7b
19:tabWeapon	386	item.grenade_universal	0	Grenade	render/701d6052e85ed201b8938de141445761__composite_0de807675ea995811b7b
19:tabWeapon	387	item.grenade_universal	0	Grenade	render/701d6052e85ed201b8938de141445761__composite_0de807675ea995811b7b
19:tabWeapon	388	item.grenade_universal	0	Grenade	render/701d6052e85ed201b8938de141445761__composite_0de807675ea995811b7b
19:tabWeapon	389	item.grenade_universal	0	Grenade	render/701d6052e85ed201b8938de141445761__composite_0de807675ea995811b7b
19:tabWeapon	390	item.grenade_universal	0	Grenade	render/701d6052e85ed201b8938de141445761__composite_0de807675ea995811b7b
19:tabWeapon	391	item.grenade_universal	0	Grenade	render/420a9e90603bc38ad1bbd9e2bb15051b__composite_0de807675ea995811b7b
19:tabWeapon	392	item.grenade_universal	0	Grenade	render/420a9e90603bc38ad1bbd9e2bb15051b__composite_0de807675ea995811b7b
19:tabWeapon	393	item.grenade_universal	0	Grenade	render/420a9e90603bc38ad1bbd9e2bb15051b__composite_0de807675ea995811b7b
19:tabWeapon	394	item.grenade_universal	0	Grenade	render/420a9e90603bc38ad1bbd9e2bb15051b__composite_0de807675ea995811b7b
19:tabWeapon	395	item.grenade_universal	0	Grenade	render/420a9e90603bc38ad1bbd9e2bb15051b__composite_0de807675ea995811b7b
19:tabWeapon	396	item.grenade_universal	0	Grenade	render/212e0db4a6164059d9377b007da95616__composite_0de807675ea995811b7b
19:tabWeapon	397	item.grenade_universal	0	Grenade	render/212e0db4a6164059d9377b007da95616__composite_0de807675ea995811b7b
19:tabWeapon	398	item.grenade_universal	0	Grenade	render/212e0db4a6164059d9377b007da95616__composite_0de807675ea995811b7b
19:tabWeapon	399	item.grenade_universal	0	Grenade	render/212e0db4a6164059d9377b007da95616__composite_0de807675ea995811b7b
19:tabWeapon	400	item.grenade_universal	0	Grenade	render/212e0db4a6164059d9377b007da95616__composite_0de807675ea995811b7b
19:tabWeapon	401	item.grenade_universal	0	Grenade	render/37a7db76eef38d80ad0e5eafd810940b__composite_0de807675ea995811b7b
19:tabWeapon	402	item.grenade_universal	0	Grenade	render/37a7db76eef38d80ad0e5eafd810940b__composite_0de807675ea995811b7b
19:tabWeapon	403	item.grenade_universal	0	Grenade	render/37a7db76eef38d80ad0e5eafd810940b__composite_0de807675ea995811b7b
19:tabWeapon	404	item.grenade_universal	0	Grenade	render/37a7db76eef38d80ad0e5eafd810940b__composite_0de807675ea995811b7b
19:tabWeapon	405	item.grenade_universal	0	Grenade	render/37a7db76eef38d80ad0e5eafd810940b__composite_0de807675ea995811b7b
19:tabWeapon	406	item.grenade_universal	0	Grenade	render/99a2741f3cd28fd7e9dd2ca1395f35c4__composite_0de807675ea995811b7b
19:tabWeapon	407	item.grenade_universal	0	Grenade	render/99a2741f3cd28fd7e9dd2ca1395f35c4__composite_0de807675ea995811b7b
19:tabWeapon	408	item.grenade_universal	0	Grenade	render/99a2741f3cd28fd7e9dd2ca1395f35c4__composite_0de807675ea995811b7b
19:tabWeapon	409	item.grenade_universal	0	Grenade	render/99a2741f3cd28fd7e9dd2ca1395f35c4__composite_0de807675ea995811b7b
19:tabWeapon	410	item.grenade_universal	0	Grenade	render/99a2741f3cd28fd7e9dd2ca1395f35c4__composite_0de807675ea995811b7b
19:tabWeapon	411	item.grenade_universal	0	Grenade	render/760756fb5d3a4d8b56c267f589beffb9__composite_0de807675ea995811b7b
19:tabWeapon	412	item.grenade_universal	0	Grenade	render/760756fb5d3a4d8b56c267f589beffb9__composite_0de807675ea995811b7b
19:tabWeapon	413	item.grenade_universal	0	Grenade	render/760756fb5d3a4d8b56c267f589beffb9__composite_0de807675ea995811b7b
19:tabWeapon	414	item.grenade_universal	0	Grenade	render/760756fb5d3a4d8b56c267f589beffb9__composite_0de807675ea995811b7b
19:tabWeapon	415	item.grenade_universal	0	Grenade	render/760756fb5d3a4d8b56c267f589beffb9__composite_0de807675ea995811b7b
19:tabWeapon	416	item.grenade_universal	0	Grenade	render/da875998b1743a4b07ae5f22cbe03b3a__composite_0de807675ea995811b7b
19:tabWeapon	417	item.grenade_universal	0	Grenade	render/da875998b1743a4b07ae5f22cbe03b3a__composite_0de807675ea995811b7b
19:tabWeapon	418	item.grenade_universal	0	Grenade	render/da875998b1743a4b07ae5f22cbe03b3a__composite_0de807675ea995811b7b
19:tabWeapon	419	item.grenade_universal	0	Grenade	render/da875998b1743a4b07ae5f22cbe03b3a__composite_0de807675ea995811b7b
19:tabWeapon	420	item.grenade_universal	0	Grenade	render/da875998b1743a4b07ae5f22cbe03b3a__composite_0de807675ea995811b7b
19:tabWeapon	421	item.grenade_universal	0	Grenade	render/d3c01312b382218a8ff5af821cd615c3__composite_0de807675ea995811b7b
19:tabWeapon	422	item.grenade_universal	0	Grenade	render/d3c01312b382218a8ff5af821cd615c3__composite_0de807675ea995811b7b
19:tabWeapon	423	item.grenade_universal	0	Grenade	render/d3c01312b382218a8ff5af821cd615c3__composite_0de807675ea995811b7b
19:tabWeapon	424	item.grenade_universal	0	Grenade	render/d3c01312b382218a8ff5af821cd615c3__composite_0de807675ea995811b7b
19:tabWeapon	425	item.grenade_universal	0	Grenade	render/d3c01312b382218a8ff5af821cd615c3__composite_0de807675ea995811b7b
19:tabWeapon	426	item.grenade_universal	0	Grenade	render/d31389736da51a4013f16252efd2726d__composite_0de807675ea995811b7b
19:tabWeapon	427	item.grenade_universal	0	Grenade	render/d31389736da51a4013f16252efd2726d__composite_0de807675ea995811b7b
19:tabWeapon	428	item.grenade_universal	0	Grenade	render/d31389736da51a4013f16252efd2726d__composite_0de807675ea995811b7b
19:tabWeapon	429	item.grenade_universal	0	Grenade	render/d31389736da51a4013f16252efd2726d__composite_0de807675ea995811b7b
19:tabWeapon	430	item.grenade_universal	0	Grenade	render/d31389736da51a4013f16252efd2726d__composite_0de807675ea995811b7b
19:tabWeapon	431	item.grenade_universal	0	Grenade	render/5050e255e9c9d7aac4c988977338c497__composite_0de807675ea995811b7b
19:tabWeapon	432	item.grenade_universal	0	Grenade	render/5050e255e9c9d7aac4c988977338c497__composite_0de807675ea995811b7b
19:tabWeapon	433	item.grenade_universal	0	Grenade	render/5050e255e9c9d7aac4c988977338c497__composite_0de807675ea995811b7b
19:tabWeapon	434	item.grenade_universal	0	Grenade	render/5050e255e9c9d7aac4c988977338c497__composite_0de807675ea995811b7b
19:tabWeapon	435	item.grenade_universal	0	Grenade	render/5050e255e9c9d7aac4c988977338c497__composite_0de807675ea995811b7b
19:tabWeapon	436	item.grenade_universal	0	Grenade	render/a048a7be636592f718e2773a35dd1b59__composite_0de807675ea995811b7b
19:tabWeapon	437	item.grenade_universal	0	Grenade	render/a048a7be636592f718e2773a35dd1b59__composite_0de807675ea995811b7b
19:tabWeapon	438	item.grenade_universal	0	Grenade	render/a048a7be636592f718e2773a35dd1b59__composite_0de807675ea995811b7b
19:tabWeapon	439	item.grenade_universal	0	Grenade	render/a048a7be636592f718e2773a35dd1b59__composite_0de807675ea995811b7b
19:tabWeapon	440	item.grenade_universal	0	Grenade	render/a048a7be636592f718e2773a35dd1b59__composite_0de807675ea995811b7b
19:tabWeapon	441	item.grenade_universal	0	Grenade	render/772b2ad361846767bb13868dc16d9b33__composite_0de807675ea995811b7b
19:tabWeapon	442	item.grenade_universal	0	Grenade	render/772b2ad361846767bb13868dc16d9b33__composite_0de807675ea995811b7b
19:tabWeapon	443	item.grenade_universal	0	Grenade	render/772b2ad361846767bb13868dc16d9b33__composite_0de807675ea995811b7b
19:tabWeapon	444	item.grenade_universal	0	Grenade	render/772b2ad361846767bb13868dc16d9b33__composite_0de807675ea995811b7b
19:tabWeapon	445	item.grenade_universal	0	Grenade	render/772b2ad361846767bb13868dc16d9b33__composite_0de807675ea995811b7b
19:tabWeapon	446	item.grenade_universal	0	Grenade	render/b4e9ae8d4aa5ba10939a4afec8bb1b6b__composite_0de807675ea995811b7b
19:tabWeapon	447	item.grenade_universal	0	Grenade	render/b4e9ae8d4aa5ba10939a4afec8bb1b6b__composite_0de807675ea995811b7b
19:tabWeapon	448	item.grenade_universal	0	Grenade	render/b4e9ae8d4aa5ba10939a4afec8bb1b6b__composite_0de807675ea995811b7b
19:tabWeapon	449	item.grenade_universal	0	Grenade	render/b4e9ae8d4aa5ba10939a4afec8bb1b6b__composite_0de807675ea995811b7b
19:tabWeapon	450	item.grenade_universal	0	Grenade	render/b4e9ae8d4aa5ba10939a4afec8bb1b6b__composite_0de807675ea995811b7b
19:tabWeapon	451	item.grenade_universal	0	Grenade	render/dc3f26ef05e4f527a5832a2036e4dd0b__composite_0de807675ea995811b7b
19:tabWeapon	452	item.grenade_universal	0	Grenade	render/dc3f26ef05e4f527a5832a2036e4dd0b__composite_0de807675ea995811b7b
19:tabWeapon	453	item.grenade_universal	0	Grenade	render/dc3f26ef05e4f527a5832a2036e4dd0b__composite_0de807675ea995811b7b
19:tabWeapon	454	item.grenade_universal	0	Grenade	render/dc3f26ef05e4f527a5832a2036e4dd0b__composite_0de807675ea995811b7b
19:tabWeapon	455	item.grenade_universal	0	Grenade	render/dc3f26ef05e4f527a5832a2036e4dd0b__composite_0de807675ea995811b7b
19:tabWeapon	456	item.grenade_universal	0	Grenade	render/f13f55c54d1973ee5621549dc13e3764__composite_0de807675ea995811b7b
19:tabWeapon	457	item.grenade_universal	0	Grenade	render/f13f55c54d1973ee5621549dc13e3764__composite_0de807675ea995811b7b
19:tabWeapon	458	item.grenade_universal	0	Grenade	render/f13f55c54d1973ee5621549dc13e3764__composite_0de807675ea995811b7b
19:tabWeapon	459	item.grenade_universal	0	Grenade	render/f13f55c54d1973ee5621549dc13e3764__composite_0de807675ea995811b7b
19:tabWeapon	460	item.grenade_universal	0	Grenade	render/f13f55c54d1973ee5621549dc13e3764__composite_0de807675ea995811b7b
19:tabWeapon	461	item.grenade_universal	0	Grenade	render/9377702285d8ed99c2b99932f3be8170__composite_0de807675ea995811b7b
19:tabWeapon	462	item.grenade_universal	0	Grenade	render/9377702285d8ed99c2b99932f3be8170__composite_0de807675ea995811b7b
19:tabWeapon	463	item.grenade_universal	0	Grenade	render/9377702285d8ed99c2b99932f3be8170__composite_0de807675ea995811b7b
19:tabWeapon	464	item.grenade_universal	0	Grenade	render/9377702285d8ed99c2b99932f3be8170__composite_0de807675ea995811b7b
19:tabWeapon	465	item.grenade_universal	0	Grenade	render/9377702285d8ed99c2b99932f3be8170__composite_0de807675ea995811b7b
19:tabWeapon	466	item.grenade_universal	0	Grenade	render/27ebaa5fba40c82855946a94e2cc94bc__composite_0de807675ea995811b7b
19:tabWeapon	467	item.grenade_universal	0	Grenade	render/27ebaa5fba40c82855946a94e2cc94bc__composite_0de807675ea995811b7b
19:tabWeapon	468	item.grenade_universal	0	Grenade	render/27ebaa5fba40c82855946a94e2cc94bc__composite_0de807675ea995811b7b
19:tabWeapon	469	item.grenade_universal	0	Grenade	render/27ebaa5fba40c82855946a94e2cc94bc__composite_0de807675ea995811b7b
19:tabWeapon	470	item.grenade_universal	0	Grenade	render/27ebaa5fba40c82855946a94e2cc94bc__composite_0de807675ea995811b7b
19:tabWeapon	471	item.grenade_universal	0	Grenade	render/9f560b55ebcb8ca50920eb1ca592f54e__composite_0de807675ea995811b7b
19:tabWeapon	472	item.grenade_universal	0	Grenade	render/9f560b55ebcb8ca50920eb1ca592f54e__composite_0de807675ea995811b7b
19:tabWeapon	473	item.grenade_universal	0	Grenade	render/9f560b55ebcb8ca50920eb1ca592f54e__composite_0de807675ea995811b7b
19:tabWeapon	474	item.grenade_universal	0	Grenade	render/9f560b55ebcb8ca50920eb1ca592f54e__composite_0de807675ea995811b7b
19:tabWeapon	475	item.grenade_universal	0	Grenade	render/9f560b55ebcb8ca50920eb1ca592f54e__composite_0de807675ea995811b7b
19:tabWeapon	476	item.grenade_universal	0	Grenade	render/f5f6ad977ea131c9a38a0a7237997fe9__composite_0de807675ea995811b7b
19:tabWeapon	477	item.grenade_universal	0	Grenade	render/f5f6ad977ea131c9a38a0a7237997fe9__composite_0de807675ea995811b7b
19:tabWeapon	478	item.grenade_universal	0	Grenade	render/f5f6ad977ea131c9a38a0a7237997fe9__composite_0de807675ea995811b7b
19:tabWeapon	479	item.grenade_universal	0	Grenade	render/f5f6ad977ea131c9a38a0a7237997fe9__composite_0de807675ea995811b7b
19:tabWeapon	480	item.grenade_universal	0	Grenade	render/f5f6ad977ea131c9a38a0a7237997fe9__composite_0de807675ea995811b7b
19:tabWeapon	481	item.grenade_universal	0	Grenade	render/73155c438c45d7f4e4732b76e2e767fb__composite_0de807675ea995811b7b
19:tabWeapon	482	item.grenade_universal	0	Grenade	render/73155c438c45d7f4e4732b76e2e767fb__composite_0de807675ea995811b7b
19:tabWeapon	483	item.grenade_universal	0	Grenade	render/73155c438c45d7f4e4732b76e2e767fb__composite_0de807675ea995811b7b
19:tabWeapon	484	item.grenade_universal	0	Grenade	render/73155c438c45d7f4e4732b76e2e767fb__composite_0de807675ea995811b7b
19:tabWeapon	485	item.grenade_universal	0	Grenade	render/73155c438c45d7f4e4732b76e2e767fb__composite_0de807675ea995811b7b
19:tabWeapon	486	item.grenade_universal	0	Grenade	render/ef20fe52d176b1701970cb10ac668e5a__composite_0de807675ea995811b7b
19:tabWeapon	487	item.grenade_universal	0	Grenade	render/ef20fe52d176b1701970cb10ac668e5a__composite_0de807675ea995811b7b
19:tabWeapon	488	item.grenade_universal	0	Grenade	render/ef20fe52d176b1701970cb10ac668e5a__composite_0de807675ea995811b7b
19:tabWeapon	489	item.grenade_universal	0	Grenade	render/ef20fe52d176b1701970cb10ac668e5a__composite_0de807675ea995811b7b
19:tabWeapon	490	item.grenade_universal	0	Grenade	render/ef20fe52d176b1701970cb10ac668e5a__composite_0de807675ea995811b7b
19:tabWeapon	491	item.grenade_universal	0	Grenade	render/d7fe6e6f95750776b87afe799c15c8a0__composite_0de807675ea995811b7b
19:tabWeapon	492	item.grenade_universal	0	Grenade	render/d7fe6e6f95750776b87afe799c15c8a0__composite_0de807675ea995811b7b
19:tabWeapon	493	item.grenade_universal	0	Grenade	render/d7fe6e6f95750776b87afe799c15c8a0__composite_0de807675ea995811b7b
19:tabWeapon	494	item.grenade_universal	0	Grenade	render/d7fe6e6f95750776b87afe799c15c8a0__composite_0de807675ea995811b7b
19:tabWeapon	495	item.grenade_universal	0	Grenade	render/d7fe6e6f95750776b87afe799c15c8a0__composite_0de807675ea995811b7b
19:tabWeapon	496	item.grenade_universal	0	Grenade	render/804c230f084abfb8d8bae8f8a5e024a7__composite_0de807675ea995811b7b
19:tabWeapon	497	item.grenade_universal	0	Grenade	render/804c230f084abfb8d8bae8f8a5e024a7__composite_0de807675ea995811b7b
19:tabWeapon	498	item.grenade_universal	0	Grenade	render/804c230f084abfb8d8bae8f8a5e024a7__composite_0de807675ea995811b7b
19:tabWeapon	499	item.grenade_universal	0	Grenade	render/804c230f084abfb8d8bae8f8a5e024a7__composite_0de807675ea995811b7b
19:tabWeapon	500	item.grenade_universal	0	Grenade	render/804c230f084abfb8d8bae8f8a5e024a7__composite_0de807675ea995811b7b
19:tabWeapon	501	item.grenade_universal	0	Grenade	render/9c6029bb7abedf6f9973b2be304958f9__composite_0de807675ea995811b7b
19:tabWeapon	502	item.grenade_universal	0	Grenade	render/9c6029bb7abedf6f9973b2be304958f9__composite_0de807675ea995811b7b
19:tabWeapon	503	item.grenade_universal	0	Grenade	render/9c6029bb7abedf6f9973b2be304958f9__composite_0de807675ea995811b7b
19:tabWeapon	504	item.grenade_universal	0	Grenade	render/9c6029bb7abedf6f9973b2be304958f9__composite_0de807675ea995811b7b
19:tabWeapon	505	item.grenade_universal	0	Grenade	render/9c6029bb7abedf6f9973b2be304958f9__composite_0de807675ea995811b7b
19:tabWeapon	506	item.grenade_universal	0	Grenade	render/9e36008318c9d3c514424a477c40ddb1__composite_0de807675ea995811b7b
19:tabWeapon	507	item.grenade_universal	0	Grenade	render/9e36008318c9d3c514424a477c40ddb1__composite_0de807675ea995811b7b
19:tabWeapon	508	item.grenade_universal	0	Grenade	render/9e36008318c9d3c514424a477c40ddb1__composite_0de807675ea995811b7b
19:tabWeapon	509	item.grenade_universal	0	Grenade	render/9e36008318c9d3c514424a477c40ddb1__composite_0de807675ea995811b7b
19:tabWeapon	510	item.grenade_universal	0	Grenade	render/9e36008318c9d3c514424a477c40ddb1__composite_0de807675ea995811b7b
19:tabWeapon	511	item.grenade_universal	0	Grenade	render/5711c24efb303f0d7e16da960665b7a6__composite_0de807675ea995811b7b
19:tabWeapon	512	item.grenade_universal	0	Grenade	render/5711c24efb303f0d7e16da960665b7a6__composite_0de807675ea995811b7b
19:tabWeapon	513	item.grenade_universal	0	Grenade	render/5711c24efb303f0d7e16da960665b7a6__composite_0de807675ea995811b7b
19:tabWeapon	514	item.grenade_universal	0	Grenade	render/5711c24efb303f0d7e16da960665b7a6__composite_0de807675ea995811b7b
19:tabWeapon	515	item.grenade_universal	0	Grenade	render/5711c24efb303f0d7e16da960665b7a6__composite_0de807675ea995811b7b
19:tabWeapon	516	item.grenade_universal	0	Grenade	render/a55a38f5039b61d030f5ffc2848edc38__composite_0de807675ea995811b7b
19:tabWeapon	517	item.grenade_universal	0	Grenade	render/a55a38f5039b61d030f5ffc2848edc38__composite_0de807675ea995811b7b
19:tabWeapon	518	item.grenade_universal	0	Grenade	render/a55a38f5039b61d030f5ffc2848edc38__composite_0de807675ea995811b7b
19:tabWeapon	519	item.grenade_universal	0	Grenade	render/a55a38f5039b61d030f5ffc2848edc38__composite_0de807675ea995811b7b
19:tabWeapon	520	item.grenade_universal	0	Grenade	render/a55a38f5039b61d030f5ffc2848edc38__composite_0de807675ea995811b7b
19:tabWeapon	521	item.grenade_universal	0	Grenade	render/77dfad4837077bef9e45c20de2e13131__composite_0de807675ea995811b7b
19:tabWeapon	522	item.grenade_universal	0	Grenade	render/77dfad4837077bef9e45c20de2e13131__composite_0de807675ea995811b7b
19:tabWeapon	523	item.grenade_universal	0	Grenade	render/77dfad4837077bef9e45c20de2e13131__composite_0de807675ea995811b7b
19:tabWeapon	524	item.grenade_universal	0	Grenade	render/77dfad4837077bef9e45c20de2e13131__composite_0de807675ea995811b7b
19:tabWeapon	525	item.grenade_universal	0	Grenade	render/77dfad4837077bef9e45c20de2e13131__composite_0de807675ea995811b7b
19:tabWeapon	526	item.grenade_universal	0	Grenade	render/ec7616dd5e2326c4578fd96e48508d16__composite_0de807675ea995811b7b
19:tabWeapon	527	item.grenade_universal	0	Grenade	render/ec7616dd5e2326c4578fd96e48508d16__composite_0de807675ea995811b7b
19:tabWeapon	528	item.grenade_universal	0	Grenade	render/ec7616dd5e2326c4578fd96e48508d16__composite_0de807675ea995811b7b
19:tabWeapon	529	item.grenade_universal	0	Grenade	render/ec7616dd5e2326c4578fd96e48508d16__composite_0de807675ea995811b7b
19:tabWeapon	530	item.grenade_universal	0	Grenade	render/ec7616dd5e2326c4578fd96e48508d16__composite_0de807675ea995811b7b
19:tabWeapon	531	item.grenade_universal	0	Grenade	render/4f8aa06a7f83d9dde1872a8c5402b5ae__composite_0de807675ea995811b7b
19:tabWeapon	532	item.grenade_universal	0	Grenade	render/4f8aa06a7f83d9dde1872a8c5402b5ae__composite_0de807675ea995811b7b
19:tabWeapon	533	item.grenade_universal	0	Grenade	render/4f8aa06a7f83d9dde1872a8c5402b5ae__composite_0de807675ea995811b7b
19:tabWeapon	534	item.grenade_universal	0	Grenade	render/4f8aa06a7f83d9dde1872a8c5402b5ae__composite_0de807675ea995811b7b
19:tabWeapon	535	item.grenade_universal	0	Grenade	render/4f8aa06a7f83d9dde1872a8c5402b5ae__composite_0de807675ea995811b7b
19:tabWeapon	536	item.grenade_universal	0	Grenade	render/0ba997fa34e7b617c83004d95cab1541__composite_0de807675ea995811b7b
19:tabWeapon	537	item.grenade_universal	0	Grenade	render/0ba997fa34e7b617c83004d95cab1541__composite_0de807675ea995811b7b
19:tabWeapon	538	item.grenade_universal	0	Grenade	render/0ba997fa34e7b617c83004d95cab1541__composite_0de807675ea995811b7b
19:tabWeapon	539	item.grenade_universal	0	Grenade	render/0ba997fa34e7b617c83004d95cab1541__composite_0de807675ea995811b7b
19:tabWeapon	540	item.grenade_universal	0	Grenade	render/0ba997fa34e7b617c83004d95cab1541__composite_0de807675ea995811b7b
19:tabWeapon	541	item.grenade_universal	0	Grenade	render/5096cdf6ce6f5b157977fc2fa403eef2__composite_0de807675ea995811b7b
19:tabWeapon	542	item.grenade_universal	0	Grenade	render/5096cdf6ce6f5b157977fc2fa403eef2__composite_0de807675ea995811b7b
19:tabWeapon	543	item.grenade_universal	0	Grenade	render/5096cdf6ce6f5b157977fc2fa403eef2__composite_0de807675ea995811b7b
19:tabWeapon	544	item.grenade_universal	0	Grenade	render/5096cdf6ce6f5b157977fc2fa403eef2__composite_0de807675ea995811b7b
19:tabWeapon	545	item.grenade_universal	0	Grenade	render/5096cdf6ce6f5b157977fc2fa403eef2__composite_0de807675ea995811b7b
19:tabWeapon	546	item.grenade_universal	0	Grenade	render/898c96ce7654329fd06db584bf93ed5b__composite_0de807675ea995811b7b
19:tabWeapon	547	item.grenade_universal	0	Grenade	render/898c96ce7654329fd06db584bf93ed5b__composite_0de807675ea995811b7b
19:tabWeapon	548	item.grenade_universal	0	Grenade	render/898c96ce7654329fd06db584bf93ed5b__composite_0de807675ea995811b7b
19:tabWeapon	549	item.grenade_universal	0	Grenade	render/898c96ce7654329fd06db584bf93ed5b__composite_0de807675ea995811b7b
19:tabWeapon	550	item.grenade_universal	0	Grenade	render/898c96ce7654329fd06db584bf93ed5b__composite_0de807675ea995811b7b
19:tabWeapon	551	item.grenade_universal	0	Grenade	render/33605327130db0a0e480f9c8b238c418__composite_0de807675ea995811b7b
19:tabWeapon	552	item.grenade_universal	0	Grenade	render/33605327130db0a0e480f9c8b238c418__composite_0de807675ea995811b7b
19:tabWeapon	553	item.grenade_universal	0	Grenade	render/33605327130db0a0e480f9c8b238c418__composite_0de807675ea995811b7b
19:tabWeapon	554	item.grenade_universal	0	Grenade	render/33605327130db0a0e480f9c8b238c418__composite_0de807675ea995811b7b
19:tabWeapon	555	item.grenade_universal	0	Grenade	render/33605327130db0a0e480f9c8b238c418__composite_0de807675ea995811b7b
19:tabWeapon	556	item.grenade_universal	0	Grenade	render/9ed2857e2791502710fb0d8e29d1a288__composite_0de807675ea995811b7b
19:tabWeapon	557	item.grenade_universal	0	Grenade	render/9ed2857e2791502710fb0d8e29d1a288__composite_0de807675ea995811b7b
19:tabWeapon	558	item.grenade_universal	0	Grenade	render/9ed2857e2791502710fb0d8e29d1a288__composite_0de807675ea995811b7b
19:tabWeapon	559	item.grenade_universal	0	Grenade	render/9ed2857e2791502710fb0d8e29d1a288__composite_0de807675ea995811b7b
19:tabWeapon	560	item.grenade_universal	0	Grenade	render/9ed2857e2791502710fb0d8e29d1a288__composite_0de807675ea995811b7b
19:tabWeapon	561	item.grenade_universal	0	Grenade	render/e874cac45a01fbcd2be9f58284f318fc__composite_0de807675ea995811b7b
19:tabWeapon	562	item.grenade_universal	0	Grenade	render/e874cac45a01fbcd2be9f58284f318fc__composite_0de807675ea995811b7b
19:tabWeapon	563	item.grenade_universal	0	Grenade	render/e874cac45a01fbcd2be9f58284f318fc__composite_0de807675ea995811b7b
19:tabWeapon	564	item.grenade_universal	0	Grenade	render/e874cac45a01fbcd2be9f58284f318fc__composite_0de807675ea995811b7b
19:tabWeapon	565	item.grenade_universal	0	Grenade	render/e874cac45a01fbcd2be9f58284f318fc__composite_0de807675ea995811b7b
19:tabWeapon	566	item.grenade_universal	0	Grenade	render/ce9ed896e63601511ca85dc153352ae3__composite_0de807675ea995811b7b
19:tabWeapon	567	item.grenade_universal	0	Grenade	render/ce9ed896e63601511ca85dc153352ae3__composite_0de807675ea995811b7b
19:tabWeapon	568	item.grenade_universal	0	Grenade	render/ce9ed896e63601511ca85dc153352ae3__composite_0de807675ea995811b7b
19:tabWeapon	569	item.grenade_universal	0	Grenade	render/ce9ed896e63601511ca85dc153352ae3__composite_0de807675ea995811b7b
19:tabWeapon	570	item.grenade_universal	0	Grenade	render/ce9ed896e63601511ca85dc153352ae3__composite_0de807675ea995811b7b
19:tabWeapon	571	item.grenade_universal	0	Grenade	render/a0bdbd12c06e60b2948710287cb0bb3d__composite_0de807675ea995811b7b
19:tabWeapon	572	item.grenade_universal	0	Grenade	render/a0bdbd12c06e60b2948710287cb0bb3d__composite_0de807675ea995811b7b
19:tabWeapon	573	item.grenade_universal	0	Grenade	render/a0bdbd12c06e60b2948710287cb0bb3d__composite_0de807675ea995811b7b
19:tabWeapon	574	item.grenade_universal	0	Grenade	render/a0bdbd12c06e60b2948710287cb0bb3d__composite_0de807675ea995811b7b
19:tabWeapon	575	item.grenade_universal	0	Grenade	render/a0bdbd12c06e60b2948710287cb0bb3d__composite_0de807675ea995811b7b
19:tabWeapon	576	item.grenade_universal	0	Grenade	render/79f9687d7261edb6401278b052db69e1__composite_0de807675ea995811b7b
19:tabWeapon	577	item.grenade_universal	0	Grenade	render/79f9687d7261edb6401278b052db69e1__composite_0de807675ea995811b7b
19:tabWeapon	578	item.grenade_universal	0	Grenade	render/79f9687d7261edb6401278b052db69e1__composite_0de807675ea995811b7b
19:tabWeapon	579	item.grenade_universal	0	Grenade	render/79f9687d7261edb6401278b052db69e1__composite_0de807675ea995811b7b
19:tabWeapon	580	item.grenade_universal	0	Grenade	render/79f9687d7261edb6401278b052db69e1__composite_0de807675ea995811b7b
19:tabWeapon	581	item.grenade_universal	0	Grenade	render/5385bb6e284388faa0b664db8a10f67c__composite_0de807675ea995811b7b
19:tabWeapon	582	item.grenade_universal	0	Grenade	render/5385bb6e284388faa0b664db8a10f67c__composite_0de807675ea995811b7b
19:tabWeapon	583	item.grenade_universal	0	Grenade	render/5385bb6e284388faa0b664db8a10f67c__composite_0de807675ea995811b7b
19:tabWeapon	584	item.grenade_universal	0	Grenade	render/5385bb6e284388faa0b664db8a10f67c__composite_0de807675ea995811b7b
19:tabWeapon	585	item.grenade_universal	0	Grenade	render/5385bb6e284388faa0b664db8a10f67c__composite_0de807675ea995811b7b
19:tabWeapon	586	item.grenade_universal	0	Grenade	render/65b7d80f6863fe6d1990c3d5eb6ce217__composite_0de807675ea995811b7b
19:tabWeapon	587	item.grenade_universal	0	Grenade	render/65b7d80f6863fe6d1990c3d5eb6ce217__composite_0de807675ea995811b7b
19:tabWeapon	588	item.grenade_universal	0	Grenade	render/65b7d80f6863fe6d1990c3d5eb6ce217__composite_0de807675ea995811b7b
19:tabWeapon	589	item.grenade_universal	0	Grenade	render/65b7d80f6863fe6d1990c3d5eb6ce217__composite_0de807675ea995811b7b
19:tabWeapon	590	item.grenade_universal	0	Grenade	render/65b7d80f6863fe6d1990c3d5eb6ce217__composite_0de807675ea995811b7b
19:tabWeapon	591	item.grenade_universal	0	Grenade	render/664e70fd5dd804e2d82c2f6cc669235d__composite_0de807675ea995811b7b
19:tabWeapon	592	item.grenade_universal	0	Grenade	render/664e70fd5dd804e2d82c2f6cc669235d__composite_0de807675ea995811b7b
19:tabWeapon	593	item.grenade_universal	0	Grenade	render/664e70fd5dd804e2d82c2f6cc669235d__composite_0de807675ea995811b7b
19:tabWeapon	594	item.grenade_universal	0	Grenade	render/664e70fd5dd804e2d82c2f6cc669235d__composite_0de807675ea995811b7b
19:tabWeapon	595	item.grenade_universal	0	Grenade	render/664e70fd5dd804e2d82c2f6cc669235d__composite_0de807675ea995811b7b
19:tabWeapon	596	item.grenade_universal	0	Grenade	render/d7410d503e848a3510add3458d238531__composite_0de807675ea995811b7b
19:tabWeapon	597	item.grenade_universal	0	Grenade	render/d7410d503e848a3510add3458d238531__composite_0de807675ea995811b7b
19:tabWeapon	598	item.grenade_universal	0	Grenade	render/d7410d503e848a3510add3458d238531__composite_0de807675ea995811b7b
19:tabWeapon	599	item.grenade_universal	0	Grenade	render/d7410d503e848a3510add3458d238531__composite_0de807675ea995811b7b
19:tabWeapon	600	item.grenade_universal	0	Grenade	render/d7410d503e848a3510add3458d238531__composite_0de807675ea995811b7b
19:tabWeapon	601	item.grenade_universal	0	Grenade	render/ff16d55579b8018f9373655c67dbd34d__composite_0de807675ea995811b7b
19:tabWeapon	602	item.grenade_universal	0	Grenade	render/ff16d55579b8018f9373655c67dbd34d__composite_0de807675ea995811b7b
19:tabWeapon	603	item.grenade_universal	0	Grenade	render/ff16d55579b8018f9373655c67dbd34d__composite_0de807675ea995811b7b
19:tabWeapon	604	item.grenade_universal	0	Grenade	render/ff16d55579b8018f9373655c67dbd34d__composite_0de807675ea995811b7b
19:tabWeapon	605	item.grenade_universal	0	Grenade	render/ff16d55579b8018f9373655c67dbd34d__composite_0de807675ea995811b7b
19:tabWeapon	606	item.grenade_universal	0	Grenade	render/03f62676516cf76353917965514e614e__composite_0de807675ea995811b7b
19:tabWeapon	607	item.grenade_universal	0	Grenade	render/03f62676516cf76353917965514e614e__composite_0de807675ea995811b7b
19:tabWeapon	608	item.grenade_universal	0	Grenade	render/03f62676516cf76353917965514e614e__composite_0de807675ea995811b7b
19:tabWeapon	609	item.grenade_universal	0	Grenade	render/03f62676516cf76353917965514e614e__composite_0de807675ea995811b7b
19:tabWeapon	610	item.grenade_universal	0	Grenade	render/03f62676516cf76353917965514e614e__composite_0de807675ea995811b7b
19:tabWeapon	611	item.grenade_universal	0	Grenade	render/a9d3b774843540fdca43b48da696bf07__composite_0de807675ea995811b7b
19:tabWeapon	612	item.grenade_universal	0	Grenade	render/a9d3b774843540fdca43b48da696bf07__composite_0de807675ea995811b7b
19:tabWeapon	613	item.grenade_universal	0	Grenade	render/a9d3b774843540fdca43b48da696bf07__composite_0de807675ea995811b7b
19:tabWeapon	614	item.grenade_universal	0	Grenade	render/a9d3b774843540fdca43b48da696bf07__composite_0de807675ea995811b7b
19:tabWeapon	615	item.grenade_universal	0	Grenade	render/a9d3b774843540fdca43b48da696bf07__composite_0de807675ea995811b7b
19:tabWeapon	616	item.grenade_universal	0	Grenade	render/d407bf387503dc678fcab1128e852132__composite_0de807675ea995811b7b
19:tabWeapon	617	item.grenade_universal	0	Grenade	render/d407bf387503dc678fcab1128e852132__composite_0de807675ea995811b7b
19:tabWeapon	618	item.grenade_universal	0	Grenade	render/d407bf387503dc678fcab1128e852132__composite_0de807675ea995811b7b
19:tabWeapon	619	item.grenade_universal	0	Grenade	render/d407bf387503dc678fcab1128e852132__composite_0de807675ea995811b7b
19:tabWeapon	620	item.grenade_universal	0	Grenade	render/d407bf387503dc678fcab1128e852132__composite_0de807675ea995811b7b
19:tabWeapon	621	item.grenade_universal	0	Grenade	render/19ea0a6b925a4ff8a55817997249cfa3__composite_0de807675ea995811b7b
19:tabWeapon	622	item.grenade_universal	0	Grenade	render/19ea0a6b925a4ff8a55817997249cfa3__composite_0de807675ea995811b7b
19:tabWeapon	623	item.grenade_universal	0	Grenade	render/19ea0a6b925a4ff8a55817997249cfa3__composite_0de807675ea995811b7b
19:tabWeapon	624	item.grenade_universal	0	Grenade	render/19ea0a6b925a4ff8a55817997249cfa3__composite_0de807675ea995811b7b
19:tabWeapon	625	item.grenade_universal	0	Grenade	render/19ea0a6b925a4ff8a55817997249cfa3__composite_0de807675ea995811b7b
19:tabWeapon	626	item.grenade_universal	0	Grenade	render/82be3b78ad4fe9b4ce9e1fa0221d9192__composite_0de807675ea995811b7b
19:tabWeapon	627	item.grenade_universal	0	Grenade	render/82be3b78ad4fe9b4ce9e1fa0221d9192__composite_0de807675ea995811b7b
19:tabWeapon	628	item.grenade_universal	0	Grenade	render/82be3b78ad4fe9b4ce9e1fa0221d9192__composite_0de807675ea995811b7b
19:tabWeapon	629	item.grenade_universal	0	Grenade	render/82be3b78ad4fe9b4ce9e1fa0221d9192__composite_0de807675ea995811b7b
19:tabWeapon	630	item.grenade_universal	0	Grenade	render/82be3b78ad4fe9b4ce9e1fa0221d9192__composite_0de807675ea995811b7b
19:tabWeapon	631	item.grenade_universal	0	Grenade	render/7cefd0d80939102488e90f5e7bd4a730__composite_0de807675ea995811b7b
19:tabWeapon	632	item.grenade_universal	0	Grenade	render/7cefd0d80939102488e90f5e7bd4a730__composite_0de807675ea995811b7b
19:tabWeapon	633	item.grenade_universal	0	Grenade	render/7cefd0d80939102488e90f5e7bd4a730__composite_0de807675ea995811b7b
19:tabWeapon	634	item.grenade_universal	0	Grenade	render/7cefd0d80939102488e90f5e7bd4a730__composite_0de807675ea995811b7b
19:tabWeapon	635	item.grenade_universal	0	Grenade	render/7cefd0d80939102488e90f5e7bd4a730__composite_0de807675ea995811b7b
19:tabWeapon	636	item.grenade_universal	0	Grenade	render/b7d75932330ed04d044114db94140819__composite_0de807675ea995811b7b
19:tabWeapon	637	item.grenade_universal	0	Grenade	render/b7d75932330ed04d044114db94140819__composite_0de807675ea995811b7b
19:tabWeapon	638	item.grenade_universal	0	Grenade	render/b7d75932330ed04d044114db94140819__composite_0de807675ea995811b7b
19:tabWeapon	639	item.grenade_universal	0	Grenade	render/b7d75932330ed04d044114db94140819__composite_0de807675ea995811b7b
19:tabWeapon	640	item.grenade_universal	0	Grenade	render/b7d75932330ed04d044114db94140819__composite_0de807675ea995811b7b
19:tabWeapon	641	item.grenade_universal	0	Grenade	render/9eaf7e40d5c4de38e8c3dd1b52c2c401__composite_0de807675ea995811b7b
19:tabWeapon	642	item.grenade_universal	0	Grenade	render/9eaf7e40d5c4de38e8c3dd1b52c2c401__composite_0de807675ea995811b7b
19:tabWeapon	643	item.grenade_universal	0	Grenade	render/9eaf7e40d5c4de38e8c3dd1b52c2c401__composite_0de807675ea995811b7b
19:tabWeapon	644	item.grenade_universal	0	Grenade	render/9eaf7e40d5c4de38e8c3dd1b52c2c401__composite_0de807675ea995811b7b
19:tabWeapon	645	item.grenade_universal	0	Grenade	render/9eaf7e40d5c4de38e8c3dd1b52c2c401__composite_0de807675ea995811b7b
19:tabWeapon	646	item.grenade_universal	0	Grenade	render/f3d349633ba870f3fe646a57abe48e28__composite_0de807675ea995811b7b
19:tabWeapon	647	item.grenade_universal	0	Grenade	render/f3d349633ba870f3fe646a57abe48e28__composite_0de807675ea995811b7b
19:tabWeapon	648	item.grenade_universal	0	Grenade	render/f3d349633ba870f3fe646a57abe48e28__composite_0de807675ea995811b7b
19:tabWeapon	649	item.grenade_universal	0	Grenade	render/f3d349633ba870f3fe646a57abe48e28__composite_0de807675ea995811b7b
19:tabWeapon	650	item.grenade_universal	0	Grenade	render/f3d349633ba870f3fe646a57abe48e28__composite_0de807675ea995811b7b
19:tabWeapon	651	item.grenade_universal	0	Grenade	render/d750ef54dd5502a80b7e379763e67f7d__composite_0de807675ea995811b7b
19:tabWeapon	652	item.grenade_universal	0	Grenade	render/d750ef54dd5502a80b7e379763e67f7d__composite_0de807675ea995811b7b
19:tabWeapon	653	item.grenade_universal	0	Grenade	render/d750ef54dd5502a80b7e379763e67f7d__composite_0de807675ea995811b7b
19:tabWeapon	654	item.grenade_universal	0	Grenade	render/d750ef54dd5502a80b7e379763e67f7d__composite_0de807675ea995811b7b
19:tabWeapon	655	item.grenade_universal	0	Grenade	render/d750ef54dd5502a80b7e379763e67f7d__composite_0de807675ea995811b7b
19:tabWeapon	656	item.grenade_universal	0	Grenade	render/5efece37f46f1ff1d40c9c8673ad36a6__composite_0de807675ea995811b7b
19:tabWeapon	657	item.grenade_universal	0	Grenade	render/5efece37f46f1ff1d40c9c8673ad36a6__composite_0de807675ea995811b7b
19:tabWeapon	658	item.grenade_universal	0	Grenade	render/5efece37f46f1ff1d40c9c8673ad36a6__composite_0de807675ea995811b7b
19:tabWeapon	659	item.grenade_universal	0	Grenade	render/5efece37f46f1ff1d40c9c8673ad36a6__composite_0de807675ea995811b7b
19:tabWeapon	660	item.grenade_universal	0	Grenade	render/5efece37f46f1ff1d40c9c8673ad36a6__composite_0de807675ea995811b7b
19:tabWeapon	661	item.grenade_universal	0	Grenade	render/54254859b6766a4e93d8dd12b7a90af1__composite_0de807675ea995811b7b
19:tabWeapon	662	item.grenade_universal	0	Grenade	render/54254859b6766a4e93d8dd12b7a90af1__composite_0de807675ea995811b7b
19:tabWeapon	663	item.grenade_universal	0	Grenade	render/54254859b6766a4e93d8dd12b7a90af1__composite_0de807675ea995811b7b
19:tabWeapon	664	item.grenade_universal	0	Grenade	render/54254859b6766a4e93d8dd12b7a90af1__composite_0de807675ea995811b7b
19:tabWeapon	665	item.grenade_universal	0	Grenade	render/54254859b6766a4e93d8dd12b7a90af1__composite_0de807675ea995811b7b
19:tabWeapon	666	item.grenade_universal	0	Grenade	render/0ec9f9aab61cab57d1d0ac16df3c3e0a__composite_0de807675ea995811b7b
19:tabWeapon	667	item.grenade_universal	0	Grenade	render/0ec9f9aab61cab57d1d0ac16df3c3e0a__composite_0de807675ea995811b7b
19:tabWeapon	668	item.grenade_universal	0	Grenade	render/0ec9f9aab61cab57d1d0ac16df3c3e0a__composite_0de807675ea995811b7b
19:tabWeapon	669	item.grenade_universal	0	Grenade	render/0ec9f9aab61cab57d1d0ac16df3c3e0a__composite_0de807675ea995811b7b
19:tabWeapon	670	item.grenade_universal	0	Grenade	render/0ec9f9aab61cab57d1d0ac16df3c3e0a__composite_0de807675ea995811b7b
19:tabWeapon	671	item.grenade_universal	0	Grenade	render/fe16f5e5de916f79037118802c5b309b__composite_0de807675ea995811b7b
19:tabWeapon	672	item.grenade_universal	0	Grenade	render/fe16f5e5de916f79037118802c5b309b__composite_0de807675ea995811b7b
19:tabWeapon	673	item.grenade_universal	0	Grenade	render/fe16f5e5de916f79037118802c5b309b__composite_0de807675ea995811b7b
19:tabWeapon	674	item.grenade_universal	0	Grenade	render/fe16f5e5de916f79037118802c5b309b__composite_0de807675ea995811b7b
19:tabWeapon	675	item.grenade_universal	0	Grenade	render/fe16f5e5de916f79037118802c5b309b__composite_0de807675ea995811b7b
19:tabWeapon	676	item.grenade_universal	0	Grenade	render/b5bfa4e4606a561f4f99248bb7ad08c1__composite_0de807675ea995811b7b
19:tabWeapon	677	item.grenade_universal	0	Grenade	render/b5bfa4e4606a561f4f99248bb7ad08c1__composite_0de807675ea995811b7b
19:tabWeapon	678	item.grenade_universal	0	Grenade	render/b5bfa4e4606a561f4f99248bb7ad08c1__composite_0de807675ea995811b7b
19:tabWeapon	679	item.grenade_universal	0	Grenade	render/b5bfa4e4606a561f4f99248bb7ad08c1__composite_0de807675ea995811b7b
19:tabWeapon	680	item.grenade_universal	0	Grenade	render/b5bfa4e4606a561f4f99248bb7ad08c1__composite_0de807675ea995811b7b
19:tabWeapon	681	item.grenade_universal	0	Grenade	render/61cc6352ff705fed999928fc5d235a7d__composite_0de807675ea995811b7b
19:tabWeapon	682	item.grenade_universal	0	Grenade	render/61cc6352ff705fed999928fc5d235a7d__composite_0de807675ea995811b7b
19:tabWeapon	683	item.grenade_universal	0	Grenade	render/61cc6352ff705fed999928fc5d235a7d__composite_0de807675ea995811b7b
19:tabWeapon	684	item.grenade_universal	0	Grenade	render/61cc6352ff705fed999928fc5d235a7d__composite_0de807675ea995811b7b
19:tabWeapon	685	item.grenade_universal	0	Grenade	render/61cc6352ff705fed999928fc5d235a7d__composite_0de807675ea995811b7b
19:tabWeapon	686	item.grenade_universal	0	Grenade	render/f3eb297122c3190837f8ac17d4eec1f2__composite_0de807675ea995811b7b
19:tabWeapon	687	item.grenade_universal	0	Grenade	render/f3eb297122c3190837f8ac17d4eec1f2__composite_0de807675ea995811b7b
19:tabWeapon	688	item.grenade_universal	0	Grenade	render/f3eb297122c3190837f8ac17d4eec1f2__composite_0de807675ea995811b7b
19:tabWeapon	689	item.grenade_universal	0	Grenade	render/f3eb297122c3190837f8ac17d4eec1f2__composite_0de807675ea995811b7b
19:tabWeapon	690	item.grenade_universal	0	Grenade	render/f3eb297122c3190837f8ac17d4eec1f2__composite_0de807675ea995811b7b
19:tabWeapon	691	item.grenade_universal	0	Grenade	render/3d1a9671acdb4ff5f9b68ac9af6ccb78__composite_0de807675ea995811b7b
19:tabWeapon	692	item.grenade_universal	0	Grenade	render/3d1a9671acdb4ff5f9b68ac9af6ccb78__composite_0de807675ea995811b7b
19:tabWeapon	693	item.grenade_universal	0	Grenade	render/3d1a9671acdb4ff5f9b68ac9af6ccb78__composite_0de807675ea995811b7b
19:tabWeapon	694	item.grenade_universal	0	Grenade	render/3d1a9671acdb4ff5f9b68ac9af6ccb78__composite_0de807675ea995811b7b
19:tabWeapon	695	item.grenade_universal	0	Grenade	render/3d1a9671acdb4ff5f9b68ac9af6ccb78__composite_0de807675ea995811b7b
19:tabWeapon	696	item.grenade_universal	0	Grenade	render/6c72d826fb60ba17aaa8e45081666ee5__composite_0de807675ea995811b7b
19:tabWeapon	697	item.grenade_universal	0	Grenade	render/6c72d826fb60ba17aaa8e45081666ee5__composite_0de807675ea995811b7b
19:tabWeapon	698	item.grenade_universal	0	Grenade	render/6c72d826fb60ba17aaa8e45081666ee5__composite_0de807675ea995811b7b
19:tabWeapon	699	item.grenade_universal	0	Grenade	render/6c72d826fb60ba17aaa8e45081666ee5__composite_0de807675ea995811b7b
19:tabWeapon	700	item.grenade_universal	0	Grenade	render/6c72d826fb60ba17aaa8e45081666ee5__composite_0de807675ea995811b7b
19:tabWeapon	701	item.grenade_universal	0	Grenade	render/ed50a90b1d5ac925051f72b75105eb47__composite_0de807675ea995811b7b
19:tabWeapon	702	item.grenade_universal	0	Grenade	render/ed50a90b1d5ac925051f72b75105eb47__composite_0de807675ea995811b7b
19:tabWeapon	703	item.grenade_universal	0	Grenade	render/ed50a90b1d5ac925051f72b75105eb47__composite_0de807675ea995811b7b
19:tabWeapon	704	item.grenade_universal	0	Grenade	render/ed50a90b1d5ac925051f72b75105eb47__composite_0de807675ea995811b7b
19:tabWeapon	705	item.grenade_universal	0	Grenade	render/ed50a90b1d5ac925051f72b75105eb47__composite_0de807675ea995811b7b
19:tabWeapon	706	item.grenade_universal	0	Grenade	render/62f7630804a97cbdfc0d7b8554e7f387__composite_0de807675ea995811b7b
19:tabWeapon	707	item.grenade_universal	0	Grenade	render/62f7630804a97cbdfc0d7b8554e7f387__composite_0de807675ea995811b7b
19:tabWeapon	708	item.grenade_universal	0	Grenade	render/62f7630804a97cbdfc0d7b8554e7f387__composite_0de807675ea995811b7b
19:tabWeapon	709	item.grenade_universal	0	Grenade	render/62f7630804a97cbdfc0d7b8554e7f387__composite_0de807675ea995811b7b
19:tabWeapon	710	item.grenade_universal	0	Grenade	render/62f7630804a97cbdfc0d7b8554e7f387__composite_0de807675ea995811b7b
19:tabWeapon	711	item.grenade_universal	0	Grenade	render/a1172f62f1496a9d7cdefa2204417864__composite_0de807675ea995811b7b
19:tabWeapon	712	item.grenade_universal	0	Grenade	render/a1172f62f1496a9d7cdefa2204417864__composite_0de807675ea995811b7b
19:tabWeapon	713	item.grenade_universal	0	Grenade	render/a1172f62f1496a9d7cdefa2204417864__composite_0de807675ea995811b7b
19:tabWeapon	714	item.grenade_universal	0	Grenade	render/a1172f62f1496a9d7cdefa2204417864__composite_0de807675ea995811b7b
19:tabWeapon	715	item.grenade_universal	0	Grenade	render/a1172f62f1496a9d7cdefa2204417864__composite_0de807675ea995811b7b
19:tabWeapon	716	item.grenade_universal	0	Grenade	render/d331400fba1deb5404d47ae509082343__composite_0de807675ea995811b7b
19:tabWeapon	717	item.grenade_universal	0	Grenade	render/d331400fba1deb5404d47ae509082343__composite_0de807675ea995811b7b
19:tabWeapon	718	item.grenade_universal	0	Grenade	render/d331400fba1deb5404d47ae509082343__composite_0de807675ea995811b7b
19:tabWeapon	719	item.grenade_universal	0	Grenade	render/d331400fba1deb5404d47ae509082343__composite_0de807675ea995811b7b
19:tabWeapon	720	item.grenade_universal	0	Grenade	render/d331400fba1deb5404d47ae509082343__composite_0de807675ea995811b7b
19:tabWeapon	721	item.grenade_universal	0	Grenade	render/f59a7b9eb4a1d73ef879785be35cd8d2__composite_0de807675ea995811b7b
19:tabWeapon	722	item.grenade_universal	0	Grenade	render/f59a7b9eb4a1d73ef879785be35cd8d2__composite_0de807675ea995811b7b
19:tabWeapon	723	item.grenade_universal	0	Grenade	render/f59a7b9eb4a1d73ef879785be35cd8d2__composite_0de807675ea995811b7b
19:tabWeapon	724	item.grenade_universal	0	Grenade	render/f59a7b9eb4a1d73ef879785be35cd8d2__composite_0de807675ea995811b7b
19:tabWeapon	725	item.grenade_universal	0	Grenade	render/f59a7b9eb4a1d73ef879785be35cd8d2__composite_0de807675ea995811b7b
19:tabWeapon	726	item.grenade_universal	0	Grenade	render/357c6a4bd3a8eab2748c14973ed188c3__composite_0de807675ea995811b7b
19:tabWeapon	727	item.grenade_universal	0	Grenade	render/357c6a4bd3a8eab2748c14973ed188c3__composite_0de807675ea995811b7b
19:tabWeapon	728	item.grenade_universal	0	Grenade	render/357c6a4bd3a8eab2748c14973ed188c3__composite_0de807675ea995811b7b
19:tabWeapon	729	item.grenade_universal	0	Grenade	render/357c6a4bd3a8eab2748c14973ed188c3__composite_0de807675ea995811b7b
19:tabWeapon	730	item.grenade_universal	0	Grenade	render/357c6a4bd3a8eab2748c14973ed188c3__composite_0de807675ea995811b7b
19:tabWeapon	731	item.grenade_universal	0	Grenade	render/56dee0ef1cdd139615b7ccf6bb23bcc3__composite_0de807675ea995811b7b
19:tabWeapon	732	item.grenade_universal	0	Grenade	render/56dee0ef1cdd139615b7ccf6bb23bcc3__composite_0de807675ea995811b7b
19:tabWeapon	733	item.grenade_universal	0	Grenade	render/56dee0ef1cdd139615b7ccf6bb23bcc3__composite_0de807675ea995811b7b
19:tabWeapon	734	item.grenade_universal	0	Grenade	render/56dee0ef1cdd139615b7ccf6bb23bcc3__composite_0de807675ea995811b7b
19:tabWeapon	735	item.grenade_universal	0	Grenade	render/56dee0ef1cdd139615b7ccf6bb23bcc3__composite_0de807675ea995811b7b
19:tabWeapon	736	item.grenade_universal	0	Grenade	render/a6c15b2ea69d69c1fdfc3d6bd9c1667d__composite_0de807675ea995811b7b
19:tabWeapon	737	item.grenade_universal	0	Grenade	render/a6c15b2ea69d69c1fdfc3d6bd9c1667d__composite_0de807675ea995811b7b
19:tabWeapon	738	item.grenade_universal	0	Grenade	render/a6c15b2ea69d69c1fdfc3d6bd9c1667d__composite_0de807675ea995811b7b
19:tabWeapon	739	item.grenade_universal	0	Grenade	render/a6c15b2ea69d69c1fdfc3d6bd9c1667d__composite_0de807675ea995811b7b
19:tabWeapon	740	item.grenade_universal	0	Grenade	render/a6c15b2ea69d69c1fdfc3d6bd9c1667d__composite_0de807675ea995811b7b
19:tabWeapon	741	item.grenade_universal	0	Grenade	render/fd98ad9eac97074f5b0e75c853ce8156__composite_0de807675ea995811b7b
19:tabWeapon	742	item.grenade_universal	0	Grenade	render/fd98ad9eac97074f5b0e75c853ce8156__composite_0de807675ea995811b7b
19:tabWeapon	743	item.grenade_universal	0	Grenade	render/fd98ad9eac97074f5b0e75c853ce8156__composite_0de807675ea995811b7b
19:tabWeapon	744	item.grenade_universal	0	Grenade	render/fd98ad9eac97074f5b0e75c853ce8156__composite_0de807675ea995811b7b
19:tabWeapon	745	item.grenade_universal	0	Grenade	render/fd98ad9eac97074f5b0e75c853ce8156__composite_0de807675ea995811b7b
19:tabWeapon	746	item.disperser_canister_empty	0	Disperser Canister	render/b0c3647c39b1e5d4667ac02e3b815f4c
19:tabWeapon	747	item.disperser_canister	151	Disperser Canister: Compressed Air	render/a3315365287a0c7ca8c0103fcd4635f7
19:tabWeapon	748	item.disperser_canister	154	Disperser Canister: Hot Air Blast	render/0a0f515f3bf94f82c3503347d1bded25
19:tabWeapon	749	item.disperser_canister	1	Disperser Canister: Water	render/01351132c0f2a2ddafb25114ed6d2e82
19:tabWeapon	750	item.disperser_canister	60	Disperser Canister: Heavy Water	render/71108136cd519c1a58dbb41b26a06619
19:tabWeapon	751	item.disperser_canister	2	Disperser Canister: Steam	render/ed8aeb4d560f320f255a1f9ca0869df6
19:tabWeapon	752	item.disperser_canister	3	Disperser Canister: Dense Steam	render/b9251af46270a4511a72692617b15184
19:tabWeapon	753	item.disperser_canister	4	Disperser Canister: Super Dense Steam	render/d2d14dde3bcb34836766d911b15c4deb
19:tabWeapon	754	item.disperser_canister	5	Disperser Canister: Ultra Dense Steam	render/5032a4d6773b2c5f4462aa75e393f2f6
19:tabWeapon	755	item.disperser_canister	55	Disperser Canister: Carbon Dioxide	render/078f257914a428c961cd549ee7d108ae
19:tabWeapon	756	item.disperser_canister	6	Disperser Canister: Coolant	render/3f8c25b8e6bb220650caedd2779aaaaf
19:tabWeapon	757	item.disperser_canister	76	Disperser Canister: Hot Coolant	render/ae7427274a9e54835b441358df28812c
19:tabWeapon	758	item.disperser_canister	144	Disperser Canister: Perfluoromethyl	render/769d62ae54a97c702141da75c95b20c9
19:tabWeapon	759	item.disperser_canister	145	Disperser Canister: Cold Perfluoromethyl	render/6d37b11edf45b0990f4c4b466da98623
19:tabWeapon	760	item.disperser_canister	146	Disperser Canister: Hot Perfluoromethyl	render/135216c8df508536b15efb9c238da2de
19:tabWeapon	761	item.disperser_canister	77	Disperser Canister: Mug Root Beer	render/d5c7161e31d8024abdc9fcdac1915029
19:tabWeapon	762	item.disperser_canister	78	Disperser Canister: Hot Mug Root Beer	render/8443031fd6850e345b15992a89f7842e
19:tabWeapon	763	item.disperser_canister	38	Disperser Canister: Liquid Hydrogen	render/9c02fbc3f831c7f6c00a84b28862e4b2
19:tabWeapon	764	item.disperser_canister	8	Disperser Canister: Deuterium	render/57d336e6ba882836c420ccde152bb8e3
19:tabWeapon	765	item.disperser_canister	9	Disperser Canister: Tritium	render/e15e1d1237b600b6bd8e4f0ea74460e3
19:tabWeapon	766	item.disperser_canister	57	Disperser Canister: Helium-3	render/c1e29c8e06f96e7c43deea704d483332
19:tabWeapon	767	item.disperser_canister	123	Disperser Canister: Helium-4	render/d58778d68185e8fd7ba30d448130fa16
19:tabWeapon	768	item.disperser_canister	39	Disperser Canister: Liquid Oxygen	render/d12753afc5b8a7288f98e7c820bf82ea
19:tabWeapon	769	item.disperser_canister	40	Disperser Canister: Xenon Gas	render/bf9c35c8cb4da06f5e05e1b9e9019b39
19:tabWeapon	770	item.disperser_canister	89	Disperser Canister: Chlorine Gas	render/6bd386bf2e3fbdf8f9235bbaf9d0c668
19:tabWeapon	771	item.disperser_canister	42	Disperser Canister: Mercury	render/cb51b058b7e6f8e87d71864b6a5291b7
19:tabWeapon	772	item.disperser_canister	21	Disperser Canister: Light Oil	render/507d2a07a6d782f6e8b656186b1b2aa1
19:tabWeapon	773	item.disperser_canister	138	Disperser Canister: Desulfurized Light Oil	render/23144c324ae156a6bbad8805f4ba46ed
19:tabWeapon	774	item.disperser_canister	65	Disperser Canister: Cracked Light Oil	render/507d2a07a6d782f6e8b656186b1b2aa1
19:tabWeapon	775	item.disperser_canister	92	Disperser Canister: Vacuum Light Oil	render/f7999bd3f5da7fa34747f3a4077b3d6a
19:tabWeapon	776	item.disperser_canister	18	Disperser Canister: Engine Lubricant	render/648c75a526e2598702b60418e906f286
19:tabWeapon	777	item.disperser_canister	155	Disperser Canister: Flue Gas	render/f0595c0cd47c0eeb0383096ea78c4aac
19:tabWeapon	778	item.disperser_canister	23	Disperser Canister: Natural Gas	render/7ccada85009ac6f309e02b2143e20839
19:tabWeapon	779	item.disperser_canister	106	Disperser Canister: Coker Gas	render/b459210c7fff3120c68ab9f9ec407ded
19:tabWeapon	780	item.disperser_canister	24	Disperser Canister: Petroleum Gas	render/616a8338a88f79947c6bb45582df4564
19:tabWeapon	781	item.disperser_canister	93	Disperser Canister: Sour Gas	render/6c9ed3a7f325ab107b1f6be0a7790a74
19:tabWeapon	782	item.disperser_canister	25	Disperser Canister: LPG	render/fb2376e61e7d644a9d4d45cac8c266e7
19:tabWeapon	783	item.disperser_canister	86	Disperser Canister: Syngas	render/f0595c0cd47c0eeb0383096ea78c4aac
19:tabWeapon	784	item.disperser_canister	87	Disperser Canister: Oxyhydrogen	render/631b6e0d5207d25a52a54bc937032cdd
19:tabWeapon	785	item.disperser_canister	68	Disperser Canister: Unsaturated Hydrocarbons	render/cbf093b68097b80ab7e054d072292c74
19:tabWeapon	786	item.disperser_canister	99	Disperser Canister: Reformate Gas	render/6c765a745b483185d687a4485e0ccccb
19:tabWeapon	787	item.disperser_canister	20	Disperser Canister: Diesel	render/b37515d460166bf89964a4ce11f7f1a2
19:tabWeapon	788	item.disperser_canister	96	Disperser Canister: High-Cetane Diesel	render/a0aba98d8bb40771513678c3165defcf
19:tabWeapon	789	item.disperser_canister	66	Disperser Canister: Cracked Diesel	render/b37515d460166bf89964a4ce11f7f1a2
19:tabWeapon	790	item.disperser_canister	97	Disperser Canister: High-Cetane Cracked Diesel	render/903ab5f8f14517c5631e2fd4e77735a4
19:tabWeapon	791	item.disperser_canister	22	Disperser Canister: Kerosene	render/b3a923af28fbff93f3daac46987385fd
19:tabWeapon	792	item.disperser_canister	98	Disperser Canister: Jet Fuel	render/e004d870625ac4ce181f30437ab28bc6
19:tabWeapon	793	item.disperser_canister	17	Disperser Canister: Petroil	render/6ea3418f7563828579ce74118e2dfb28
19:tabWeapon	794	item.disperser_canister	72	Disperser Canister: Leaded Petroil	render/6ea3418f7563828579ce74118e2dfb28
19:tabWeapon	795	item.disperser_canister	46	Disperser Canister: Gasoline	render/248cc80af7f708c03d21144f99b87f2e
19:tabWeapon	796	item.disperser_canister	73	Disperser Canister: Leaded Gasoline	render/248cc80af7f708c03d21144f99b87f2e
19:tabWeapon	797	item.disperser_canister	47	Disperser Canister: Coal Gasoline	render/248cc80af7f708c03d21144f99b87f2e
19:tabWeapon	798	item.disperser_canister	74	Disperser Canister: Leaded Coal Gasoline	render/248cc80af7f708c03d21144f99b87f2e
19:tabWeapon	799	item.disperser_canister	26	Disperser Canister: Biogas	render/bb67e30f66566d4dbe4ee86f24c760f3
19:tabWeapon	800	item.disperser_canister	27	Disperser Canister: Biofuel	render/179885e155ab11682dd77198fbc4b292
19:tabWeapon	801	item.disperser_canister	59	Disperser Canister: Ethanol	render/034d5d41d8e11ecbf9b24a2658716e6a
19:tabWeapon	802	item.disperser_canister	110	Disperser Canister: Fish Oil	render/4ea565aaafa47d0bb550a2c113d84f63
19:tabWeapon	803	item.disperser_canister	111	Disperser Canister: Sunflower Seed Oil	render/4ab31a92de6b078092eb9cecf7d4729c
19:tabWeapon	804	item.disperser_canister	28	Disperser Canister: NITAN© 100 Octane Super Fuel	render/9a6656178144a5f5e2a444275dac5b6b
19:tabWeapon	805	item.disperser_canister	153	Disperser Canister: Deuterated Hydrocarbon	render/a6f5179149632128cdb23146dad31b17
19:tabWeapon	806	item.disperser_canister	35	Disperser Canister: Hydrogen Peroxide	render/bba64d091e73e76c94fb717fd76e6754
19:tabWeapon	807	item.disperser_canister	75	Disperser Canister: Sulfuric Acid	render/49ce0172be2bb08d65830301cbcd9df6
19:tabWeapon	808	item.disperser_canister	82	Disperser Canister: Nitric Acid	render/a1f188ae976937a8eef5d273e8d167ce
19:tabWeapon	809	item.disperser_canister	83	Disperser Canister: Solvent	render/fc1235f5d30b8304265eeb21e5dce98b
19:tabWeapon	810	item.disperser_canister	88	Disperser Canister: High-Performance Solvent	render/728f25c08918f5987cf7e530a0464950
19:tabWeapon	811	item.disperser_canister	32	Disperser Canister: Schrabidic Acid	render/e4309553692caa153483605f4a1c39da
19:tabWeapon	812	item.disperser_canister	29	Disperser Canister: Uranium Hexafluoride	render/98bf5303622f2afe3163f36f7a86c688
19:tabWeapon	813	item.disperser_canister	30	Disperser Canister: Plutonium Hexafluoride	render/99ccb45eee92a186962da6080aa0be4c
19:tabWeapon	814	item.disperser_canister	31	Disperser Canister: Schrabidium Trisulfide	render/a9f824c09ef5c63302ebaaf9b38f22a3
19:tabWeapon	815	item.disperser_canister	130	Disperser Canister: Fullerene Solution	render/114e54286f76636f56a63d990e6dd194
19:tabWeapon	816	item.disperser_canister	107	Disperser Canister: Dissolved Egg	render/e9a13c351cf4d03d07d674d3bfb0cfa1
19:tabWeapon	817	item.disperser_canister	108	Disperser Canister: Cholesterol Solution	render/f069fb40eff105a331f0f1602a435e4f
19:tabWeapon	818	item.disperser_canister	148	Disperser Canister: Sodium Aluminate	render/35af463f86625a14af65e5939524a554
19:tabWeapon	819	item.disperser_canister	150	Disperser Canister: Alumina	render/08e95d5caaad57230fa9247fda08c8b0
19:tabWeapon	820	item.disperser_canister	152	Disperser Canister: Liquid Concrete	render/8b69be2894b585159c70dc0522ddbe60
19:tabWeapon	821	item.disperser_canister	147	Disperser Canister: Lye	render/c2c92f0afe04234c326adce05b4d6aea
19:tabWeapon	822	item.disperser_canister	101	Disperser Canister: Phosgene	render/bfe90632a97d49b8b76699905f3aa969
19:tabWeapon	823	item.disperser_canister	102	Disperser Canister: Mustard Gas	render/6bd386bf2e3fbdf8f9235bbaf9d0c668
19:tabWeapon	824	item.disperser_canister	109	Disperser Canister: Estradiol Solution	render/e366614c728909de8c24cf2f811c3ada
19:tabWeapon	825	item.disperser_canister	112	Disperser Canister: Nitroglycerin	render/56b415be8f173018b416a0018b89b132
19:tabWeapon	826	item.disperser_canister	71	Disperser Canister: Ender Juice	render/9994f8414a698106595bcb8feb3c0d37
19:tabWeapon	827	item.disperser_canister	131	Disperser Canister: Booster Pheromone	render/c2fc7e7edf59d6b47356ccf037e5182d
19:tabWeapon	828	item.disperser_canister	132	Disperser Canister: Modified Booster Pheromone	render/76477c47d81f7b31a19e558338f0bd71
19:tabWeapon	829	item.disperser_canister	1000	Disperser Canister: Custom Fluid Demo	render/33ca9fb3bb1a82bf06c15e4531fde1d5
19:tabWeapon	830	item.glyphid_gland_empty	0	Glyphid's Fluid Gland	render/2723950107c2fc07614de7ab390805d8
19:tabWeapon	831	item.glyphid_gland	75	Sulfuric Acid Gland	render/0e33d3288abc7ca2c2f29acc7a608cd8
19:tabWeapon	832	item.glyphid_gland	131	Booster Pheromone Gland	render/52176e394842b10e962ed9a9a4ef8e41
19:tabWeapon	833	item.ullapool_caber	0	Ullapool Caber	render/559c828a65c1f61ba4377ee9c1ca6570
19:tabWeapon	834	item.weaponized_starblaster_cell	0	§cRigged Star Blaster Energy Cell§r	render/79fed59a6d10a9a9e271cbc8f203dd62
20:tabConsumable	0	tile.machine_keyforge	0	Locksmith Table	render/9d103212b1f540cac3d876583d401c58
20:tabConsumable	1	tile.machine_armor_table	0	Armor Modification Table	render/59ed056897a5fa4dfd2cfe0190436595
20:tabConsumable	2	tile.machine_weapon_table	0	Weapon Modification Table	render/7b41547388d546d972fdf9548886fd8f
20:tabConsumable	3	tile.crate	0	Supply Crate	render/6a542b1fa762f08766886f137fa08b02
20:tabConsumable	4	tile.crate_weapon	0	Weapon Crate	render/f703aa6ea1bb4f578347b687976c7bb8
20:tabConsumable	5	tile.crate_lead	0	Hazmat Crate	render/449272a579a6b29d0bbee010f95db0bb
20:tabConsumable	6	tile.crate_metal	0	Machine Crate	render/ee4f216095d7bbcd39460054a860bb33
20:tabConsumable	7	tile.crate_can	0	Conserve Crate	render/449e899f6432e0931c42713c90f24139
20:tabConsumable	8	tile.crate_ammo	0	Starmetal Crate	render/532c2a33c5caf87440165fac5242b110
20:tabConsumable	9	tile.crate_jungle	0	Enargite Crate	render/630abee1f05aaaa774f6d1dcbf7b7fa1
20:tabConsumable	10	item.bobmazon	0	Bobmazon	render/2ce568b9661c94ee08b473e18def5acc
20:tabConsumable	11	item.chopper	0	Hunter Chopper	render/3e83a9ddb4f98d03021ab35f8bb07171
20:tabConsumable	12	item.spawn_worm	0	Balls-O-Tron Prime	render/716ce76d5ba319744c2985c38d61d353
20:tabConsumable	13	item.spawn_ufo	0	Martian Invasion Ship	render/98055675fad4f3d1e6c318d44d621682
20:tabConsumable	14	item.spawn_duck	0	Golden Egg	render/ab68d9bc33a37cdebcd08ebbf20fe8b7
20:tabConsumable	15	item.linker	0	Telelinker	render/9a690548dc415f6dd51fc0815d0e8a34
20:tabConsumable	16	item.reactor_sensor	0	Reactor Remote Sensor	render/353893545581d86b440f132abd1cacb8
20:tabConsumable	17	item.oil_detector	0	Oil Reservoir Detector	render/c04579b56bcd841dc95c6ce64d508d45
20:tabConsumable	18	item.ore_density_scanner	0	Bedrock Ore Density Scanner	render/aa5a7be99100617785150c6bc28580a4
20:tabConsumable	19	item.survey_scanner	0	Survey Scanner	render/9c916ecb72f58b3e683a0490a0b87bcf
20:tabConsumable	20	item.mirror_tool	0	Mirror Adjustment Tool	render/77ee6007d27a278b7c5d0f6e64e3b270
20:tabConsumable	21	item.rbmk_tool	0	RBMK Console Linking Device	render/bd2d861a4385466f916b7f01e52e0771
20:tabConsumable	22	item.drone_linker	0	Transport Drone Linker	render/145a37910674f9ae7ff116ec0feae99b
20:tabConsumable	23	item.radar_linker	0	Radar Linker	render/cbeddfcde6d288a49eb35474fa0dd03c
20:tabConsumable	24	item.coltan_tool	0	Coltass	render/e86e8204560e85429111e1bc7e229a92
20:tabConsumable	25	item.power_net_tool	0	Cable Network Analysis Tool	render/d220ae9aa6a0ec7a144256291d878b53
20:tabConsumable	26	item.analysis_tool	0	Analysis Tool	render/e2df5736291295d54f083b7d86b8db5f
20:tabConsumable	27	item.coupling_tool	0	item.coupling_tool.name	render/f013dc658aefb57f94d2ada92e79f985
20:tabConsumable	28	item.settings_tool	0	Settings Tool	render/f0cd3ae6d799e5826f9a27d65f8b87fd
20:tabConsumable	29	item.rtty_pager	0	Redstone-over-Radio Pager	render/8554c7cf4588d4b974bbdab355db20f8
20:tabConsumable	30	item.dosimeter	0	Dosimeter	render/15156973794bd6d86577b633491d4bf7
20:tabConsumable	31	item.geiger_counter	0	Handheld Geiger Counter	render/81d334971d0f7a44a45bf5877aec107e
20:tabConsumable	32	item.digamma_diagnostic	0	Digamma Diagnostic	render/20455251d9784db36e0f12efafecb49a
20:tabConsumable	33	item.pollution_detector	0	Pollution Detector	render/59468bad41a9fdeddb8d15c898a2b360
20:tabConsumable	34	item.containment_box	0	Containment Box	render/cb304b96bf0ec6ffd0b2ad6e21a4a942
20:tabConsumable	35	item.plastic_bag	0	Plastic Bag	render/2ab583577987c221d521c9e8b5f1eb92
20:tabConsumable	36	item.ammo_bag	0	Ammo Bag	render/9a2acab94c0d7909413341bab54a8503
20:tabConsumable	37	item.ammo_bag_infinite	0	Infinite Ammo Bag	render/43d4f551da30f833f841cc841c1a3b8c
20:tabConsumable	38	item.casing_bag	0	Bullet Casing Bag	render/d48fb5db4b7aa978594879a821766965
20:tabConsumable	39	item.key	0	Key	render/058018049359a1798497e1c6fd170d96
20:tabConsumable	40	item.key_kit	0	Key Imitation Kit	render/a1b89a03d1ded61dd5f08a0299ccaf5c
20:tabConsumable	41	item.key_fake	0	Counterfeit Key	render/96a93c244b3d61a759036db393d63653
20:tabConsumable	42	item.pin	0	Bobby Pin	render/380cd44aaa9ad7e91ec3f60d103f386f
20:tabConsumable	43	item.padlock_rusty	0	Rusty Padlock	render/b2022963e7ad96a1e226aaffaafb67f8
20:tabConsumable	44	item.padlock	0	Padlock	render/ba4e8d912adaba7fe5cfecf77c3cc733
20:tabConsumable	45	item.padlock_reinforced	0	Reinforced Padlock	render/cbf0fbf34dab1fd9c7cdd8ea2cdb608f
20:tabConsumable	46	item.syringe_empty	0	Empty Syringe	render/86326d28a5e0255bb34de9eabff5ead5
20:tabConsumable	47	item.syringe_antidote	0	Antidote	render/7c309964350ab3405eafa21a55b730f0
20:tabConsumable	48	item.syringe_poison	0	Poisonous Injection	render/583a39be25eb0858a03c1ec38ee5a7e9
20:tabConsumable	49	item.syringe_awesome	0	AWESOME	render/d0092cd5fad9a8bc4cc31d88b71f7a58
20:tabConsumable	50	item.syringe_metal_empty	0	Metal Syringe	render/3e40c6c688c8f0e9e0e7fa725f027309
20:tabConsumable	51	item.syringe_metal_stimpak	0	Stimpak	render/b7d3986cb20d7fbf56589fce4557cd29
20:tabConsumable	52	item.syringe_metal_medx	0	Med-X	render/b634632d6468034375470153977f6a1d
20:tabConsumable	53	item.syringe_metal_psycho	0	Psycho	render/dc87f380a692249d1ea8ed297870c1a9
20:tabConsumable	54	item.syringe_metal_super	0	Super Stimpak	render/51ff338bd208af836c21b96cac5d91ca
20:tabConsumable	55	item.syringe_taint	0	Watery Taint Injection	render/c06b96f0884967949b952fda79ff925e
20:tabConsumable	56	item.med_bag	0	First Aid Kit	render/fa362e57b32bc61fae7b600d7bbea4ab
20:tabConsumable	57	item.iv_empty	0	IV Bag	render/54f0b6c9780923a785df9fcf2afcd666
20:tabConsumable	58	item.iv_blood	0	Blood Bag	render/2be99d640de08697140fa534b00cb767
20:tabConsumable	59	item.iv_xp_empty	0	Empty Experience Bag	render/81d7a2cf7e34caaeb50d3b15ae2f8c79
20:tabConsumable	60	item.iv_xp	0	Experience Bag	render/6a96db5da03cd962a584cc2e126e4fe4
20:tabConsumable	61	item.radaway	0	RadAway	render/5531ec99e38a32bc7e32f5a4edfa31e2
20:tabConsumable	62	item.radaway_strong	0	Strong RadAway	render/2f6957424358ae7ed1670a19bbdc0f15
20:tabConsumable	63	item.radaway_flush	0	Elite RadAway	render/c1075752e280622a35f6fc04aa2bb925
20:tabConsumable	64	item.radx	0	Rad-X	render/c739bf705502ca7883528f73467d2914
20:tabConsumable	65	item.siox	0	SiOX Cancer Medication	render/2463b019ed8502f78dbd159f4c9943a0
20:tabConsumable	66	item.pill_herbal	0	Herbal Paste	render/2e53eb2781bac58c26672868d3bd9453
20:tabConsumable	67	item.pill_iodine	0	Iodine Pill	render/7d390cf40008194c7a7fae5e041ed01e
20:tabConsumable	68	item.xanax	0	NAXA Anti-Digamma Medication	render/c7f89e89120957a5fef55f0887a85ca7
20:tabConsumable	69	item.fmn	0	Flunitrazepam Tablet	render/6e7188ef038f41fc2bc8070b92c68a6f
20:tabConsumable	70	item.five_htp	0	Enteramine Pills	render/030ef2e9848151ef88a340c086f41784
20:tabConsumable	71	item.plan_c	0	Plan C	render/cdd810dac1ad16d688502d0bf227891c
20:tabConsumable	72	item.pill_red	0	Red Pill	render/882d43653604bb8e53a339886dcd7fc6
20:tabConsumable	73	item.stealth_boy	0	Stealth Device	render/8c080d62ac01008b28427dc2929c0315
20:tabConsumable	74	item.gas_mask_filter	0	Gas Mask Filter	render/d6fa838f26af79cd16b9ff48ddccf189
20:tabConsumable	75	item.gas_mask_filter_mono	0	Catalytic Mask Filter	render/b6ee0f81ea3225e14df0cf3d01b36efa
20:tabConsumable	76	item.gas_mask_filter_combo	0	Gas Mask Combo Filter	render/3db3049319df47892c25f274a195b169
20:tabConsumable	77	item.gas_mask_filter_rag	0	Makeshift Gas Mask Filter	render/f625abb7b9d077173f586ce895028940
20:tabConsumable	78	item.gas_mask_filter_piss	0	Advanced Makeshift Gas Mask Filter	render/015f90098ec1851c5353241dd1204960
20:tabConsumable	79	item.jetpack_tank	0	Jetpack Reserve Fuel Tank	render/a0eddfd22495e6901eee1906d6ab0a64
20:tabConsumable	80	item.gun_kit_1	0	Gun Oil	render/08c3d544cba638c986ded3290036e6af
20:tabConsumable	81	item.gun_kit_2	0	Gun Repair Kit	render/a24a920bf4f5dc7a380744d9052f1947
20:tabConsumable	82	item.bomb_waffle	0	Waffle of Mass Destruction	render/2e08892f99e02e25d64d6b86f648e59a
20:tabConsumable	83	item.schnitzel_vegan	0	Vegan Schnitzel	render/bbb9123805d370f84998d0d48f692a96
20:tabConsumable	84	item.cotton_candy	0	Radioactive Cotton Candy	render/077688875c3ffa1d7b8d9c41cd9c81bb
20:tabConsumable	85	item.apple_lead	0	Lead Apple	render/81c2ca530f92698cc2483442f37f9a0a
20:tabConsumable	86	item.apple_lead	1	Lead Apple	render/81c2ca530f92698cc2483442f37f9a0a
20:tabConsumable	87	item.apple_lead	2	Lead Apple	render/81c2ca530f92698cc2483442f37f9a0a
20:tabConsumable	88	item.apple_schrabidium	0	Schrabidium Apple	render/c5bda83346921f86eeab306dca330fa1
20:tabConsumable	89	item.apple_schrabidium	1	Schrabidium Apple	render/c5bda83346921f86eeab306dca330fa1
20:tabConsumable	90	item.apple_schrabidium	2	Schrabidium Apple	render/c5bda83346921f86eeab306dca330fa1
20:tabConsumable	91	item.tem_flakes	0	Tem Flakes	render/a47b81e09dcaabe562fa02b2c2c0d792
20:tabConsumable	92	item.tem_flakes	1	Tem Flakes	render/a47b81e09dcaabe562fa02b2c2c0d792
20:tabConsumable	93	item.tem_flakes	2	Tem Flakes	render/a47b81e09dcaabe562fa02b2c2c0d792
20:tabConsumable	94	item.glowing_stew	0	Glowing Mushroom Stew	render/49d93b881cbc3b197bc0557a7d8b48ee
20:tabConsumable	95	item.balefire_scrambled	0	Scrambled Balefire Egg	render/624d0c42dbf0551c345be0fb53161338
20:tabConsumable	96	item.balefire_and_ham	0	Ham and Balefire Eggs	render/4a11c4d3887f07e73f94bf8e89624edf
20:tabConsumable	97	item.lemon	0	"Lemon"	render/e45c23c0f56cf4e0b6ce7cfe3bef7a99
20:tabConsumable	98	item.definitelyfood	0	MRE	render/de048e41a10eebae5d2ef3901789c303
20:tabConsumable	99	item.loops	0	Lööps	render/8bb0d1d4788d92f4caa895f1e837517d
20:tabConsumable	100	item.loop_stew	0	IT Breakfast	render/1c19e717f1bfc10f64fe2f18461a3c9f
20:tabConsumable	101	item.spongebob_macaroni	0	Spongebob Macaroni	render/5493caefe55e1702bc589b8a0a09cfc6
20:tabConsumable	102	item.fooditem	0	food item	render/f26de3f45dcfaeeb10d0cb6fa766ff13
20:tabConsumable	103	item.twinkie	0	Twinkie	render/cfcaefc8783d5f8d98681073c6ea640a
20:tabConsumable	104	item.static_sandwich	0	Sandwich Garnished with TV Static	render/f079d1d10d913eca2c4aefb8abdd1d39
20:tabConsumable	105	item.pudding	0	Pudding	render/16b68a6a558b5b4561e65958d990f615
20:tabConsumable	106	item.pancake	0	Pancake made from Scrap Metal, Nails and Gem Dust	render/090c310543f9a7b51a5b5318891240f7
20:tabConsumable	107	item.nugget	0	Chicken Nugget	render/f8ff86bbca3c840387eedaace14e119f
20:tabConsumable	108	item.peas	0	Peas	render/d988d147c1bd049131b6e25169b34b4e
20:tabConsumable	109	item.marshmallow	0	Marshmallow on a Stick	render/919e7188d8d1d0bd5155b92fa78f56e5
20:tabConsumable	110	item.marshmallow	1	Marshmallow on a Stick	render/206e86285c832c444910bc97515015d7
20:tabConsumable	111	item.cheese	0	Cheese	render/82d0a418634c5a87032a6ee00eeccacd
20:tabConsumable	112	item.cheese_quesadilla	0	Cheese Quesadilla	render/691080f5b6b0ad8773493a3bfe2b54b6
20:tabConsumable	113	item.glyphid_meat	0	Glyphid Meat	render/751a2affe53adda1a5e62bf0ca180f3a
20:tabConsumable	114	item.glyphid_meat_grilled	0	Grilled Glyphid Meat	render/b2b517cd1c2d8a2dfe0c6a39a9d9fde2
20:tabConsumable	115	item.egg_glyphid	0	Glyphid Egg	render/bb6fbdce11dc6198f089c0ef86264721
20:tabConsumable	116	item.med_ipecac	0	Ipecac Syrup	render/ab1216c2f9c70105448ade73fc9c8245
20:tabConsumable	117	item.med_ptsd	0	PTSD Medication	render/d91e6d8612d2644f028ec86368a81f85
20:tabConsumable	118	item.canteen_vodka	0	Stylish Flask	render/b1e82dafdbd7ef0a1b4f741357088af7
20:tabConsumable	119	item.mucho_mango	0	AriZona Mucho Mango	render/8202ff994109fb0a5d6a245fa9f250db
20:tabConsumable	120	item.chocolate	0	Ithis-Brand Radium Chocolate	render/c1a900903f552e9bd18c51aeae60820b
20:tabConsumable	121	item.can_empty	0	Empty Can	render/e81ecd89849b9eb1718f6618bee0fc0e
20:tabConsumable	122	item.can_smart	0	'Smart' Energy Drink	render/9e9be73f88e98a18eed3e33940165214
20:tabConsumable	123	item.can_creature	0	'Creature' Energy Drink	render/2f9aa4a11396119bb7834352bbeb6134
20:tabConsumable	124	item.can_redbomb	0	'Red Bomb' Energy Drink	render/7e2231b7bd0b3b43d47291665cc7d83d
20:tabConsumable	125	item.can_mrsugar	0	'Dr. Sugar' Soft Drink	render/a34d3409137054bce47543716aa72636
20:tabConsumable	126	item.can_overcharge	0	Overcharge Delirium XT	render/b2847f0ee0a2da07a3b64ef8d4391d25
20:tabConsumable	127	item.can_luna	0	Black Mesa Luna - Dark Cola	render/4e63d8e0e9ab69fda21ff900d0cc0c43
20:tabConsumable	128	item.can_bepis	0	Bepis	render/c706c0dd21c4d847bea200257cc3c02e
20:tabConsumable	129	item.can_breen	0	Dr>Breens Private Reserve	render/5f762f7b9d0931b086a29e3c09c0b20b
20:tabConsumable	130	item.can_mug	0	MUG Root Beer	render/8c183bdf81b09df160cc2df0fa453449
20:tabConsumable	131	item.coffee	0	Coffee	render/4eac8751d4ea99956c879fc2c63ead6d
20:tabConsumable	132	item.coffee_radium	0	Radium Coffee	render/cf8c7480a03816a75e1fbe0b78503130
20:tabConsumable	133	item.bottle_nuka	0	Bottle of Nuka Cola	render/987451d17e4229a962acee9e42334282
20:tabConsumable	134	item.bottle_cherry	0	Bottle of Nuka Cherry	render/14e7c6f90830c1a76bbe125a91cf7ea9
20:tabConsumable	135	item.bottle_quantum	0	Bottle of Nuka Cola Quantum	render/70e959c5552e112f8de78eb64d78b498
20:tabConsumable	136	item.bottle_sparkle	0	Bottle of S~Cola	render/3091edd26a41b10e73d759aa7b812883
20:tabConsumable	137	item.bottle_rad	0	Bottle of S~Cola RAD	render/bb35ed50b44e22727af580c184990ec3
20:tabConsumable	138	item.bottle2_korl	0	Korl	render/6a41085bfa2de3c649ae3a8e0c17f772
20:tabConsumable	139	item.bottle2_fritz	0	Fritz Cola	render/24cdd53a421dbce0dc2aa0645d3b9608
20:tabConsumable	140	item.bottle_opener	0	Hbm's Own Self-Made Bottle Opener	render/82a4b67a4efeba40889ae8aed50fb836
20:tabConsumable	141	item.flask_infusion	0	Shield Infusion	render/9989417a5b079dc3df81e9b8678fae3a
20:tabConsumable	142	item.canned_conserve	0	Canned Beef	render/90894f16b198c569b38065595c7915ed
20:tabConsumable	143	item.canned_conserve	1	Canned Tuna	render/10f6b9ae50a60e700465163b81c4204e
20:tabConsumable	144	item.canned_conserve	2	Canned Mystery Meat	render/4e5d7f34769479bc584aeee02df3ce86
20:tabConsumable	145	item.canned_conserve	3	Паштет	render/7eb16bd90abd15b510c8d2af075f67a6
20:tabConsumable	146	item.canned_conserve	4	Canned Melted Cheese	render/5de965f39c0942a674e867ac1c960a60
20:tabConsumable	147	item.canned_conserve	5	Condensed Horse Slime	render/0dae5217ba2e1e5bbb25fd79a43dd86b
20:tabConsumable	148	item.canned_conserve	6	Canned Evaporated Milk	render/cb70a040da0794867f223909df7c6f2f
20:tabConsumable	149	item.canned_conserve	7	Canned Ass	render/32474ef4e80a8ab8d95cfdb17849e265
20:tabConsumable	150	item.canned_conserve	8	Canned Pepperoni Pizza	render/592f513550b70f47f3a6db5e6deee89d
20:tabConsumable	151	item.canned_conserve	9	Astronaut Food Tube	render/c75aeb170c56f52ffec4a8f3d6443252
20:tabConsumable	152	item.canned_conserve	10	Canned Tomato Soup	render/057c5207d19fa1bf53c4376aa724f5dc
20:tabConsumable	153	item.canned_conserve	11	Canned Asbestos	render/eb31b6bb0e3efdc986c996460f017836
20:tabConsumable	154	item.canned_conserve	12	Canned Black Hole	render/c5f02a0518d24416af1911f1939b0923
20:tabConsumable	155	item.canned_conserve	13	Canned Hotdogs	render/c6a9b9a6a12c1f5cfd27dc248d693a02
20:tabConsumable	156	item.canned_conserve	14	Leftover Conserve	render/d9c11bd3f990b3757e95cc809519d3fd
20:tabConsumable	157	item.canned_conserve	15	Canned Yogurt	render/7d9407495ab141a4387c8391acf0a045
20:tabConsumable	158	item.canned_conserve	16	Canned "Mushroom Stew"	render/2eb9343c9353f753da902652cfe0074f
20:tabConsumable	159	item.canned_conserve	17	Canned Chinese Food	render/cdee3a61ec3988b6a7177cc377bdc0a2
20:tabConsumable	160	item.canned_conserve	18	Canned Engine Oil	render/e7e43be0a50a1797eb1ba78ae65d1f02
20:tabConsumable	161	item.canned_conserve	19	Canned Fist	render/fdcafe81877a5ed6ef1f3f650f8fcae7
20:tabConsumable	162	item.canned_conserve	20	Canned Spam	render/315cdd3c40cf8abe4e3aad36ef247bae
20:tabConsumable	163	item.canned_conserve	21	Canned Fried Chicken	render/ca7b1d6aa15146e5dc3ec6a6de017823
20:tabConsumable	164	item.canned_conserve	22	Canned Napalm	render/8c7a82ca9fcc43d9deef0e64c5a6d6dd
20:tabConsumable	165	item.canned_conserve	23	Canned Diesel	render/d340bf69c9323f437fa80a67f372cbf6
20:tabConsumable	166	item.canned_conserve	24	Canned Kerosene	render/fbdf6cf8db42727c4564f4be06d2f3c0
20:tabConsumable	167	item.canned_conserve	25	Canned Recursion	render/463d21b9fd9359170f50f81306228dda
20:tabConsumable	168	item.canned_conserve	26	Canned Pine Bark Jerky	render/0e963bcdccadeb87aa283c0beb2485b1
20:tabConsumable	169	item.cap_nuka	0	Nuka Cola Bottle Cap	render/7105acaf486c77314846e8615287b9cd
20:tabConsumable	170	item.cap_quantum	0	Nuka Cola Quantum Bottle Cap	render/5829f3118544b7415ddae509491788f1
20:tabConsumable	171	item.cap_sparkle	0	S~Cola Bottle Cap	render/bd7b9eb4855271e8cabf604f8466068f
20:tabConsumable	172	item.cap_rad	0	S~Cola RAD Bottle Cap	render/9f0adc237b885117846b3d956cd33357
20:tabConsumable	173	item.cap_korl	0	Korl Bottle Cap	render/59d343843da14295a89327586ce859d9
20:tabConsumable	174	item.cap_fritz	0	Fritz Cola Bottle Cap	render/be45e2415cc52b7e85e2f391b6769f7a
20:tabConsumable	175	item.ring_pull	0	Ring Pull	render/122abb1f48ea16fda89d71e119a665fd
20:tabConsumable	176	item.can_key	0	Winding Key	render/626f8edd24e535ee0c6ac3505307abfe
20:tabConsumable	177	item.coin_creeper	0	Nuclear Creeper Coin	render/dbfd9a4c9f39f0f6864b850663e91335
20:tabConsumable	178	item.coin_radiation	0	Radiation Coin	render/4c4d1c8f257a701df480d02c7c1d8275
20:tabConsumable	179	item.coin_maskman	0	Maskman Coin	render/1e5c446351939b9df4d9ed25c54596de
20:tabConsumable	180	item.coin_worm	0	Balls-O-Tron Coin	render/4b39b662e6f8290677130a9665365b9d
20:tabConsumable	181	item.coin_ufo	0	UFO Coin	render/d7f7587534faabff13b31a5c07b3d16d
20:tabConsumable	182	item.coin_token	0	Vending Machine Token	render/2fe3ab9372b927ff5818eb5d0a96d157
20:tabConsumable	183	item.medal_liquidator	0	Liquidator Medal	render/790ad12e0e11c333d1b02b1223a1f1ce
20:tabConsumable	184	item.bottled_cloud	0	Cloud in a Bottle	render/b9dc8af89d95b974fbd2bd13b61ff9c0
20:tabConsumable	185	item.protection_charm	0	Charm of Protection	render/0e44fcbcdadab4bdc32739f921ea6d13
20:tabConsumable	186	item.meteor_charm	0	Meteor Charm	render/1d6a8d1b5f078eca3dd315dba2942510
20:tabConsumable	187	item.neutrino_lens	0	Neutrino Lens	render/ef686fc9ec1de942b112c6d363b33c04
20:tabConsumable	188	item.gas_tester	0	Gas Sensor	render/a220b071c419ce085dce37f02ac038d6
20:tabConsumable	189	item.defuser_gold	0	Golden Wire Cutter	render/5d5d054f4fc7a4c8e44f1d61aa037530
20:tabConsumable	190	item.ballistic_gauntlet	0	Ballistic Gauntlet	render/b25d34483d83f96d18f9a404709fdef3
20:tabConsumable	191	item.night_vision	0	Night Vision Goggles	render/dd51838e8a526e0eab49953802460d2f
20:tabConsumable	192	item.australium_iii	0	Mark III Life Extender	render/9f78b590c5b548008f1eaa4300f2a17e
20:tabConsumable	193	item.armor_battery	0	Power Armor Battery Pack	render/37c71c50f080043493ede8193e4a4992
20:tabConsumable	194	item.armor_battery_mk2	0	Power Armor Battery Pack Mk2	render/fd234b90e30fbadde5ed96bf5e4edcf4
20:tabConsumable	195	item.armor_battery_mk3	0	Power Armor Battery Pack Mk3	render/80b17d93425fe5ed7e5e2e106a35a455
20:tabConsumable	196	item.chocolate_milk	0	Chocolate Milk	render/a3ec211772e917b60c2540849d693912
20:tabConsumable	197	item.cigarette	0	FFI-Brand Cigarette	render/23e3b5bef3c325faeaaba0abaed8fcac
20:tabConsumable	198	item.crackpipe	0	Health Pipe	render/bf95b8b0723bca0018678597d2d0fc16
20:tabConsumable	199	item.bdcl	0	BDCL	render/966a001887f2248d2babd6790658e173
20:tabConsumable	200	item.attachment_mask	0	Gas Mask Attachable	render/2622419c8680ebee012246430daffd78
20:tabConsumable	201	item.attachment_mask_mono	0	Half Mask Attachable	render/010dad3204d20bd8da9cf6038d799bd6
20:tabConsumable	202	item.back_tesla	0	Back-Mounted Tesla Coil	render/91ac93d187da6fbcdda78ee65dc7cd70
20:tabConsumable	203	item.servo_set	0	Servo Set	render/3dc4f68fb6a1c6a6beb06fddf3a30965
20:tabConsumable	204	item.servo_set_desh	0	Desh Servo Set	render/59e1bb270d62837786d9a5ae2dbbcbe4
20:tabConsumable	205	item.pads_rubber	0	Rubber Pads	render/2bd54d8a982dcf8195200cd5ab702502
20:tabConsumable	206	item.pads_slime	0	Slime Pads	render/020ea01ac03c19e01b000efcfc6752be
20:tabConsumable	207	item.pads_static	0	Static Pads	render/da5bcb7c57164b44912f6588de4fe271
20:tabConsumable	208	item.cladding_paint	0	Lead Paint	render/c926a0b2c2c3be361ea3725eec266f51
20:tabConsumable	209	item.cladding_rubber	0	Rubber Cladding	render/f034a03507878128a0a8557bdb27e83c
20:tabConsumable	210	item.cladding_lead	0	Lead Cladding	render/f355806b574d1b309a6a9ad7f53d9105
20:tabConsumable	211	item.cladding_desh	0	Desh Cladding	render/862913d77782b934d03db04bbe4bec30
20:tabConsumable	212	item.cladding_ghiorsium	0	Ghiorsium Cladding	render/eb87c4be479f3b6fc8ad33dce935e52c
20:tabConsumable	213	item.cladding_iron	0	Iron Cladding	render/901479c69c6296d12417601e1649ace8
20:tabConsumable	214	item.cladding_obsidian	0	Obsidian Skin	render/7a27f074fc93f6055c0ad21c50d7b048
20:tabConsumable	215	item.insert_kevlar	0	Kevlar Insert	render/c680d432a602bddfda632d0af426c2a0
20:tabConsumable	216	item.insert_sapi	0	SAPI Insert	render/972f0f28e6f463947346448ec64f3cc9
20:tabConsumable	217	item.insert_esapi	0	ESAPI Insert	render/d80562e4e2eb31e591c33c317ecce32a
20:tabConsumable	218	item.insert_xsapi	0	XSAPI Insert	render/bdbdb626644a511b00a7d6b2f2b565f5
20:tabConsumable	219	item.insert_steel	0	Heavy Steel Insert	render/a0ad31ab9babeaa1456270412222fbac
20:tabConsumable	220	item.insert_du	0	DU Insert	render/8d8d6e09b863c00ffa6120d46ebe20c6
20:tabConsumable	221	item.insert_polonium	0	Polonium Insert	render/b11cacd3675aecd7986b74b7cb196649
20:tabConsumable	222	item.insert_ghiorsium	0	Ghiorsium Insert	render/dbe703591942868f427be8c870394684
20:tabConsumable	223	item.insert_era	0	Explosive Reactive Armor Insert	render/a034204b13974f55b6c8e2b9c472b44f
20:tabConsumable	224	item.insert_yharonite	0	Yharonite Insert	render/04cd78d84c590934a1b6c0dd13c2578a
20:tabConsumable	225	item.insert_doxium	0	Astolfium-Doped Doxium Insert	render/95d03b571e9731e41281f403db9910e6
20:tabConsumable	226	item.armor_polish	0	ShiningArmor™ Armor Polish	render/ecd9fb26dbd57557800f7ae75290388b
20:tabConsumable	227	item.bandaid	0	Velvet Band-Aid	render/feb1b1a697b1ecbe6836aa3d9ec2dc67
20:tabConsumable	228	item.serum	0	Serum	render/354a1c09c5a8414984acc1c78d48b059
20:tabConsumable	229	item.quartz_plutonium	0	Plutonic Quartz	render/f8535cd50d71e632f5ddeeba29316004
20:tabConsumable	230	item.morning_glory	0	Morning Glory	render/35f0bdbbe5c6b1ed639bb82ed37799cd
20:tabConsumable	231	item.lodestone	0	Lodestone	render/3cc93c5cbe338201c031469f6f67d5ac
20:tabConsumable	232	item.horseshoe_magnet	0	Horseshoe Magnet	render/f075982a534c1bf030ce2d29e24e3b4d
20:tabConsumable	233	item.industrial_magnet	0	Industrial Magnet	render/7766a6d64497a63d77405829a78e6132
20:tabConsumable	234	item.bathwater	0	Toxic Soapy Water	render/f620ee351cda4f71b4d4fbebc0a143e8
20:tabConsumable	235	item.bathwater_mk2	0	Toxic Soapy Water (Horse Scented)	render/a95f24745422e39f1ec1db9847443fd4
20:tabConsumable	236	item.spider_milk	0	Bottle of Spider Milk	render/938d010061d4fa8ffc20a2f6202bd40a
20:tabConsumable	237	item.ink	0	林 Ink	render/68817dcb1317fd23539af39bdab635d8
20:tabConsumable	238	item.heart_piece	0	Heart Piece	render/2d4edf59c0e02d658ffb86b392dc5dcd
20:tabConsumable	239	item.heart_container	0	Heart Container	render/87cc83ec2ce03a1a557cc83d539da523
20:tabConsumable	240	item.heart_booster	0	Heart Booster	render/ddd417380dd17d97a180081451d1f832
20:tabConsumable	241	item.heart_fab	0	Heart of Darkness	render/1f61d9dc2324a7d98ecc603510162bcf
20:tabConsumable	242	item.black_diamond	0	Black Diamond	render/0aa9afd64efce84fabf589b4374fd865
20:tabConsumable	243	item.wd40	0	VT-40	render/f19006cf1f2cd49d736a4d4111d82be9
20:tabConsumable	244	item.scrumpy	0	Bottle of Scrumpy	render/6fe825ad456a36dbdbf9441b8799fe96
20:tabConsumable	245	item.wild_p	0	Wild Pegasus Dry Whiskey	render/691afae6855cbe0e62a7007442dcfaa3
20:tabConsumable	246	item.shackles	0	Shackles	render/d69b281b78c56cbdd2c8acc04bc3529b
20:tabConsumable	247	item.injector_5htp	0	5-HTP Autoinjector	render/c2199bb0f1907c4d72db45ae3d759a22
20:tabConsumable	248	item.injector_knife	0	8 Inch Blade Autoinjector	render/83c23ad5df8eb234d7dba48262e536aa
20:tabConsumable	249	item.bomb_caller	0	Airstrike Designator	render/bd79807f42a792168c7ebaf3b8b4ce53
20:tabConsumable	250	item.bomb_caller	1	Airstrike Designator	render/bd79807f42a792168c7ebaf3b8b4ce53
20:tabConsumable	251	item.bomb_caller	2	Airstrike Designator	render/bd79807f42a792168c7ebaf3b8b4ce53
20:tabConsumable	252	item.bomb_caller	3	Airstrike Designator	render/bd79807f42a792168c7ebaf3b8b4ce53
20:tabConsumable	253	item.bomb_caller	4	Airstrike Designator	render/bd79807f42a792168c7ebaf3b8b4ce53
20:tabConsumable	254	item.meteor_remote	0	Meteorite Remote	render/5aadd9782c1faada340642346904a696
20:tabConsumable	255	item.anchor_remote	0	Recall Device	render/1e96503051eba083cca0900a473ddbb4
20:tabConsumable	256	item.rebar_placer	0	Rebar Placer	render/5ad86b629141352b34a81a01522a2f8a
20:tabConsumable	257	item.wand_k	0	Construction Wand	render/a65686f7fe1dc47b1586d6df19fa551c
20:tabConsumable	258	item.wand_s	0	Structure Wand	render/6c1620ce7981a0bcf430088b6d766953
20:tabConsumable	259	item.wand_d	0	Debug Wand	render/fe9b6e08288de77631ba96d3f86ab512
20:tabConsumable	260	item.structure_custommachine	0	Custom Machine Structure Output Wand	render/7ca6eee0c39af62bf74f0cdf137eb148
20:tabConsumable	261	item.rod_of_discord	0	Rod of Discord	render/d7f33cfec0b7e92ac4eb6a9ba78e8ada
20:tabConsumable	262	item.polaroid	0	The Polaroid	render/0edec4dff6fef263dcd28225dcc6ca9d
20:tabConsumable	263	item.glitch	0	Glitch	render/1f06062ea61020ab60106c5856a0b83a
20:tabConsumable	264	item.nuke_starter_kit	0	Atomic Science Starter Kit	render/46da1f366bd1a0f6b1bbf72c8c43fe07
20:tabConsumable	265	item.nuke_advanced_kit	0	Atomic Science Advanced Kit	render/bce9e20088c713dd697e62fb90a28870
20:tabConsumable	266	item.nuke_commercially_kit	0	Atomic Science Kit for Commercial Uses	render/8c3d5d0f94570209a61eb131865060f3
20:tabConsumable	267	item.nuke_electric_kit	0	Electronic Engineer's Kit	render/68a3ed57e80ced73baef7b0e1bafb99b
20:tabConsumable	268	item.hazmat_kit	0	Hazmat Kit	render/28e818abc2443deefc34f6266e640f20
20:tabConsumable	269	item.hazmat_red_kit	0	Advanced Hazmat Kit	render/767e802564952084352c07dc74dd0a70
20:tabConsumable	270	item.hazmat_grey_kit	0	High-Performance Hazmat Kit	render/047f0f1100379756f254f12d70afc66a
20:tabConsumable	271	item.toolbox	0	Toolbox	render/59104b6fcd4cce4a01f36895b4b5beb0
20:tabConsumable	272	item.book_guide	1	Guide Book	render/6bc792fa218b76d4c9328101a7694901
20:tabConsumable	273	item.book_guide	3	Guide Book	render/6bc792fa218b76d4c9328101a7694901
