acetylene_torch	0	hbm:acetylene_torch
ajr_boots	0	hbm:ajr_boots
ajr_helmet	0	hbm:ajr_helmet
ajr_legs	0	hbm:ajr_legs
ajr_plate	0	hbm:ajr_plate
ajro_boots	0	hbm:ajro_boots
ajro_helmet	0	hbm:ajro_helmet
ajro_legs	0	hbm:ajro_legs
ajro_plate	0	hbm:ajro_plate
alloy_axe	0	hbm:alloy_axe
alloy_boots	0	hbm:alloy_boots
alloy_helmet	0	hbm:alloy_helmet
alloy_hoe	0	hbm:alloy_hoe
alloy_legs	0	hbm:alloy_legs
alloy_pickaxe	0	hbm:alloy_pickaxe
alloy_plate	0	hbm:alloy_plate
alloy_shovel	0	hbm:alloy_shovel
alloy_sword	0	hbm:alloy_sword
ammo_arty	0	hbm:ammo_arty
ammo_arty	1	hbm:ammo_arty__1
ammo_arty	10	hbm:ammo_arty__10
ammo_arty	11	hbm:ammo_arty__11
ammo_arty	2	hbm:ammo_arty__2
ammo_arty	3	hbm:ammo_arty__3
ammo_arty	4	hbm:ammo_arty__4
ammo_arty	5	hbm:ammo_arty__5
ammo_arty	6	hbm:ammo_arty__6
ammo_arty	7	hbm:ammo_arty__7
ammo_arty	8	hbm:ammo_arty__8
ammo_arty	9	hbm:ammo_arty__9
ammo_bag	0	hbm:ammo_bag
ammo_bag_infinite	0	hbm:ammo_bag_infinite
ammo_container	0	hbm:ammo_container
ammo_container	1	hbm:ammo_container__1
ammo_dgk	0	hbm:ammo_dgk
ammo_fireext	0	hbm:ammo_fireext
ammo_fireext	1	hbm:ammo_fireext__1
ammo_fireext	2	hbm:ammo_fireext__2
ammo_himars	0	hbm:ammo_himars
ammo_himars	1	hbm:ammo_himars__1
ammo_himars	2	hbm:ammo_himars__2
ammo_himars	3	hbm:ammo_himars__3
ammo_himars	4	hbm:ammo_himars__4
ammo_himars	5	hbm:ammo_himars__5
ammo_himars	6	hbm:ammo_himars__6
ammo_himars	7	hbm:ammo_himars__7
ammo_shell	0	hbm:ammo_shell
ammo_shell	1	hbm:ammo_shell__1
ammo_shell	2	hbm:ammo_shell__2
ammo_shell	3	hbm:ammo_shell__3
ammo_shell	4	hbm:ammo_shell__4
ammo_standard	0	hbm:ammo_standard
ammo_standard	1	hbm:ammo_standard__1
ammo_standard	10	hbm:ammo_standard__10
ammo_standard	11	hbm:ammo_standard__11
ammo_standard	12	hbm:ammo_standard__12
ammo_standard	13	hbm:ammo_standard__13
ammo_standard	14	hbm:ammo_standard__14
ammo_standard	15	hbm:ammo_standard__15
ammo_standard	16	hbm:ammo_standard__16
ammo_standard	17	hbm:ammo_standard__17
ammo_standard	18	hbm:ammo_standard__18
ammo_standard	19	hbm:ammo_standard__19
ammo_standard	2	hbm:ammo_standard__2
ammo_standard	20	hbm:ammo_standard__20
ammo_standard	21	hbm:ammo_standard__21
ammo_standard	22	hbm:ammo_standard__22
ammo_standard	23	hbm:ammo_standard__23
ammo_standard	24	hbm:ammo_standard__24
ammo_standard	25	hbm:ammo_standard__25
ammo_standard	26	hbm:ammo_standard__26
ammo_standard	27	hbm:ammo_standard__27
ammo_standard	28	hbm:ammo_standard__28
ammo_standard	29	hbm:ammo_standard__29
ammo_standard	3	hbm:ammo_standard__3
ammo_standard	30	hbm:ammo_standard__30
ammo_standard	31	hbm:ammo_standard__31
ammo_standard	32	hbm:ammo_standard__32
ammo_standard	33	hbm:ammo_standard__33
ammo_standard	34	hbm:ammo_standard__34
ammo_standard	35	hbm:ammo_standard__35
ammo_standard	36	hbm:ammo_standard__36
ammo_standard	37	hbm:ammo_standard__37
ammo_standard	38	hbm:ammo_standard__38
ammo_standard	39	hbm:ammo_standard__39
ammo_standard	4	hbm:ammo_standard__4
ammo_standard	40	hbm:ammo_standard__40
ammo_standard	41	hbm:ammo_standard__41
ammo_standard	42	hbm:ammo_standard__42
ammo_standard	43	hbm:ammo_standard__43
ammo_standard	44	hbm:ammo_standard__44
ammo_standard	45	hbm:ammo_standard__45
ammo_standard	46	hbm:ammo_standard__46
ammo_standard	47	hbm:ammo_standard__47
ammo_standard	48	hbm:ammo_standard__48
ammo_standard	49	hbm:ammo_standard__49
ammo_standard	5	hbm:ammo_standard__5
ammo_standard	50	hbm:ammo_standard__50
ammo_standard	51	hbm:ammo_standard__51
ammo_standard	52	hbm:ammo_standard__52
ammo_standard	53	hbm:ammo_standard__53
ammo_standard	54	hbm:ammo_standard__54
ammo_standard	55	hbm:ammo_standard__55
ammo_standard	56	hbm:ammo_standard__56
ammo_standard	57	hbm:ammo_standard__57
ammo_standard	58	hbm:ammo_standard__58
ammo_standard	59	hbm:ammo_standard__59
ammo_standard	6	hbm:ammo_standard__6
ammo_standard	60	hbm:ammo_standard__60
ammo_standard	61	hbm:ammo_standard__61
ammo_standard	62	hbm:ammo_standard__62
ammo_standard	63	hbm:ammo_standard__63
ammo_standard	64	hbm:ammo_standard__64
ammo_standard	65	hbm:ammo_standard__65
ammo_standard	66	hbm:ammo_standard__66
ammo_standard	67	hbm:ammo_standard__67
ammo_standard	68	hbm:ammo_standard__68
ammo_standard	69	hbm:ammo_standard__69
ammo_standard	7	hbm:ammo_standard__7
ammo_standard	70	hbm:ammo_standard__70
ammo_standard	71	hbm:ammo_standard__71
ammo_standard	72	hbm:ammo_standard__72
ammo_standard	73	hbm:ammo_standard__73
ammo_standard	74	hbm:ammo_standard__74
ammo_standard	75	hbm:ammo_standard__75
ammo_standard	76	hbm:ammo_standard__76
ammo_standard	77	hbm:ammo_standard__77
ammo_standard	78	hbm:ammo_standard__78
ammo_standard	79	hbm:ammo_standard__79
ammo_standard	8	hbm:ammo_standard__8
ammo_standard	80	hbm:ammo_standard__80
ammo_standard	81	hbm:ammo_standard__81
ammo_standard	82	hbm:ammo_standard__82
ammo_standard	83	hbm:ammo_standard__83
ammo_standard	84	hbm:ammo_standard__84
ammo_standard	85	hbm:ammo_standard__85
ammo_standard	86	hbm:ammo_standard__86
ammo_standard	87	hbm:ammo_standard__87
ammo_standard	88	hbm:ammo_standard__88
ammo_standard	89	hbm:ammo_standard__89
ammo_standard	9	hbm:ammo_standard__9
ammo_standard	90	hbm:ammo_standard__90
ammo_standard	91	hbm:ammo_standard__91
ammo_standard	92	hbm:ammo_standard__92
ammo_standard	93	hbm:ammo_standard__93
ammo_standard	94	hbm:ammo_standard__94
ams_catalyst_aluminium	0	hbm:ams_catalyst_aluminium
ams_catalyst_beryllium	0	hbm:ams_catalyst_beryllium
ams_catalyst_blank	0	hbm:ams_catalyst_blank
ams_catalyst_caesium	0	hbm:ams_catalyst_caesium
ams_catalyst_cerium	0	hbm:ams_catalyst_cerium
ams_catalyst_cobalt	0	hbm:ams_catalyst_cobalt
ams_catalyst_copper	0	hbm:ams_catalyst_copper
ams_catalyst_dineutronium	0	hbm:ams_catalyst_dineutronium
ams_catalyst_euphemium	0	hbm:ams_catalyst_euphemium
ams_catalyst_iron	0	hbm:ams_catalyst_iron
ams_catalyst_lithium	0	hbm:ams_catalyst_lithium
ams_catalyst_niobium	0	hbm:ams_catalyst_niobium
ams_catalyst_schrabidium	0	hbm:ams_catalyst_schrabidium
ams_catalyst_strontium	0	hbm:ams_catalyst_strontium
ams_catalyst_thorium	0	hbm:ams_catalyst_thorium
ams_catalyst_tungsten	0	hbm:ams_catalyst_tungsten
ams_core_eyeofharmony	0	hbm:ams_core_eyeofharmony
ams_core_sing	0	hbm:ams_core_sing
ams_core_wormhole	0	hbm:ams_core_wormhole
ams_lens	0	hbm:ams_lens
analysis_tool	0	hbm:analysis_tool
anchor_remote	0	hbm:anchor_remote
apple_lead	0	hbm:apple_lead
apple_lead	1	hbm:apple_lead__1
apple_lead	2	hbm:apple_lead__2
apple_schrabidium	0	hbm:apple_schrabidium
apple_schrabidium	1	hbm:apple_schrabidium__1
apple_schrabidium	2	hbm:apple_schrabidium__2
arc_electrode	0	hbm:arc_electrode
arc_electrode	1	hbm:arc_electrode__1
arc_electrode	2	hbm:arc_electrode__2
arc_electrode	3	hbm:arc_electrode__3
arc_electrode_burnt	0	hbm:arc_electrode_burnt
arc_electrode_burnt	1	hbm:arc_electrode_burnt__1
arc_electrode_burnt	2	hbm:arc_electrode_burnt__2
arc_electrode_burnt	3	hbm:arc_electrode_burnt__3
armor_battery	0	hbm:armor_battery
armor_battery_mk2	0	hbm:armor_battery_mk2
armor_battery_mk3	0	hbm:armor_battery_mk3
armor_polish	0	hbm:armor_polish
asbestos_boots	0	hbm:asbestos_boots
asbestos_cloth	0	hbm:asbestos_cloth
asbestos_helmet	0	hbm:asbestos_helmet
asbestos_legs	0	hbm:asbestos_legs
asbestos_plate	0	hbm:asbestos_plate
ashglasses	0	hbm:ashglasses
assembly_nuke	0	hbm:assembly_nuke
attachment_mask	0	hbm:attachment_mask
attachment_mask_mono	0	hbm:attachment_mask_mono
australium_iii	0	hbm:australium_iii
back_tesla	0	hbm:back_tesla
balefire_and_ham	0	hbm:balefire_and_ham
balefire_and_steel	0	hbm:balefire_and_steel
balefire_scrambled	0	hbm:balefire_scrambled
ball_dynamite	0	hbm:ball_dynamite
ball_fireclay	0	hbm:ball_fireclay
ballistic_gauntlet	0	hbm:ballistic_gauntlet
bandaid	0	hbm:bandaid
bathwater	0	hbm:bathwater
bathwater_mk2	0	hbm:bathwater_mk2
battery_creative	0	hbm:battery_creative
battery_pack	0	hbm:battery_pack
battery_pack	1	hbm:battery_pack__1
battery_pack	10	hbm:battery_pack__10
battery_pack	11	hbm:battery_pack__11
battery_pack	2	hbm:battery_pack__2
battery_pack	3	hbm:battery_pack__3
battery_pack	4	hbm:battery_pack__4
battery_pack	5	hbm:battery_pack__5
battery_pack	6	hbm:battery_pack__6
battery_pack	7	hbm:battery_pack__7
battery_pack	8	hbm:battery_pack__8
battery_pack	9	hbm:battery_pack__9
battery_potato	0	hbm:battery_potato
battery_potatos	0	hbm:battery_potatos
battery_sc	0	hbm:battery_sc
battery_sc	1	hbm:battery_sc__1
battery_sc	2	hbm:battery_sc__2
battery_sc	3	hbm:battery_sc__3
battery_sc	4	hbm:battery_sc__4
battery_sc	5	hbm:battery_sc__5
battery_sc	6	hbm:battery_sc__6
battery_sc	7	hbm:battery_sc__7
battery_sc	8	hbm:battery_sc__8
battery_sc	9	hbm:battery_sc__9
battery_spark	0	hbm:battery_spark
battery_trixite	0	hbm:battery_trixite
bdcl	0	hbm:bdcl
bedrock_ore	0	hbm:bedrock_ore
bedrock_ore	1	hbm:bedrock_ore__1
bedrock_ore	100	hbm:bedrock_ore__100
bedrock_ore	101	hbm:bedrock_ore__101
bedrock_ore	112	hbm:bedrock_ore__112
bedrock_ore	113	hbm:bedrock_ore__113
bedrock_ore	114	hbm:bedrock_ore__114
bedrock_ore	115	hbm:bedrock_ore__115
bedrock_ore	116	hbm:bedrock_ore__116
bedrock_ore	117	hbm:bedrock_ore__117
bedrock_ore	128	hbm:bedrock_ore__128
bedrock_ore	129	hbm:bedrock_ore__129
bedrock_ore	130	hbm:bedrock_ore__130
bedrock_ore	131	hbm:bedrock_ore__131
bedrock_ore	132	hbm:bedrock_ore__132
bedrock_ore	133	hbm:bedrock_ore__133
bedrock_ore	144	hbm:bedrock_ore__144
bedrock_ore	145	hbm:bedrock_ore__145
bedrock_ore	146	hbm:bedrock_ore__146
bedrock_ore	147	hbm:bedrock_ore__147
bedrock_ore	148	hbm:bedrock_ore__148
bedrock_ore	149	hbm:bedrock_ore__149
bedrock_ore	16	hbm:bedrock_ore__16
bedrock_ore	160	hbm:bedrock_ore__160
bedrock_ore	161	hbm:bedrock_ore__161
bedrock_ore	162	hbm:bedrock_ore__162
bedrock_ore	163	hbm:bedrock_ore__163
bedrock_ore	164	hbm:bedrock_ore__164
bedrock_ore	165	hbm:bedrock_ore__165
bedrock_ore	17	hbm:bedrock_ore__17
bedrock_ore	176	hbm:bedrock_ore__176
bedrock_ore	177	hbm:bedrock_ore__177
bedrock_ore	178	hbm:bedrock_ore__178
bedrock_ore	179	hbm:bedrock_ore__179
bedrock_ore	18	hbm:bedrock_ore__18
bedrock_ore	180	hbm:bedrock_ore__180
bedrock_ore	181	hbm:bedrock_ore__181
bedrock_ore	19	hbm:bedrock_ore__19
bedrock_ore	192	hbm:bedrock_ore__192
bedrock_ore	193	hbm:bedrock_ore__193
bedrock_ore	194	hbm:bedrock_ore__194
bedrock_ore	195	hbm:bedrock_ore__195
bedrock_ore	196	hbm:bedrock_ore__196
bedrock_ore	197	hbm:bedrock_ore__197
bedrock_ore	2	hbm:bedrock_ore__2
bedrock_ore	20	hbm:bedrock_ore__20
bedrock_ore	208	hbm:bedrock_ore__208
bedrock_ore	209	hbm:bedrock_ore__209
bedrock_ore	21	hbm:bedrock_ore__21
bedrock_ore	210	hbm:bedrock_ore__210
bedrock_ore	211	hbm:bedrock_ore__211
bedrock_ore	212	hbm:bedrock_ore__212
bedrock_ore	213	hbm:bedrock_ore__213
bedrock_ore	224	hbm:bedrock_ore__224
bedrock_ore	225	hbm:bedrock_ore__225
bedrock_ore	226	hbm:bedrock_ore__226
bedrock_ore	227	hbm:bedrock_ore__227
bedrock_ore	228	hbm:bedrock_ore__228
bedrock_ore	229	hbm:bedrock_ore__229
bedrock_ore	240	hbm:bedrock_ore__240
bedrock_ore	241	hbm:bedrock_ore__241
bedrock_ore	242	hbm:bedrock_ore__242
bedrock_ore	243	hbm:bedrock_ore__243
bedrock_ore	244	hbm:bedrock_ore__244
bedrock_ore	245	hbm:bedrock_ore__245
bedrock_ore	256	hbm:bedrock_ore__256
bedrock_ore	257	hbm:bedrock_ore__257
bedrock_ore	258	hbm:bedrock_ore__258
bedrock_ore	259	hbm:bedrock_ore__259
bedrock_ore	260	hbm:bedrock_ore__260
bedrock_ore	261	hbm:bedrock_ore__261
bedrock_ore	272	hbm:bedrock_ore__272
bedrock_ore	273	hbm:bedrock_ore__273
bedrock_ore	274	hbm:bedrock_ore__274
bedrock_ore	275	hbm:bedrock_ore__275
bedrock_ore	276	hbm:bedrock_ore__276
bedrock_ore	277	hbm:bedrock_ore__277
bedrock_ore	288	hbm:bedrock_ore__288
bedrock_ore	289	hbm:bedrock_ore__289
bedrock_ore	290	hbm:bedrock_ore__290
bedrock_ore	291	hbm:bedrock_ore__291
bedrock_ore	292	hbm:bedrock_ore__292
bedrock_ore	293	hbm:bedrock_ore__293
bedrock_ore	3	hbm:bedrock_ore__3
bedrock_ore	304	hbm:bedrock_ore__304
bedrock_ore	305	hbm:bedrock_ore__305
bedrock_ore	306	hbm:bedrock_ore__306
bedrock_ore	307	hbm:bedrock_ore__307
bedrock_ore	308	hbm:bedrock_ore__308
bedrock_ore	309	hbm:bedrock_ore__309
bedrock_ore	32	hbm:bedrock_ore__32
bedrock_ore	320	hbm:bedrock_ore__320
bedrock_ore	321	hbm:bedrock_ore__321
bedrock_ore	322	hbm:bedrock_ore__322
bedrock_ore	323	hbm:bedrock_ore__323
bedrock_ore	324	hbm:bedrock_ore__324
bedrock_ore	325	hbm:bedrock_ore__325
bedrock_ore	33	hbm:bedrock_ore__33
bedrock_ore	336	hbm:bedrock_ore__336
bedrock_ore	337	hbm:bedrock_ore__337
bedrock_ore	338	hbm:bedrock_ore__338
bedrock_ore	339	hbm:bedrock_ore__339
bedrock_ore	34	hbm:bedrock_ore__34
bedrock_ore	340	hbm:bedrock_ore__340
bedrock_ore	341	hbm:bedrock_ore__341
bedrock_ore	35	hbm:bedrock_ore__35
bedrock_ore	352	hbm:bedrock_ore__352
bedrock_ore	353	hbm:bedrock_ore__353
bedrock_ore	354	hbm:bedrock_ore__354
bedrock_ore	355	hbm:bedrock_ore__355
bedrock_ore	356	hbm:bedrock_ore__356
bedrock_ore	357	hbm:bedrock_ore__357
bedrock_ore	36	hbm:bedrock_ore__36
bedrock_ore	368	hbm:bedrock_ore__368
bedrock_ore	369	hbm:bedrock_ore__369
bedrock_ore	37	hbm:bedrock_ore__37
bedrock_ore	370	hbm:bedrock_ore__370
bedrock_ore	371	hbm:bedrock_ore__371
bedrock_ore	372	hbm:bedrock_ore__372
bedrock_ore	373	hbm:bedrock_ore__373
bedrock_ore	384	hbm:bedrock_ore__384
bedrock_ore	385	hbm:bedrock_ore__385
bedrock_ore	386	hbm:bedrock_ore__386
bedrock_ore	387	hbm:bedrock_ore__387
bedrock_ore	388	hbm:bedrock_ore__388
bedrock_ore	389	hbm:bedrock_ore__389
bedrock_ore	4	hbm:bedrock_ore__4
bedrock_ore	400	hbm:bedrock_ore__400
bedrock_ore	401	hbm:bedrock_ore__401
bedrock_ore	402	hbm:bedrock_ore__402
bedrock_ore	403	hbm:bedrock_ore__403
bedrock_ore	404	hbm:bedrock_ore__404
bedrock_ore	405	hbm:bedrock_ore__405
bedrock_ore	48	hbm:bedrock_ore__48
bedrock_ore	49	hbm:bedrock_ore__49
bedrock_ore	5	hbm:bedrock_ore__5
bedrock_ore	50	hbm:bedrock_ore__50
bedrock_ore	51	hbm:bedrock_ore__51
bedrock_ore	52	hbm:bedrock_ore__52
bedrock_ore	53	hbm:bedrock_ore__53
bedrock_ore	64	hbm:bedrock_ore__64
bedrock_ore	65	hbm:bedrock_ore__65
bedrock_ore	66	hbm:bedrock_ore__66
bedrock_ore	67	hbm:bedrock_ore__67
bedrock_ore	68	hbm:bedrock_ore__68
bedrock_ore	69	hbm:bedrock_ore__69
bedrock_ore	80	hbm:bedrock_ore__80
bedrock_ore	81	hbm:bedrock_ore__81
bedrock_ore	82	hbm:bedrock_ore__82
bedrock_ore	83	hbm:bedrock_ore__83
bedrock_ore	84	hbm:bedrock_ore__84
bedrock_ore	85	hbm:bedrock_ore__85
bedrock_ore	96	hbm:bedrock_ore__96
bedrock_ore	97	hbm:bedrock_ore__97
bedrock_ore	98	hbm:bedrock_ore__98
bedrock_ore	99	hbm:bedrock_ore__99
bedrock_ore_base	0	hbm:bedrock_ore_base
big_sword	0	hbm:big_sword
billet_americium_fuel	0	hbm:billet_americium_fuel
billet_australium_greater	0	hbm:billet_australium_greater
billet_australium_lesser	0	hbm:billet_australium_lesser
billet_balefire_gold	0	hbm:billet_balefire_gold
billet_flashlead	0	hbm:billet_flashlead
billet_hes	0	hbm:billet_hes
billet_les	0	hbm:billet_les
billet_mox_fuel	0	hbm:billet_mox_fuel
billet_neptunium_fuel	0	hbm:billet_neptunium_fuel
billet_nuclear_waste	0	hbm:billet_nuclear_waste
billet_plutonium_fuel	0	hbm:billet_plutonium_fuel
billet_po210be	0	hbm:billet_po210be
billet_pu238be	0	hbm:billet_pu238be
billet_ra226be	0	hbm:billet_ra226be
billet_schrabidium_fuel	0	hbm:billet_schrabidium_fuel
billet_thorium_fuel	0	hbm:billet_thorium_fuel
billet_uranium_fuel	0	hbm:billet_uranium_fuel
billet_uzh	0	hbm:billet_uzh
billet_yharonite	0	hbm:billet_yharonite
billet_zfb_am_mix	0	hbm:billet_zfb_am_mix
billet_zfb_bismuth	0	hbm:billet_zfb_bismuth
billet_zfb_pu241	0	hbm:billet_zfb_pu241
bio_wafer	0	hbm:bio_wafer
biomass	0	hbm:biomass
biomass_compressed	0	hbm:biomass_compressed
bismuth_axe	0	hbm:bismuth_axe
bismuth_boots	0	hbm:bismuth_boots
bismuth_helmet	0	hbm:bismuth_helmet
bismuth_legs	0	hbm:bismuth_legs
bismuth_pickaxe	0	hbm:bismuth_pickaxe
bismuth_plate	0	hbm:bismuth_plate
bj_boots	0	hbm:bj_boots
bj_helmet	0	hbm:bj_helmet
bj_legs	0	hbm:bj_legs
bj_plate	0	hbm:bj_plate
bj_plate_jetpack	0	hbm:bj_plate_jetpack
black_diamond	0	hbm:black_diamond
black_hole	0	hbm:black_hole
blade_meteorite	0	hbm:blade_meteorite
blade_titanium	0	hbm:blade_titanium
blade_tungsten	0	hbm:blade_tungsten
blades_desh	0	hbm:blades_desh
blades_steel	0	hbm:blades_steel
blades_titanium	0	hbm:blades_titanium
blowtorch	0	hbm:blowtorch
blueprint_folder	0	hbm:blueprint_folder
blueprint_folder	1	hbm:blueprint_folder__1
blueprints	0	hbm:blueprints
boat_rubber	0	hbm:boat_rubber
bobmazon	0	hbm:bobmazon
bolt_spike	0	hbm:bolt_spike
boltgun	0	hbm:boltgun
bomb_caller	0	hbm:bomb_caller
bomb_caller	1	hbm:bomb_caller__1
bomb_caller	2	hbm:bomb_caller__2
bomb_caller	3	hbm:bomb_caller__3
bomb_caller	4	hbm:bomb_caller__4
bomb_waffle	0	hbm:bomb_waffle
book_guide	1	hbm:book_guide__1
book_guide	3	hbm:book_guide__3
bottle2_fritz	0	hbm:bottle2_fritz
bottle2_korl	0	hbm:bottle2_korl
bottle_cherry	0	hbm:bottle_cherry
bottle_mercury	0	hbm:bottle_mercury
bottle_nuka	0	hbm:bottle_nuka
bottle_opener	0	hbm:bottle_opener
bottle_quantum	0	hbm:bottle_quantum
bottle_rad	0	hbm:bottle_rad
bottle_sparkle	0	hbm:bottle_sparkle
bottled_cloud	0	hbm:bottled_cloud
boy_bullet	0	hbm:boy_bullet
boy_igniter	0	hbm:boy_igniter
boy_kit	0	hbm:boy_kit
boy_propellant	0	hbm:boy_propellant
boy_shielding	0	hbm:boy_shielding
boy_target	0	hbm:boy_target
briquette	0	hbm:briquette
briquette	1	hbm:briquette__1
briquette	2	hbm:briquette__2
bucket_acid	0	hbm:bucket_acid
bucket_mud	0	hbm:bucket_mud
bucket_schrabidic_acid	0	hbm:bucket_schrabidic_acid
bucket_sulfuric_acid	0	hbm:bucket_sulfuric_acid
bucket_toxic	0	hbm:bucket_toxic
can_bepis	0	hbm:can_bepis
can_breen	0	hbm:can_breen
can_creature	0	hbm:can_creature
can_empty	0	hbm:can_empty
can_key	0	hbm:can_key
can_luna	0	hbm:can_luna
can_mrsugar	0	hbm:can_mrsugar
can_mug	0	hbm:can_mug
can_overcharge	0	hbm:can_overcharge
can_redbomb	0	hbm:can_redbomb
can_smart	0	hbm:can_smart
canister_empty	0	hbm:canister_empty
canister_full	10	hbm:canister_full__10
canister_full	12	hbm:canister_full__12
canister_full	13	hbm:canister_full__13
canister_full	133	hbm:canister_full__133
canister_full	135	hbm:canister_full__135
canister_full	137	hbm:canister_full__137
canister_full	138	hbm:canister_full__138
canister_full	14	hbm:canister_full__14
canister_full	15	hbm:canister_full__15
canister_full	16	hbm:canister_full__16
canister_full	17	hbm:canister_full__17
canister_full	18	hbm:canister_full__18
canister_full	19	hbm:canister_full__19
canister_full	20	hbm:canister_full__20
canister_full	21	hbm:canister_full__21
canister_full	22	hbm:canister_full__22
canister_full	27	hbm:canister_full__27
canister_full	28	hbm:canister_full__28
canister_full	46	hbm:canister_full__46
canister_full	47	hbm:canister_full__47
canister_full	49	hbm:canister_full__49
canister_full	59	hbm:canister_full__59
canister_full	61	hbm:canister_full__61
canister_full	62	hbm:canister_full__62
canister_full	64	hbm:canister_full__64
canister_full	65	hbm:canister_full__65
canister_full	66	hbm:canister_full__66
canister_full	72	hbm:canister_full__72
canister_full	73	hbm:canister_full__73
canister_full	74	hbm:canister_full__74
canister_full	79	hbm:canister_full__79
canister_full	80	hbm:canister_full__80
canister_full	81	hbm:canister_full__81
canister_full	83	hbm:canister_full__83
canister_full	90	hbm:canister_full__90
canister_full	91	hbm:canister_full__91
canister_full	92	hbm:canister_full__92
canister_full	94	hbm:canister_full__94
canister_full	95	hbm:canister_full__95
canister_full	96	hbm:canister_full__96
canister_full	97	hbm:canister_full__97
canister_full	98	hbm:canister_full__98
canister_napalm	0	hbm:canister_napalm
canned_conserve	0	hbm:canned_conserve
canned_conserve	1	hbm:canned_conserve__1
canned_conserve	10	hbm:canned_conserve__10
canned_conserve	11	hbm:canned_conserve__11
canned_conserve	12	hbm:canned_conserve__12
canned_conserve	13	hbm:canned_conserve__13
canned_conserve	14	hbm:canned_conserve__14
canned_conserve	15	hbm:canned_conserve__15
canned_conserve	16	hbm:canned_conserve__16
canned_conserve	17	hbm:canned_conserve__17
canned_conserve	18	hbm:canned_conserve__18
canned_conserve	19	hbm:canned_conserve__19
canned_conserve	2	hbm:canned_conserve__2
canned_conserve	20	hbm:canned_conserve__20
canned_conserve	21	hbm:canned_conserve__21
canned_conserve	22	hbm:canned_conserve__22
canned_conserve	23	hbm:canned_conserve__23
canned_conserve	24	hbm:canned_conserve__24
canned_conserve	25	hbm:canned_conserve__25
canned_conserve	26	hbm:canned_conserve__26
canned_conserve	3	hbm:canned_conserve__3
canned_conserve	4	hbm:canned_conserve__4
canned_conserve	5	hbm:canned_conserve__5
canned_conserve	6	hbm:canned_conserve__6
canned_conserve	7	hbm:canned_conserve__7
canned_conserve	8	hbm:canned_conserve__8
canned_conserve	9	hbm:canned_conserve__9
canteen_vodka	0	hbm:canteen_vodka
cap_fritz	0	hbm:cap_fritz
cap_korl	0	hbm:cap_korl
cap_nuka	0	hbm:cap_nuka
cap_quantum	0	hbm:cap_quantum
cap_rad	0	hbm:cap_rad
cap_sparkle	0	hbm:cap_sparkle
cart	0	hbm:cart
cart	1	hbm:cart__1
cart	2	hbm:cart__2
cart	3	hbm:cart__3
cart	4	hbm:cart__4
casing	0	hbm:casing
casing	1	hbm:casing__1
casing	2	hbm:casing__2
casing	3	hbm:casing__3
casing	4	hbm:casing__4
casing	5	hbm:casing__5
casing	6	hbm:casing__6
casing_bag	0	hbm:casing_bag
catalyst_clay	0	hbm:catalyst_clay
catalytic_converter	0	hbm:catalytic_converter
cell_anti_schrabidium	0	hbm:cell_anti_schrabidium
cell_antimatter	0	hbm:cell_antimatter
cell_balefire	0	hbm:cell_balefire
cell_deuterium	0	hbm:cell_deuterium
cell_empty	0	hbm:cell_empty
cell_puf6	0	hbm:cell_puf6
cell_sas3	0	hbm:cell_sas3
cell_tritium	0	hbm:cell_tritium
cell_uf6	0	hbm:cell_uf6
centri_stick	0	hbm:centri_stick
centrifuge_element	0	hbm:centrifuge_element
chainsaw	0	hbm:chainsaw
cheese	0	hbm:cheese
cheese_quesadilla	0	hbm:cheese_quesadilla
chemical_dye	0	hbm:chemical_dye
chemical_dye	1	hbm:chemical_dye__1
chemical_dye	10	hbm:chemical_dye__10
chemical_dye	11	hbm:chemical_dye__11
chemical_dye	12	hbm:chemical_dye__12
chemical_dye	13	hbm:chemical_dye__13
chemical_dye	14	hbm:chemical_dye__14
chemical_dye	15	hbm:chemical_dye__15
chemical_dye	2	hbm:chemical_dye__2
chemical_dye	3	hbm:chemical_dye__3
chemical_dye	4	hbm:chemical_dye__4
chemical_dye	5	hbm:chemical_dye__5
chemical_dye	6	hbm:chemical_dye__6
chemical_dye	7	hbm:chemical_dye__7
chemical_dye	8	hbm:chemical_dye__8
chemical_dye	9	hbm:chemical_dye__9
chemistry_set	0	hbm:chemistry_set
chemistry_set_boron	0	hbm:chemistry_set_boron
chernobylsign	0	hbm:chernobylsign
chlorine_pinwheel	0	hbm:chlorine_pinwheel
chlorophyte_axe	0	hbm:chlorophyte_axe
chlorophyte_pickaxe	0	hbm:chlorophyte_pickaxe
chocolate	0	hbm:chocolate
chocolate_milk	0	hbm:chocolate_milk
chopper	0	hbm:chopper
chunk_ore	0	hbm:chunk_ore
chunk_ore	1	hbm:chunk_ore__1
chunk_ore	2	hbm:chunk_ore__2
chunk_ore	3	hbm:chunk_ore__3
cigarette	0	hbm:cigarette
circuit	0	hbm:circuit
circuit	1	hbm:circuit__1
circuit	10	hbm:circuit__10
circuit	11	hbm:circuit__11
circuit	12	hbm:circuit__12
circuit	13	hbm:circuit__13
circuit	14	hbm:circuit__14
circuit	15	hbm:circuit__15
circuit	16	hbm:circuit__16
circuit	17	hbm:circuit__17
circuit	18	hbm:circuit__18
circuit	19	hbm:circuit__19
circuit	2	hbm:circuit__2
circuit	3	hbm:circuit__3
circuit	4	hbm:circuit__4
circuit	5	hbm:circuit__5
circuit	6	hbm:circuit__6
circuit	7	hbm:circuit__7
circuit	8	hbm:circuit__8
circuit	9	hbm:circuit__9
cladding_desh	0	hbm:cladding_desh
cladding_ghiorsium	0	hbm:cladding_ghiorsium
cladding_iron	0	hbm:cladding_iron
cladding_lead	0	hbm:cladding_lead
cladding_obsidian	0	hbm:cladding_obsidian
cladding_paint	0	hbm:cladding_paint
cladding_rubber	0	hbm:cladding_rubber
cmb_axe	0	hbm:cmb_axe
cmb_boots	0	hbm:cmb_boots
cmb_helmet	0	hbm:cmb_helmet
cmb_hoe	0	hbm:cmb_hoe
cmb_legs	0	hbm:cmb_legs
cmb_pickaxe	0	hbm:cmb_pickaxe
cmb_plate	0	hbm:cmb_plate
cmb_shovel	0	hbm:cmb_shovel
cmb_sword	0	hbm:cmb_sword
coal_infernal	0	hbm:coal_infernal
cobalt_axe	0	hbm:cobalt_axe
cobalt_boots	0	hbm:cobalt_boots
cobalt_decorated_axe	0	hbm:cobalt_decorated_axe
cobalt_decorated_hoe	0	hbm:cobalt_decorated_hoe
cobalt_decorated_pickaxe	0	hbm:cobalt_decorated_pickaxe
cobalt_decorated_shovel	0	hbm:cobalt_decorated_shovel
cobalt_decorated_sword	0	hbm:cobalt_decorated_sword
cobalt_helmet	0	hbm:cobalt_helmet
cobalt_hoe	0	hbm:cobalt_hoe
cobalt_legs	0	hbm:cobalt_legs
cobalt_pickaxe	0	hbm:cobalt_pickaxe
cobalt_plate	0	hbm:cobalt_plate
cobalt_shovel	0	hbm:cobalt_shovel
cobalt_sword	0	hbm:cobalt_sword
coffee	0	hbm:coffee
coffee_radium	0	hbm:coffee_radium
coil_copper	0	hbm:coil_copper
coil_copper_torus	0	hbm:coil_copper_torus
coil_gold	0	hbm:coil_gold
coil_gold_torus	0	hbm:coil_gold_torus
coil_magnetized_tungsten	0	hbm:coil_magnetized_tungsten
coil_tungsten	0	hbm:coil_tungsten
coin_creeper	0	hbm:coin_creeper
coin_maskman	0	hbm:coin_maskman
coin_radiation	0	hbm:coin_radiation
coin_token	0	hbm:coin_token
coin_ufo	0	hbm:coin_ufo
coin_worm	0	hbm:coin_worm
coke	0	hbm:coke
coke	1	hbm:coke__1
coke	2	hbm:coke__2
coltan_tool	0	hbm:coltan_tool
combine_scrap	0	hbm:combine_scrap
containment_box	0	hbm:containment_box
conveyor_wand	0	hbm:conveyor_wand
conveyor_wand	1	hbm:conveyor_wand__1
conveyor_wand	2	hbm:conveyor_wand__2
conveyor_wand	3	hbm:conveyor_wand__3
cotton_candy	0	hbm:cotton_candy
coupling_tool	0	hbm:coupling_tool
crackpipe	0	hbm:crackpipe
crayon	0	hbm:crayon
crayon	1	hbm:crayon__1
crayon	10	hbm:crayon__10
crayon	11	hbm:crayon__11
crayon	12	hbm:crayon__12
crayon	13	hbm:crayon__13
crayon	14	hbm:crayon__14
crayon	15	hbm:crayon__15
crayon	2	hbm:crayon__2
crayon	3	hbm:crayon__3
crayon	4	hbm:crayon__4
crayon	5	hbm:crayon__5
crayon	6	hbm:crayon__6
crayon	7	hbm:crayon__7
crayon	8	hbm:crayon__8
crayon	9	hbm:crayon__9
crowbar	0	hbm:crowbar
crt_display	0	hbm:crt_display
crucible	0	hbm:crucible
crystal_aluminium	0	hbm:crystal_aluminium
crystal_beryllium	0	hbm:crystal_beryllium
crystal_charred	0	hbm:crystal_charred
crystal_cinnebar	0	hbm:crystal_cinnebar
crystal_coal	0	hbm:crystal_coal
crystal_cobalt	0	hbm:crystal_cobalt
crystal_copper	0	hbm:crystal_copper
crystal_diamond	0	hbm:crystal_diamond
crystal_fluorite	0	hbm:crystal_fluorite
crystal_gold	0	hbm:crystal_gold
crystal_horn	0	hbm:crystal_horn
crystal_iron	0	hbm:crystal_iron
crystal_lapis	0	hbm:crystal_lapis
crystal_lead	0	hbm:crystal_lead
crystal_lithium	0	hbm:crystal_lithium
crystal_niter	0	hbm:crystal_niter
crystal_osmiridium	0	hbm:crystal_osmiridium
crystal_phosphorus	0	hbm:crystal_phosphorus
crystal_plutonium	0	hbm:crystal_plutonium
crystal_rare	0	hbm:crystal_rare
crystal_redstone	0	hbm:crystal_redstone
crystal_schrabidium	0	hbm:crystal_schrabidium
crystal_schraranium	0	hbm:crystal_schraranium
crystal_starmetal	0	hbm:crystal_starmetal
crystal_sulfur	0	hbm:crystal_sulfur
crystal_thorium	0	hbm:crystal_thorium
crystal_titanium	0	hbm:crystal_titanium
crystal_trixite	0	hbm:crystal_trixite
crystal_tungsten	0	hbm:crystal_tungsten
crystal_uranium	0	hbm:crystal_uranium
crystal_xen	0	hbm:crystal_xen
cube_power	0	hbm:cube_power
custom_amat	0	hbm:custom_amat
custom_dirty	0	hbm:custom_dirty
custom_fall	0	hbm:custom_fall
custom_hydro	0	hbm:custom_hydro
custom_kit	0	hbm:custom_kit
custom_nuke	0	hbm:custom_nuke
custom_schrab	0	hbm:custom_schrab
custom_tnt	0	hbm:custom_tnt
debris_concrete	0	hbm:debris_concrete
debris_element	0	hbm:debris_element
debris_exchanger	0	hbm:debris_exchanger
debris_fuel	0	hbm:debris_fuel
debris_graphite	0	hbm:debris_graphite
debris_metal	0	hbm:debris_metal
debris_shrapnel	0	hbm:debris_shrapnel
definitelyfood	0	hbm:definitelyfood
defuser	0	hbm:defuser
defuser_gold	0	hbm:defuser_gold
demon_core_closed	0	hbm:demon_core_closed
demon_core_open	0	hbm:demon_core_open
desh_axe	0	hbm:desh_axe
desh_hoe	0	hbm:desh_hoe
desh_pickaxe	0	hbm:desh_pickaxe
desh_shovel	0	hbm:desh_shovel
desh_sword	0	hbm:desh_sword
designator	0	hbm:designator
designator_arty_range	0	hbm:designator_arty_range
designator_manual	0	hbm:designator_manual
designator_range	0	hbm:designator_range
detonator	0	hbm:detonator
detonator_de	0	hbm:detonator_de
detonator_deadman	0	hbm:detonator_deadman
detonator_laser	0	hbm:detonator_laser
detonator_multi	0	hbm:detonator_multi
deuterium_filter	0	hbm:deuterium_filter
diamond_gavel	0	hbm:diamond_gavel
dieselsuit_boots	0	hbm:dieselsuit_boots
dieselsuit_helmet	0	hbm:dieselsuit_helmet
dieselsuit_legs	0	hbm:dieselsuit_legs
dieselsuit_plate	0	hbm:dieselsuit_plate
digamma_diagnostic	0	hbm:digamma_diagnostic
disperser_canister	1	hbm:disperser_canister__1
disperser_canister	1000	hbm:disperser_canister__1000
disperser_canister	101	hbm:disperser_canister__101
disperser_canister	102	hbm:disperser_canister__102
disperser_canister	106	hbm:disperser_canister__106
disperser_canister	107	hbm:disperser_canister__107
disperser_canister	108	hbm:disperser_canister__108
disperser_canister	109	hbm:disperser_canister__109
disperser_canister	110	hbm:disperser_canister__110
disperser_canister	111	hbm:disperser_canister__111
disperser_canister	112	hbm:disperser_canister__112
disperser_canister	123	hbm:disperser_canister__123
disperser_canister	130	hbm:disperser_canister__130
disperser_canister	131	hbm:disperser_canister__131
disperser_canister	132	hbm:disperser_canister__132
disperser_canister	138	hbm:disperser_canister__138
disperser_canister	144	hbm:disperser_canister__144
disperser_canister	145	hbm:disperser_canister__145
disperser_canister	146	hbm:disperser_canister__146
disperser_canister	147	hbm:disperser_canister__147
disperser_canister	148	hbm:disperser_canister__148
disperser_canister	150	hbm:disperser_canister__150
disperser_canister	151	hbm:disperser_canister__151
disperser_canister	152	hbm:disperser_canister__152
disperser_canister	153	hbm:disperser_canister__153
disperser_canister	154	hbm:disperser_canister__154
disperser_canister	155	hbm:disperser_canister__155
disperser_canister	17	hbm:disperser_canister__17
disperser_canister	18	hbm:disperser_canister__18
disperser_canister	2	hbm:disperser_canister__2
disperser_canister	20	hbm:disperser_canister__20
disperser_canister	21	hbm:disperser_canister__21
disperser_canister	22	hbm:disperser_canister__22
disperser_canister	23	hbm:disperser_canister__23
disperser_canister	24	hbm:disperser_canister__24
disperser_canister	25	hbm:disperser_canister__25
disperser_canister	26	hbm:disperser_canister__26
disperser_canister	27	hbm:disperser_canister__27
disperser_canister	28	hbm:disperser_canister__28
disperser_canister	29	hbm:disperser_canister__29
disperser_canister	3	hbm:disperser_canister__3
disperser_canister	30	hbm:disperser_canister__30
disperser_canister	31	hbm:disperser_canister__31
disperser_canister	32	hbm:disperser_canister__32
disperser_canister	35	hbm:disperser_canister__35
disperser_canister	38	hbm:disperser_canister__38
disperser_canister	39	hbm:disperser_canister__39
disperser_canister	4	hbm:disperser_canister__4
disperser_canister	40	hbm:disperser_canister__40
disperser_canister	42	hbm:disperser_canister__42
disperser_canister	46	hbm:disperser_canister__46
disperser_canister	47	hbm:disperser_canister__47
disperser_canister	5	hbm:disperser_canister__5
disperser_canister	55	hbm:disperser_canister__55
disperser_canister	57	hbm:disperser_canister__57
disperser_canister	59	hbm:disperser_canister__59
disperser_canister	6	hbm:disperser_canister__6
disperser_canister	60	hbm:disperser_canister__60
disperser_canister	65	hbm:disperser_canister__65
disperser_canister	66	hbm:disperser_canister__66
disperser_canister	68	hbm:disperser_canister__68
disperser_canister	71	hbm:disperser_canister__71
disperser_canister	72	hbm:disperser_canister__72
disperser_canister	73	hbm:disperser_canister__73
disperser_canister	74	hbm:disperser_canister__74
disperser_canister	75	hbm:disperser_canister__75
disperser_canister	76	hbm:disperser_canister__76
disperser_canister	77	hbm:disperser_canister__77
disperser_canister	78	hbm:disperser_canister__78
disperser_canister	8	hbm:disperser_canister__8
disperser_canister	82	hbm:disperser_canister__82
disperser_canister	83	hbm:disperser_canister__83
disperser_canister	86	hbm:disperser_canister__86
disperser_canister	87	hbm:disperser_canister__87
disperser_canister	88	hbm:disperser_canister__88
disperser_canister	89	hbm:disperser_canister__89
disperser_canister	9	hbm:disperser_canister__9
disperser_canister	92	hbm:disperser_canister__92
disperser_canister	93	hbm:disperser_canister__93
disperser_canister	96	hbm:disperser_canister__96
disperser_canister	97	hbm:disperser_canister__97
disperser_canister	98	hbm:disperser_canister__98
disperser_canister	99	hbm:disperser_canister__99
disperser_canister_empty	0	hbm:disperser_canister_empty
dns_boots	0	hbm:dns_boots
dns_helmet	0	hbm:dns_helmet
dns_legs	0	hbm:dns_legs
dns_plate	0	hbm:dns_plate
dnt_boots	0	hbm:dnt_boots
dnt_helmet	0	hbm:dnt_helmet
dnt_legs	0	hbm:dnt_legs
dnt_plate	0	hbm:dnt_plate
dnt_sword	0	hbm:dnt_sword
door_bunker	0	hbm:door_bunker
door_metal	0	hbm:door_metal
door_office	0	hbm:door_office
dosimeter	0	hbm:dosimeter
drill_titanium	0	hbm:drill_titanium
drillbit	0	hbm:drillbit
drillbit	1	hbm:drillbit__1
drillbit	2	hbm:drillbit__2
drillbit	3	hbm:drillbit__3
drillbit	4	hbm:drillbit__4
drillbit	5	hbm:drillbit__5
drillbit	6	hbm:drillbit__6
drillbit	7	hbm:drillbit__7
drillbit	8	hbm:drillbit__8
drillbit	9	hbm:drillbit__9
drone	0	hbm:drone
drone	1	hbm:drone__1
drone	2	hbm:drone__2
drone	3	hbm:drone__3
drone	4	hbm:drone__4
drone_linker	0	hbm:drone_linker
ducttape	0	hbm:ducttape
dust	0	hbm:dust
dust_tiny	0	hbm:dust_tiny
dwarven_pickaxe	0	hbm:dwarven_pickaxe
dysfunctional_reactor	0	hbm:dysfunctional_reactor
early_explosive_lenses	0	hbm:early_explosive_lenses
egg_balefire	0	hbm:egg_balefire
egg_balefire_shard	0	hbm:egg_balefire_shard
egg_glyphid	0	hbm:egg_glyphid
elec_axe	0	hbm:elec_axe
elec_pickaxe	0	hbm:elec_pickaxe
elec_shovel	0	hbm:elec_shovel
elec_sword	0	hbm:elec_sword
entanglement_kit	0	hbm:entanglement_kit
envsuit_boots	0	hbm:envsuit_boots
envsuit_helmet	0	hbm:envsuit_helmet
envsuit_legs	0	hbm:envsuit_legs
envsuit_plate	0	hbm:envsuit_plate
explosive_lenses	0	hbm:explosive_lenses
fallout	0	hbm:fallout
fau_boots	0	hbm:fau_boots
fau_helmet	0	hbm:fau_helmet
fau_legs	0	hbm:fau_legs
fau_plate	0	hbm:fau_plate
filter_coal	0	hbm:filter_coal
fins_big_steel	0	hbm:fins_big_steel
fins_flat	0	hbm:fins_flat
fins_quad_titanium	0	hbm:fins_quad_titanium
fins_small_steel	0	hbm:fins_small_steel
fins_tri_steel	0	hbm:fins_tri_steel
five_htp	0	hbm:five_htp
flame_conspiracy	0	hbm:flame_conspiracy
flame_opinion	0	hbm:flame_opinion
flame_politics	0	hbm:flame_politics
flame_pony	0	hbm:flame_pony
flask_infusion	0	hbm:flask_infusion
fleija_core	0	hbm:fleija_core
fleija_igniter	0	hbm:fleija_igniter
fleija_kit	0	hbm:fleija_kit
fleija_propellant	0	hbm:fleija_propellant
fluid_barrel_empty	0	hbm:fluid_barrel_empty
fluid_barrel_full	1	hbm:fluid_barrel_full__1
fluid_barrel_full	10	hbm:fluid_barrel_full__10
fluid_barrel_full	100	hbm:fluid_barrel_full__100
fluid_barrel_full	1000	hbm:fluid_barrel_full__1000
fluid_barrel_full	101	hbm:fluid_barrel_full__101
fluid_barrel_full	102	hbm:fluid_barrel_full__102
fluid_barrel_full	103	hbm:fluid_barrel_full__103
fluid_barrel_full	104	hbm:fluid_barrel_full__104
fluid_barrel_full	105	hbm:fluid_barrel_full__105
fluid_barrel_full	106	hbm:fluid_barrel_full__106
fluid_barrel_full	107	hbm:fluid_barrel_full__107
fluid_barrel_full	108	hbm:fluid_barrel_full__108
fluid_barrel_full	109	hbm:fluid_barrel_full__109
fluid_barrel_full	11	hbm:fluid_barrel_full__11
fluid_barrel_full	110	hbm:fluid_barrel_full__110
fluid_barrel_full	111	hbm:fluid_barrel_full__111
fluid_barrel_full	112	hbm:fluid_barrel_full__112
fluid_barrel_full	12	hbm:fluid_barrel_full__12
fluid_barrel_full	123	hbm:fluid_barrel_full__123
fluid_barrel_full	124	hbm:fluid_barrel_full__124
fluid_barrel_full	125	hbm:fluid_barrel_full__125
fluid_barrel_full	126	hbm:fluid_barrel_full__126
fluid_barrel_full	127	hbm:fluid_barrel_full__127
fluid_barrel_full	128	hbm:fluid_barrel_full__128
fluid_barrel_full	129	hbm:fluid_barrel_full__129
fluid_barrel_full	13	hbm:fluid_barrel_full__13
fluid_barrel_full	130	hbm:fluid_barrel_full__130
fluid_barrel_full	131	hbm:fluid_barrel_full__131
fluid_barrel_full	132	hbm:fluid_barrel_full__132
fluid_barrel_full	133	hbm:fluid_barrel_full__133
fluid_barrel_full	134	hbm:fluid_barrel_full__134
fluid_barrel_full	135	hbm:fluid_barrel_full__135
fluid_barrel_full	136	hbm:fluid_barrel_full__136
fluid_barrel_full	137	hbm:fluid_barrel_full__137
fluid_barrel_full	138	hbm:fluid_barrel_full__138
fluid_barrel_full	139	hbm:fluid_barrel_full__139
fluid_barrel_full	14	hbm:fluid_barrel_full__14
fluid_barrel_full	140	hbm:fluid_barrel_full__140
fluid_barrel_full	141	hbm:fluid_barrel_full__141
fluid_barrel_full	142	hbm:fluid_barrel_full__142
fluid_barrel_full	143	hbm:fluid_barrel_full__143
fluid_barrel_full	144	hbm:fluid_barrel_full__144
fluid_barrel_full	145	hbm:fluid_barrel_full__145
fluid_barrel_full	146	hbm:fluid_barrel_full__146
fluid_barrel_full	147	hbm:fluid_barrel_full__147
fluid_barrel_full	148	hbm:fluid_barrel_full__148
fluid_barrel_full	149	hbm:fluid_barrel_full__149
fluid_barrel_full	15	hbm:fluid_barrel_full__15
fluid_barrel_full	150	hbm:fluid_barrel_full__150
fluid_barrel_full	151	hbm:fluid_barrel_full__151
fluid_barrel_full	152	hbm:fluid_barrel_full__152
fluid_barrel_full	153	hbm:fluid_barrel_full__153
fluid_barrel_full	154	hbm:fluid_barrel_full__154
fluid_barrel_full	155	hbm:fluid_barrel_full__155
fluid_barrel_full	16	hbm:fluid_barrel_full__16
fluid_barrel_full	17	hbm:fluid_barrel_full__17
fluid_barrel_full	18	hbm:fluid_barrel_full__18
fluid_barrel_full	19	hbm:fluid_barrel_full__19
fluid_barrel_full	2	hbm:fluid_barrel_full__2
fluid_barrel_full	20	hbm:fluid_barrel_full__20
fluid_barrel_full	21	hbm:fluid_barrel_full__21
fluid_barrel_full	22	hbm:fluid_barrel_full__22
fluid_barrel_full	23	hbm:fluid_barrel_full__23
fluid_barrel_full	24	hbm:fluid_barrel_full__24
fluid_barrel_full	25	hbm:fluid_barrel_full__25
fluid_barrel_full	26	hbm:fluid_barrel_full__26
fluid_barrel_full	27	hbm:fluid_barrel_full__27
fluid_barrel_full	28	hbm:fluid_barrel_full__28
fluid_barrel_full	29	hbm:fluid_barrel_full__29
fluid_barrel_full	3	hbm:fluid_barrel_full__3
fluid_barrel_full	30	hbm:fluid_barrel_full__30
fluid_barrel_full	31	hbm:fluid_barrel_full__31
fluid_barrel_full	32	hbm:fluid_barrel_full__32
fluid_barrel_full	33	hbm:fluid_barrel_full__33
fluid_barrel_full	34	hbm:fluid_barrel_full__34
fluid_barrel_full	35	hbm:fluid_barrel_full__35
fluid_barrel_full	36	hbm:fluid_barrel_full__36
fluid_barrel_full	37	hbm:fluid_barrel_full__37
fluid_barrel_full	38	hbm:fluid_barrel_full__38
fluid_barrel_full	39	hbm:fluid_barrel_full__39
fluid_barrel_full	4	hbm:fluid_barrel_full__4
fluid_barrel_full	40	hbm:fluid_barrel_full__40
fluid_barrel_full	41	hbm:fluid_barrel_full__41
fluid_barrel_full	42	hbm:fluid_barrel_full__42
fluid_barrel_full	43	hbm:fluid_barrel_full__43
fluid_barrel_full	46	hbm:fluid_barrel_full__46
fluid_barrel_full	47	hbm:fluid_barrel_full__47
fluid_barrel_full	49	hbm:fluid_barrel_full__49
fluid_barrel_full	5	hbm:fluid_barrel_full__5
fluid_barrel_full	55	hbm:fluid_barrel_full__55
fluid_barrel_full	57	hbm:fluid_barrel_full__57
fluid_barrel_full	59	hbm:fluid_barrel_full__59
fluid_barrel_full	6	hbm:fluid_barrel_full__6
fluid_barrel_full	60	hbm:fluid_barrel_full__60
fluid_barrel_full	61	hbm:fluid_barrel_full__61
fluid_barrel_full	62	hbm:fluid_barrel_full__62
fluid_barrel_full	63	hbm:fluid_barrel_full__63
fluid_barrel_full	64	hbm:fluid_barrel_full__64
fluid_barrel_full	65	hbm:fluid_barrel_full__65
fluid_barrel_full	66	hbm:fluid_barrel_full__66
fluid_barrel_full	67	hbm:fluid_barrel_full__67
fluid_barrel_full	68	hbm:fluid_barrel_full__68
fluid_barrel_full	69	hbm:fluid_barrel_full__69
fluid_barrel_full	7	hbm:fluid_barrel_full__7
fluid_barrel_full	70	hbm:fluid_barrel_full__70
fluid_barrel_full	71	hbm:fluid_barrel_full__71
fluid_barrel_full	72	hbm:fluid_barrel_full__72
fluid_barrel_full	73	hbm:fluid_barrel_full__73
fluid_barrel_full	74	hbm:fluid_barrel_full__74
fluid_barrel_full	75	hbm:fluid_barrel_full__75
fluid_barrel_full	76	hbm:fluid_barrel_full__76
fluid_barrel_full	77	hbm:fluid_barrel_full__77
fluid_barrel_full	78	hbm:fluid_barrel_full__78
fluid_barrel_full	79	hbm:fluid_barrel_full__79
fluid_barrel_full	8	hbm:fluid_barrel_full__8
fluid_barrel_full	80	hbm:fluid_barrel_full__80
fluid_barrel_full	81	hbm:fluid_barrel_full__81
fluid_barrel_full	82	hbm:fluid_barrel_full__82
fluid_barrel_full	83	hbm:fluid_barrel_full__83
fluid_barrel_full	84	hbm:fluid_barrel_full__84
fluid_barrel_full	85	hbm:fluid_barrel_full__85
fluid_barrel_full	86	hbm:fluid_barrel_full__86
fluid_barrel_full	87	hbm:fluid_barrel_full__87
fluid_barrel_full	88	hbm:fluid_barrel_full__88
fluid_barrel_full	89	hbm:fluid_barrel_full__89
fluid_barrel_full	9	hbm:fluid_barrel_full__9
fluid_barrel_full	90	hbm:fluid_barrel_full__90
fluid_barrel_full	91	hbm:fluid_barrel_full__91
fluid_barrel_full	92	hbm:fluid_barrel_full__92
fluid_barrel_full	93	hbm:fluid_barrel_full__93
fluid_barrel_full	94	hbm:fluid_barrel_full__94
fluid_barrel_full	95	hbm:fluid_barrel_full__95
fluid_barrel_full	96	hbm:fluid_barrel_full__96
fluid_barrel_full	97	hbm:fluid_barrel_full__97
fluid_barrel_full	98	hbm:fluid_barrel_full__98
fluid_barrel_full	99	hbm:fluid_barrel_full__99
fluid_barrel_infinite	0	hbm:fluid_barrel_infinite
fluid_duct	1	hbm:fluid_duct__1
fluid_duct	10	hbm:fluid_duct__10
fluid_duct	100	hbm:fluid_duct__100
fluid_duct	1000	hbm:fluid_duct__1000
fluid_duct	101	hbm:fluid_duct__101
fluid_duct	102	hbm:fluid_duct__102
fluid_duct	103	hbm:fluid_duct__103
fluid_duct	104	hbm:fluid_duct__104
fluid_duct	105	hbm:fluid_duct__105
fluid_duct	106	hbm:fluid_duct__106
fluid_duct	107	hbm:fluid_duct__107
fluid_duct	108	hbm:fluid_duct__108
fluid_duct	109	hbm:fluid_duct__109
fluid_duct	11	hbm:fluid_duct__11
fluid_duct	110	hbm:fluid_duct__110
fluid_duct	111	hbm:fluid_duct__111
fluid_duct	112	hbm:fluid_duct__112
fluid_duct	113	hbm:fluid_duct__113
fluid_duct	114	hbm:fluid_duct__114
fluid_duct	115	hbm:fluid_duct__115
fluid_duct	116	hbm:fluid_duct__116
fluid_duct	117	hbm:fluid_duct__117
fluid_duct	118	hbm:fluid_duct__118
fluid_duct	119	hbm:fluid_duct__119
fluid_duct	12	hbm:fluid_duct__12
fluid_duct	123	hbm:fluid_duct__123
fluid_duct	124	hbm:fluid_duct__124
fluid_duct	125	hbm:fluid_duct__125
fluid_duct	126	hbm:fluid_duct__126
fluid_duct	127	hbm:fluid_duct__127
fluid_duct	128	hbm:fluid_duct__128
fluid_duct	129	hbm:fluid_duct__129
fluid_duct	13	hbm:fluid_duct__13
fluid_duct	130	hbm:fluid_duct__130
fluid_duct	131	hbm:fluid_duct__131
fluid_duct	132	hbm:fluid_duct__132
fluid_duct	133	hbm:fluid_duct__133
fluid_duct	134	hbm:fluid_duct__134
fluid_duct	135	hbm:fluid_duct__135
fluid_duct	136	hbm:fluid_duct__136
fluid_duct	137	hbm:fluid_duct__137
fluid_duct	138	hbm:fluid_duct__138
fluid_duct	139	hbm:fluid_duct__139
fluid_duct	14	hbm:fluid_duct__14
fluid_duct	140	hbm:fluid_duct__140
fluid_duct	141	hbm:fluid_duct__141
fluid_duct	142	hbm:fluid_duct__142
fluid_duct	143	hbm:fluid_duct__143
fluid_duct	144	hbm:fluid_duct__144
fluid_duct	145	hbm:fluid_duct__145
fluid_duct	146	hbm:fluid_duct__146
fluid_duct	147	hbm:fluid_duct__147
fluid_duct	148	hbm:fluid_duct__148
fluid_duct	149	hbm:fluid_duct__149
fluid_duct	15	hbm:fluid_duct__15
fluid_duct	150	hbm:fluid_duct__150
fluid_duct	151	hbm:fluid_duct__151
fluid_duct	152	hbm:fluid_duct__152
fluid_duct	153	hbm:fluid_duct__153
fluid_duct	154	hbm:fluid_duct__154
fluid_duct	155	hbm:fluid_duct__155
fluid_duct	16	hbm:fluid_duct__16
fluid_duct	17	hbm:fluid_duct__17
fluid_duct	18	hbm:fluid_duct__18
fluid_duct	19	hbm:fluid_duct__19
fluid_duct	2	hbm:fluid_duct__2
fluid_duct	20	hbm:fluid_duct__20
fluid_duct	21	hbm:fluid_duct__21
fluid_duct	22	hbm:fluid_duct__22
fluid_duct	23	hbm:fluid_duct__23
fluid_duct	24	hbm:fluid_duct__24
fluid_duct	25	hbm:fluid_duct__25
fluid_duct	26	hbm:fluid_duct__26
fluid_duct	27	hbm:fluid_duct__27
fluid_duct	28	hbm:fluid_duct__28
fluid_duct	29	hbm:fluid_duct__29
fluid_duct	3	hbm:fluid_duct__3
fluid_duct	30	hbm:fluid_duct__30
fluid_duct	31	hbm:fluid_duct__31
fluid_duct	32	hbm:fluid_duct__32
fluid_duct	33	hbm:fluid_duct__33
fluid_duct	34	hbm:fluid_duct__34
fluid_duct	35	hbm:fluid_duct__35
fluid_duct	36	hbm:fluid_duct__36
fluid_duct	37	hbm:fluid_duct__37
fluid_duct	38	hbm:fluid_duct__38
fluid_duct	39	hbm:fluid_duct__39
fluid_duct	4	hbm:fluid_duct__4
fluid_duct	40	hbm:fluid_duct__40
fluid_duct	41	hbm:fluid_duct__41
fluid_duct	42	hbm:fluid_duct__42
fluid_duct	43	hbm:fluid_duct__43
fluid_duct	44	hbm:fluid_duct__44
fluid_duct	45	hbm:fluid_duct__45
fluid_duct	46	hbm:fluid_duct__46
fluid_duct	47	hbm:fluid_duct__47
fluid_duct	48	hbm:fluid_duct__48
fluid_duct	49	hbm:fluid_duct__49
fluid_duct	5	hbm:fluid_duct__5
fluid_duct	55	hbm:fluid_duct__55
fluid_duct	57	hbm:fluid_duct__57
fluid_duct	58	hbm:fluid_duct__58
fluid_duct	59	hbm:fluid_duct__59
fluid_duct	6	hbm:fluid_duct__6
fluid_duct	60	hbm:fluid_duct__60
fluid_duct	61	hbm:fluid_duct__61
fluid_duct	62	hbm:fluid_duct__62
fluid_duct	63	hbm:fluid_duct__63
fluid_duct	64	hbm:fluid_duct__64
fluid_duct	65	hbm:fluid_duct__65
fluid_duct	66	hbm:fluid_duct__66
fluid_duct	67	hbm:fluid_duct__67
fluid_duct	68	hbm:fluid_duct__68
fluid_duct	69	hbm:fluid_duct__69
fluid_duct	7	hbm:fluid_duct__7
fluid_duct	70	hbm:fluid_duct__70
fluid_duct	71	hbm:fluid_duct__71
fluid_duct	72	hbm:fluid_duct__72
fluid_duct	73	hbm:fluid_duct__73
fluid_duct	74	hbm:fluid_duct__74
fluid_duct	75	hbm:fluid_duct__75
fluid_duct	76	hbm:fluid_duct__76
fluid_duct	77	hbm:fluid_duct__77
fluid_duct	78	hbm:fluid_duct__78
fluid_duct	79	hbm:fluid_duct__79
fluid_duct	8	hbm:fluid_duct__8
fluid_duct	80	hbm:fluid_duct__80
fluid_duct	81	hbm:fluid_duct__81
fluid_duct	82	hbm:fluid_duct__82
fluid_duct	83	hbm:fluid_duct__83
fluid_duct	84	hbm:fluid_duct__84
fluid_duct	85	hbm:fluid_duct__85
fluid_duct	86	hbm:fluid_duct__86
fluid_duct	87	hbm:fluid_duct__87
fluid_duct	88	hbm:fluid_duct__88
fluid_duct	89	hbm:fluid_duct__89
fluid_duct	9	hbm:fluid_duct__9
fluid_duct	90	hbm:fluid_duct__90
fluid_duct	91	hbm:fluid_duct__91
fluid_duct	92	hbm:fluid_duct__92
fluid_duct	93	hbm:fluid_duct__93
fluid_duct	94	hbm:fluid_duct__94
fluid_duct	95	hbm:fluid_duct__95
fluid_duct	96	hbm:fluid_duct__96
fluid_duct	97	hbm:fluid_duct__97
fluid_duct	98	hbm:fluid_duct__98
fluid_duct	99	hbm:fluid_duct__99
fluid_identifier_multi	1	hbm:fluid_identifier_multi__1
fluid_identifier_multi	10	hbm:fluid_identifier_multi__10
fluid_identifier_multi	100	hbm:fluid_identifier_multi__100
fluid_identifier_multi	1000	hbm:fluid_identifier_multi__1000
fluid_identifier_multi	101	hbm:fluid_identifier_multi__101
fluid_identifier_multi	102	hbm:fluid_identifier_multi__102
fluid_identifier_multi	103	hbm:fluid_identifier_multi__103
fluid_identifier_multi	104	hbm:fluid_identifier_multi__104
fluid_identifier_multi	105	hbm:fluid_identifier_multi__105
fluid_identifier_multi	106	hbm:fluid_identifier_multi__106
fluid_identifier_multi	107	hbm:fluid_identifier_multi__107
fluid_identifier_multi	108	hbm:fluid_identifier_multi__108
fluid_identifier_multi	109	hbm:fluid_identifier_multi__109
fluid_identifier_multi	11	hbm:fluid_identifier_multi__11
fluid_identifier_multi	110	hbm:fluid_identifier_multi__110
fluid_identifier_multi	111	hbm:fluid_identifier_multi__111
fluid_identifier_multi	112	hbm:fluid_identifier_multi__112
fluid_identifier_multi	113	hbm:fluid_identifier_multi__113
fluid_identifier_multi	114	hbm:fluid_identifier_multi__114
fluid_identifier_multi	115	hbm:fluid_identifier_multi__115
fluid_identifier_multi	116	hbm:fluid_identifier_multi__116
fluid_identifier_multi	117	hbm:fluid_identifier_multi__117
fluid_identifier_multi	118	hbm:fluid_identifier_multi__118
fluid_identifier_multi	119	hbm:fluid_identifier_multi__119
fluid_identifier_multi	12	hbm:fluid_identifier_multi__12
fluid_identifier_multi	123	hbm:fluid_identifier_multi__123
fluid_identifier_multi	124	hbm:fluid_identifier_multi__124
fluid_identifier_multi	125	hbm:fluid_identifier_multi__125
fluid_identifier_multi	126	hbm:fluid_identifier_multi__126
fluid_identifier_multi	127	hbm:fluid_identifier_multi__127
fluid_identifier_multi	128	hbm:fluid_identifier_multi__128
fluid_identifier_multi	129	hbm:fluid_identifier_multi__129
fluid_identifier_multi	13	hbm:fluid_identifier_multi__13
fluid_identifier_multi	130	hbm:fluid_identifier_multi__130
fluid_identifier_multi	131	hbm:fluid_identifier_multi__131
fluid_identifier_multi	132	hbm:fluid_identifier_multi__132
fluid_identifier_multi	133	hbm:fluid_identifier_multi__133
fluid_identifier_multi	134	hbm:fluid_identifier_multi__134
fluid_identifier_multi	135	hbm:fluid_identifier_multi__135
fluid_identifier_multi	136	hbm:fluid_identifier_multi__136
fluid_identifier_multi	137	hbm:fluid_identifier_multi__137
fluid_identifier_multi	138	hbm:fluid_identifier_multi__138
fluid_identifier_multi	139	hbm:fluid_identifier_multi__139
fluid_identifier_multi	14	hbm:fluid_identifier_multi__14
fluid_identifier_multi	140	hbm:fluid_identifier_multi__140
fluid_identifier_multi	141	hbm:fluid_identifier_multi__141
fluid_identifier_multi	142	hbm:fluid_identifier_multi__142
fluid_identifier_multi	143	hbm:fluid_identifier_multi__143
fluid_identifier_multi	144	hbm:fluid_identifier_multi__144
fluid_identifier_multi	145	hbm:fluid_identifier_multi__145
fluid_identifier_multi	146	hbm:fluid_identifier_multi__146
fluid_identifier_multi	147	hbm:fluid_identifier_multi__147
fluid_identifier_multi	148	hbm:fluid_identifier_multi__148
fluid_identifier_multi	149	hbm:fluid_identifier_multi__149
fluid_identifier_multi	15	hbm:fluid_identifier_multi__15
fluid_identifier_multi	150	hbm:fluid_identifier_multi__150
fluid_identifier_multi	151	hbm:fluid_identifier_multi__151
fluid_identifier_multi	152	hbm:fluid_identifier_multi__152
fluid_identifier_multi	153	hbm:fluid_identifier_multi__153
fluid_identifier_multi	154	hbm:fluid_identifier_multi__154
fluid_identifier_multi	155	hbm:fluid_identifier_multi__155
fluid_identifier_multi	16	hbm:fluid_identifier_multi__16
fluid_identifier_multi	17	hbm:fluid_identifier_multi__17
fluid_identifier_multi	18	hbm:fluid_identifier_multi__18
fluid_identifier_multi	19	hbm:fluid_identifier_multi__19
fluid_identifier_multi	2	hbm:fluid_identifier_multi__2
fluid_identifier_multi	20	hbm:fluid_identifier_multi__20
fluid_identifier_multi	21	hbm:fluid_identifier_multi__21
fluid_identifier_multi	22	hbm:fluid_identifier_multi__22
fluid_identifier_multi	23	hbm:fluid_identifier_multi__23
fluid_identifier_multi	24	hbm:fluid_identifier_multi__24
fluid_identifier_multi	25	hbm:fluid_identifier_multi__25
fluid_identifier_multi	26	hbm:fluid_identifier_multi__26
fluid_identifier_multi	27	hbm:fluid_identifier_multi__27
fluid_identifier_multi	28	hbm:fluid_identifier_multi__28
fluid_identifier_multi	29	hbm:fluid_identifier_multi__29
fluid_identifier_multi	3	hbm:fluid_identifier_multi__3
fluid_identifier_multi	30	hbm:fluid_identifier_multi__30
fluid_identifier_multi	31	hbm:fluid_identifier_multi__31
fluid_identifier_multi	32	hbm:fluid_identifier_multi__32
fluid_identifier_multi	33	hbm:fluid_identifier_multi__33
fluid_identifier_multi	34	hbm:fluid_identifier_multi__34
fluid_identifier_multi	35	hbm:fluid_identifier_multi__35
fluid_identifier_multi	36	hbm:fluid_identifier_multi__36
fluid_identifier_multi	37	hbm:fluid_identifier_multi__37
fluid_identifier_multi	38	hbm:fluid_identifier_multi__38
fluid_identifier_multi	39	hbm:fluid_identifier_multi__39
fluid_identifier_multi	4	hbm:fluid_identifier_multi__4
fluid_identifier_multi	40	hbm:fluid_identifier_multi__40
fluid_identifier_multi	41	hbm:fluid_identifier_multi__41
fluid_identifier_multi	42	hbm:fluid_identifier_multi__42
fluid_identifier_multi	43	hbm:fluid_identifier_multi__43
fluid_identifier_multi	44	hbm:fluid_identifier_multi__44
fluid_identifier_multi	45	hbm:fluid_identifier_multi__45
fluid_identifier_multi	46	hbm:fluid_identifier_multi__46
fluid_identifier_multi	47	hbm:fluid_identifier_multi__47
fluid_identifier_multi	48	hbm:fluid_identifier_multi__48
fluid_identifier_multi	49	hbm:fluid_identifier_multi__49
fluid_identifier_multi	5	hbm:fluid_identifier_multi__5
fluid_identifier_multi	55	hbm:fluid_identifier_multi__55
fluid_identifier_multi	57	hbm:fluid_identifier_multi__57
fluid_identifier_multi	58	hbm:fluid_identifier_multi__58
fluid_identifier_multi	59	hbm:fluid_identifier_multi__59
fluid_identifier_multi	6	hbm:fluid_identifier_multi__6
fluid_identifier_multi	60	hbm:fluid_identifier_multi__60
fluid_identifier_multi	61	hbm:fluid_identifier_multi__61
fluid_identifier_multi	62	hbm:fluid_identifier_multi__62
fluid_identifier_multi	63	hbm:fluid_identifier_multi__63
fluid_identifier_multi	64	hbm:fluid_identifier_multi__64
fluid_identifier_multi	65	hbm:fluid_identifier_multi__65
fluid_identifier_multi	66	hbm:fluid_identifier_multi__66
fluid_identifier_multi	67	hbm:fluid_identifier_multi__67
fluid_identifier_multi	68	hbm:fluid_identifier_multi__68
fluid_identifier_multi	69	hbm:fluid_identifier_multi__69
fluid_identifier_multi	7	hbm:fluid_identifier_multi__7
fluid_identifier_multi	70	hbm:fluid_identifier_multi__70
fluid_identifier_multi	71	hbm:fluid_identifier_multi__71
fluid_identifier_multi	72	hbm:fluid_identifier_multi__72
fluid_identifier_multi	73	hbm:fluid_identifier_multi__73
fluid_identifier_multi	74	hbm:fluid_identifier_multi__74
fluid_identifier_multi	75	hbm:fluid_identifier_multi__75
fluid_identifier_multi	76	hbm:fluid_identifier_multi__76
fluid_identifier_multi	77	hbm:fluid_identifier_multi__77
fluid_identifier_multi	78	hbm:fluid_identifier_multi__78
fluid_identifier_multi	79	hbm:fluid_identifier_multi__79
fluid_identifier_multi	8	hbm:fluid_identifier_multi__8
fluid_identifier_multi	80	hbm:fluid_identifier_multi__80
fluid_identifier_multi	81	hbm:fluid_identifier_multi__81
fluid_identifier_multi	82	hbm:fluid_identifier_multi__82
fluid_identifier_multi	83	hbm:fluid_identifier_multi__83
fluid_identifier_multi	84	hbm:fluid_identifier_multi__84
fluid_identifier_multi	85	hbm:fluid_identifier_multi__85
fluid_identifier_multi	86	hbm:fluid_identifier_multi__86
fluid_identifier_multi	87	hbm:fluid_identifier_multi__87
fluid_identifier_multi	88	hbm:fluid_identifier_multi__88
fluid_identifier_multi	89	hbm:fluid_identifier_multi__89
fluid_identifier_multi	9	hbm:fluid_identifier_multi__9
fluid_identifier_multi	90	hbm:fluid_identifier_multi__90
fluid_identifier_multi	91	hbm:fluid_identifier_multi__91
fluid_identifier_multi	92	hbm:fluid_identifier_multi__92
fluid_identifier_multi	93	hbm:fluid_identifier_multi__93
fluid_identifier_multi	94	hbm:fluid_identifier_multi__94
fluid_identifier_multi	95	hbm:fluid_identifier_multi__95
fluid_identifier_multi	96	hbm:fluid_identifier_multi__96
fluid_identifier_multi	97	hbm:fluid_identifier_multi__97
fluid_identifier_multi	98	hbm:fluid_identifier_multi__98
fluid_identifier_multi	99	hbm:fluid_identifier_multi__99
fluid_pack_empty	0	hbm:fluid_pack_empty
fluid_pack_full	1	hbm:fluid_pack_full__1
fluid_pack_full	10	hbm:fluid_pack_full__10
fluid_pack_full	100	hbm:fluid_pack_full__100
fluid_pack_full	1000	hbm:fluid_pack_full__1000
fluid_pack_full	101	hbm:fluid_pack_full__101
fluid_pack_full	102	hbm:fluid_pack_full__102
fluid_pack_full	103	hbm:fluid_pack_full__103
fluid_pack_full	104	hbm:fluid_pack_full__104
fluid_pack_full	105	hbm:fluid_pack_full__105
fluid_pack_full	106	hbm:fluid_pack_full__106
fluid_pack_full	107	hbm:fluid_pack_full__107
fluid_pack_full	108	hbm:fluid_pack_full__108
fluid_pack_full	109	hbm:fluid_pack_full__109
fluid_pack_full	11	hbm:fluid_pack_full__11
fluid_pack_full	110	hbm:fluid_pack_full__110
fluid_pack_full	111	hbm:fluid_pack_full__111
fluid_pack_full	112	hbm:fluid_pack_full__112
fluid_pack_full	12	hbm:fluid_pack_full__12
fluid_pack_full	123	hbm:fluid_pack_full__123
fluid_pack_full	124	hbm:fluid_pack_full__124
fluid_pack_full	125	hbm:fluid_pack_full__125
fluid_pack_full	126	hbm:fluid_pack_full__126
fluid_pack_full	127	hbm:fluid_pack_full__127
fluid_pack_full	128	hbm:fluid_pack_full__128
fluid_pack_full	129	hbm:fluid_pack_full__129
fluid_pack_full	13	hbm:fluid_pack_full__13
fluid_pack_full	130	hbm:fluid_pack_full__130
fluid_pack_full	131	hbm:fluid_pack_full__131
fluid_pack_full	132	hbm:fluid_pack_full__132
fluid_pack_full	133	hbm:fluid_pack_full__133
fluid_pack_full	134	hbm:fluid_pack_full__134
fluid_pack_full	135	hbm:fluid_pack_full__135
fluid_pack_full	136	hbm:fluid_pack_full__136
fluid_pack_full	137	hbm:fluid_pack_full__137
fluid_pack_full	138	hbm:fluid_pack_full__138
fluid_pack_full	139	hbm:fluid_pack_full__139
fluid_pack_full	14	hbm:fluid_pack_full__14
fluid_pack_full	140	hbm:fluid_pack_full__140
fluid_pack_full	141	hbm:fluid_pack_full__141
fluid_pack_full	142	hbm:fluid_pack_full__142
fluid_pack_full	143	hbm:fluid_pack_full__143
fluid_pack_full	144	hbm:fluid_pack_full__144
fluid_pack_full	145	hbm:fluid_pack_full__145
fluid_pack_full	146	hbm:fluid_pack_full__146
fluid_pack_full	147	hbm:fluid_pack_full__147
fluid_pack_full	148	hbm:fluid_pack_full__148
fluid_pack_full	149	hbm:fluid_pack_full__149
fluid_pack_full	15	hbm:fluid_pack_full__15
fluid_pack_full	150	hbm:fluid_pack_full__150
fluid_pack_full	151	hbm:fluid_pack_full__151
fluid_pack_full	152	hbm:fluid_pack_full__152
fluid_pack_full	153	hbm:fluid_pack_full__153
fluid_pack_full	154	hbm:fluid_pack_full__154
fluid_pack_full	155	hbm:fluid_pack_full__155
fluid_pack_full	16	hbm:fluid_pack_full__16
fluid_pack_full	17	hbm:fluid_pack_full__17
fluid_pack_full	18	hbm:fluid_pack_full__18
fluid_pack_full	19	hbm:fluid_pack_full__19
fluid_pack_full	2	hbm:fluid_pack_full__2
fluid_pack_full	20	hbm:fluid_pack_full__20
fluid_pack_full	21	hbm:fluid_pack_full__21
fluid_pack_full	22	hbm:fluid_pack_full__22
fluid_pack_full	23	hbm:fluid_pack_full__23
fluid_pack_full	24	hbm:fluid_pack_full__24
fluid_pack_full	25	hbm:fluid_pack_full__25
fluid_pack_full	26	hbm:fluid_pack_full__26
fluid_pack_full	27	hbm:fluid_pack_full__27
fluid_pack_full	28	hbm:fluid_pack_full__28
fluid_pack_full	29	hbm:fluid_pack_full__29
fluid_pack_full	3	hbm:fluid_pack_full__3
fluid_pack_full	30	hbm:fluid_pack_full__30
fluid_pack_full	31	hbm:fluid_pack_full__31
fluid_pack_full	32	hbm:fluid_pack_full__32
fluid_pack_full	33	hbm:fluid_pack_full__33
fluid_pack_full	34	hbm:fluid_pack_full__34
fluid_pack_full	35	hbm:fluid_pack_full__35
fluid_pack_full	36	hbm:fluid_pack_full__36
fluid_pack_full	37	hbm:fluid_pack_full__37
fluid_pack_full	38	hbm:fluid_pack_full__38
fluid_pack_full	39	hbm:fluid_pack_full__39
fluid_pack_full	4	hbm:fluid_pack_full__4
fluid_pack_full	40	hbm:fluid_pack_full__40
fluid_pack_full	41	hbm:fluid_pack_full__41
fluid_pack_full	42	hbm:fluid_pack_full__42
fluid_pack_full	43	hbm:fluid_pack_full__43
fluid_pack_full	46	hbm:fluid_pack_full__46
fluid_pack_full	47	hbm:fluid_pack_full__47
fluid_pack_full	49	hbm:fluid_pack_full__49
fluid_pack_full	5	hbm:fluid_pack_full__5
fluid_pack_full	55	hbm:fluid_pack_full__55
fluid_pack_full	57	hbm:fluid_pack_full__57
fluid_pack_full	59	hbm:fluid_pack_full__59
fluid_pack_full	6	hbm:fluid_pack_full__6
fluid_pack_full	60	hbm:fluid_pack_full__60
fluid_pack_full	61	hbm:fluid_pack_full__61
fluid_pack_full	62	hbm:fluid_pack_full__62
fluid_pack_full	63	hbm:fluid_pack_full__63
fluid_pack_full	64	hbm:fluid_pack_full__64
fluid_pack_full	65	hbm:fluid_pack_full__65
fluid_pack_full	66	hbm:fluid_pack_full__66
fluid_pack_full	67	hbm:fluid_pack_full__67
fluid_pack_full	68	hbm:fluid_pack_full__68
fluid_pack_full	69	hbm:fluid_pack_full__69
fluid_pack_full	7	hbm:fluid_pack_full__7
fluid_pack_full	70	hbm:fluid_pack_full__70
fluid_pack_full	71	hbm:fluid_pack_full__71
fluid_pack_full	72	hbm:fluid_pack_full__72
fluid_pack_full	73	hbm:fluid_pack_full__73
fluid_pack_full	74	hbm:fluid_pack_full__74
fluid_pack_full	75	hbm:fluid_pack_full__75
fluid_pack_full	76	hbm:fluid_pack_full__76
fluid_pack_full	77	hbm:fluid_pack_full__77
fluid_pack_full	78	hbm:fluid_pack_full__78
fluid_pack_full	79	hbm:fluid_pack_full__79
fluid_pack_full	8	hbm:fluid_pack_full__8
fluid_pack_full	80	hbm:fluid_pack_full__80
fluid_pack_full	81	hbm:fluid_pack_full__81
fluid_pack_full	82	hbm:fluid_pack_full__82
fluid_pack_full	83	hbm:fluid_pack_full__83
fluid_pack_full	84	hbm:fluid_pack_full__84
fluid_pack_full	85	hbm:fluid_pack_full__85
fluid_pack_full	86	hbm:fluid_pack_full__86
fluid_pack_full	87	hbm:fluid_pack_full__87
fluid_pack_full	88	hbm:fluid_pack_full__88
fluid_pack_full	89	hbm:fluid_pack_full__89
fluid_pack_full	9	hbm:fluid_pack_full__9
fluid_pack_full	90	hbm:fluid_pack_full__90
fluid_pack_full	91	hbm:fluid_pack_full__91
fluid_pack_full	92	hbm:fluid_pack_full__92
fluid_pack_full	93	hbm:fluid_pack_full__93
fluid_pack_full	94	hbm:fluid_pack_full__94
fluid_pack_full	95	hbm:fluid_pack_full__95
fluid_pack_full	96	hbm:fluid_pack_full__96
fluid_pack_full	97	hbm:fluid_pack_full__97
fluid_pack_full	98	hbm:fluid_pack_full__98
fluid_pack_full	99	hbm:fluid_pack_full__99
fluid_tank_empty	0	hbm:fluid_tank_empty
fluid_tank_full	1	hbm:fluid_tank_full__1
fluid_tank_full	10	hbm:fluid_tank_full__10
fluid_tank_full	100	hbm:fluid_tank_full__100
fluid_tank_full	1000	hbm:fluid_tank_full__1000
fluid_tank_full	101	hbm:fluid_tank_full__101
fluid_tank_full	102	hbm:fluid_tank_full__102
fluid_tank_full	103	hbm:fluid_tank_full__103
fluid_tank_full	104	hbm:fluid_tank_full__104
fluid_tank_full	105	hbm:fluid_tank_full__105
fluid_tank_full	106	hbm:fluid_tank_full__106
fluid_tank_full	107	hbm:fluid_tank_full__107
fluid_tank_full	108	hbm:fluid_tank_full__108
fluid_tank_full	109	hbm:fluid_tank_full__109
fluid_tank_full	11	hbm:fluid_tank_full__11
fluid_tank_full	110	hbm:fluid_tank_full__110
fluid_tank_full	111	hbm:fluid_tank_full__111
fluid_tank_full	112	hbm:fluid_tank_full__112
fluid_tank_full	12	hbm:fluid_tank_full__12
fluid_tank_full	123	hbm:fluid_tank_full__123
fluid_tank_full	124	hbm:fluid_tank_full__124
fluid_tank_full	125	hbm:fluid_tank_full__125
fluid_tank_full	126	hbm:fluid_tank_full__126
fluid_tank_full	127	hbm:fluid_tank_full__127
fluid_tank_full	128	hbm:fluid_tank_full__128
fluid_tank_full	129	hbm:fluid_tank_full__129
fluid_tank_full	13	hbm:fluid_tank_full__13
fluid_tank_full	130	hbm:fluid_tank_full__130
fluid_tank_full	131	hbm:fluid_tank_full__131
fluid_tank_full	132	hbm:fluid_tank_full__132
fluid_tank_full	133	hbm:fluid_tank_full__133
fluid_tank_full	134	hbm:fluid_tank_full__134
fluid_tank_full	135	hbm:fluid_tank_full__135
fluid_tank_full	136	hbm:fluid_tank_full__136
fluid_tank_full	137	hbm:fluid_tank_full__137
fluid_tank_full	138	hbm:fluid_tank_full__138
fluid_tank_full	139	hbm:fluid_tank_full__139
fluid_tank_full	14	hbm:fluid_tank_full__14
fluid_tank_full	140	hbm:fluid_tank_full__140
fluid_tank_full	141	hbm:fluid_tank_full__141
fluid_tank_full	142	hbm:fluid_tank_full__142
fluid_tank_full	143	hbm:fluid_tank_full__143
fluid_tank_full	144	hbm:fluid_tank_full__144
fluid_tank_full	145	hbm:fluid_tank_full__145
fluid_tank_full	146	hbm:fluid_tank_full__146
fluid_tank_full	147	hbm:fluid_tank_full__147
fluid_tank_full	148	hbm:fluid_tank_full__148
fluid_tank_full	149	hbm:fluid_tank_full__149
fluid_tank_full	15	hbm:fluid_tank_full__15
fluid_tank_full	150	hbm:fluid_tank_full__150
fluid_tank_full	151	hbm:fluid_tank_full__151
fluid_tank_full	152	hbm:fluid_tank_full__152
fluid_tank_full	153	hbm:fluid_tank_full__153
fluid_tank_full	154	hbm:fluid_tank_full__154
fluid_tank_full	155	hbm:fluid_tank_full__155
fluid_tank_full	16	hbm:fluid_tank_full__16
fluid_tank_full	17	hbm:fluid_tank_full__17
fluid_tank_full	18	hbm:fluid_tank_full__18
fluid_tank_full	19	hbm:fluid_tank_full__19
fluid_tank_full	2	hbm:fluid_tank_full__2
fluid_tank_full	20	hbm:fluid_tank_full__20
fluid_tank_full	21	hbm:fluid_tank_full__21
fluid_tank_full	22	hbm:fluid_tank_full__22
fluid_tank_full	23	hbm:fluid_tank_full__23
fluid_tank_full	24	hbm:fluid_tank_full__24
fluid_tank_full	25	hbm:fluid_tank_full__25
fluid_tank_full	26	hbm:fluid_tank_full__26
fluid_tank_full	27	hbm:fluid_tank_full__27
fluid_tank_full	28	hbm:fluid_tank_full__28
fluid_tank_full	29	hbm:fluid_tank_full__29
fluid_tank_full	3	hbm:fluid_tank_full__3
fluid_tank_full	30	hbm:fluid_tank_full__30
fluid_tank_full	31	hbm:fluid_tank_full__31
fluid_tank_full	32	hbm:fluid_tank_full__32
fluid_tank_full	33	hbm:fluid_tank_full__33
fluid_tank_full	34	hbm:fluid_tank_full__34
fluid_tank_full	35	hbm:fluid_tank_full__35
fluid_tank_full	36	hbm:fluid_tank_full__36
fluid_tank_full	37	hbm:fluid_tank_full__37
fluid_tank_full	38	hbm:fluid_tank_full__38
fluid_tank_full	39	hbm:fluid_tank_full__39
fluid_tank_full	4	hbm:fluid_tank_full__4
fluid_tank_full	40	hbm:fluid_tank_full__40
fluid_tank_full	41	hbm:fluid_tank_full__41
fluid_tank_full	42	hbm:fluid_tank_full__42
fluid_tank_full	43	hbm:fluid_tank_full__43
fluid_tank_full	46	hbm:fluid_tank_full__46
fluid_tank_full	47	hbm:fluid_tank_full__47
fluid_tank_full	49	hbm:fluid_tank_full__49
fluid_tank_full	5	hbm:fluid_tank_full__5
fluid_tank_full	55	hbm:fluid_tank_full__55
fluid_tank_full	57	hbm:fluid_tank_full__57
fluid_tank_full	59	hbm:fluid_tank_full__59
fluid_tank_full	6	hbm:fluid_tank_full__6
fluid_tank_full	60	hbm:fluid_tank_full__60
fluid_tank_full	61	hbm:fluid_tank_full__61
fluid_tank_full	62	hbm:fluid_tank_full__62
fluid_tank_full	63	hbm:fluid_tank_full__63
fluid_tank_full	64	hbm:fluid_tank_full__64
fluid_tank_full	65	hbm:fluid_tank_full__65
fluid_tank_full	66	hbm:fluid_tank_full__66
fluid_tank_full	67	hbm:fluid_tank_full__67
fluid_tank_full	68	hbm:fluid_tank_full__68
fluid_tank_full	69	hbm:fluid_tank_full__69
fluid_tank_full	7	hbm:fluid_tank_full__7
fluid_tank_full	70	hbm:fluid_tank_full__70
fluid_tank_full	71	hbm:fluid_tank_full__71
fluid_tank_full	72	hbm:fluid_tank_full__72
fluid_tank_full	73	hbm:fluid_tank_full__73
fluid_tank_full	74	hbm:fluid_tank_full__74
fluid_tank_full	75	hbm:fluid_tank_full__75
fluid_tank_full	76	hbm:fluid_tank_full__76
fluid_tank_full	77	hbm:fluid_tank_full__77
fluid_tank_full	78	hbm:fluid_tank_full__78
fluid_tank_full	79	hbm:fluid_tank_full__79
fluid_tank_full	8	hbm:fluid_tank_full__8
fluid_tank_full	80	hbm:fluid_tank_full__80
fluid_tank_full	81	hbm:fluid_tank_full__81
fluid_tank_full	82	hbm:fluid_tank_full__82
fluid_tank_full	83	hbm:fluid_tank_full__83
fluid_tank_full	84	hbm:fluid_tank_full__84
fluid_tank_full	85	hbm:fluid_tank_full__85
fluid_tank_full	86	hbm:fluid_tank_full__86
fluid_tank_full	87	hbm:fluid_tank_full__87
fluid_tank_full	88	hbm:fluid_tank_full__88
fluid_tank_full	89	hbm:fluid_tank_full__89
fluid_tank_full	9	hbm:fluid_tank_full__9
fluid_tank_full	90	hbm:fluid_tank_full__90
fluid_tank_full	91	hbm:fluid_tank_full__91
fluid_tank_full	92	hbm:fluid_tank_full__92
fluid_tank_full	93	hbm:fluid_tank_full__93
fluid_tank_full	94	hbm:fluid_tank_full__94
fluid_tank_full	95	hbm:fluid_tank_full__95
fluid_tank_full	96	hbm:fluid_tank_full__96
fluid_tank_full	97	hbm:fluid_tank_full__97
fluid_tank_full	98	hbm:fluid_tank_full__98
fluid_tank_full	99	hbm:fluid_tank_full__99
fluid_tank_lead_empty	0	hbm:fluid_tank_lead_empty
fluid_tank_lead_full	1	hbm:fluid_tank_lead_full__1
fluid_tank_lead_full	10	hbm:fluid_tank_lead_full__10
fluid_tank_lead_full	100	hbm:fluid_tank_lead_full__100
fluid_tank_lead_full	1000	hbm:fluid_tank_lead_full__1000
fluid_tank_lead_full	101	hbm:fluid_tank_lead_full__101
fluid_tank_lead_full	102	hbm:fluid_tank_lead_full__102
fluid_tank_lead_full	103	hbm:fluid_tank_lead_full__103
fluid_tank_lead_full	104	hbm:fluid_tank_lead_full__104
fluid_tank_lead_full	105	hbm:fluid_tank_lead_full__105
fluid_tank_lead_full	106	hbm:fluid_tank_lead_full__106
fluid_tank_lead_full	107	hbm:fluid_tank_lead_full__107
fluid_tank_lead_full	108	hbm:fluid_tank_lead_full__108
fluid_tank_lead_full	109	hbm:fluid_tank_lead_full__109
fluid_tank_lead_full	11	hbm:fluid_tank_lead_full__11
fluid_tank_lead_full	110	hbm:fluid_tank_lead_full__110
fluid_tank_lead_full	111	hbm:fluid_tank_lead_full__111
fluid_tank_lead_full	112	hbm:fluid_tank_lead_full__112
fluid_tank_lead_full	113	hbm:fluid_tank_lead_full__113
fluid_tank_lead_full	12	hbm:fluid_tank_lead_full__12
fluid_tank_lead_full	123	hbm:fluid_tank_lead_full__123
fluid_tank_lead_full	124	hbm:fluid_tank_lead_full__124
fluid_tank_lead_full	125	hbm:fluid_tank_lead_full__125
fluid_tank_lead_full	126	hbm:fluid_tank_lead_full__126
fluid_tank_lead_full	127	hbm:fluid_tank_lead_full__127
fluid_tank_lead_full	128	hbm:fluid_tank_lead_full__128
fluid_tank_lead_full	129	hbm:fluid_tank_lead_full__129
fluid_tank_lead_full	13	hbm:fluid_tank_lead_full__13
fluid_tank_lead_full	130	hbm:fluid_tank_lead_full__130
fluid_tank_lead_full	131	hbm:fluid_tank_lead_full__131
fluid_tank_lead_full	132	hbm:fluid_tank_lead_full__132
fluid_tank_lead_full	133	hbm:fluid_tank_lead_full__133
fluid_tank_lead_full	134	hbm:fluid_tank_lead_full__134
fluid_tank_lead_full	135	hbm:fluid_tank_lead_full__135
fluid_tank_lead_full	136	hbm:fluid_tank_lead_full__136
fluid_tank_lead_full	137	hbm:fluid_tank_lead_full__137
fluid_tank_lead_full	138	hbm:fluid_tank_lead_full__138
fluid_tank_lead_full	139	hbm:fluid_tank_lead_full__139
fluid_tank_lead_full	14	hbm:fluid_tank_lead_full__14
fluid_tank_lead_full	140	hbm:fluid_tank_lead_full__140
fluid_tank_lead_full	141	hbm:fluid_tank_lead_full__141
fluid_tank_lead_full	142	hbm:fluid_tank_lead_full__142
fluid_tank_lead_full	143	hbm:fluid_tank_lead_full__143
fluid_tank_lead_full	144	hbm:fluid_tank_lead_full__144
fluid_tank_lead_full	145	hbm:fluid_tank_lead_full__145
fluid_tank_lead_full	146	hbm:fluid_tank_lead_full__146
fluid_tank_lead_full	147	hbm:fluid_tank_lead_full__147
fluid_tank_lead_full	148	hbm:fluid_tank_lead_full__148
fluid_tank_lead_full	149	hbm:fluid_tank_lead_full__149
fluid_tank_lead_full	15	hbm:fluid_tank_lead_full__15
fluid_tank_lead_full	150	hbm:fluid_tank_lead_full__150
fluid_tank_lead_full	151	hbm:fluid_tank_lead_full__151
fluid_tank_lead_full	152	hbm:fluid_tank_lead_full__152
fluid_tank_lead_full	153	hbm:fluid_tank_lead_full__153
fluid_tank_lead_full	154	hbm:fluid_tank_lead_full__154
fluid_tank_lead_full	155	hbm:fluid_tank_lead_full__155
fluid_tank_lead_full	16	hbm:fluid_tank_lead_full__16
fluid_tank_lead_full	17	hbm:fluid_tank_lead_full__17
fluid_tank_lead_full	18	hbm:fluid_tank_lead_full__18
fluid_tank_lead_full	19	hbm:fluid_tank_lead_full__19
fluid_tank_lead_full	2	hbm:fluid_tank_lead_full__2
fluid_tank_lead_full	20	hbm:fluid_tank_lead_full__20
fluid_tank_lead_full	21	hbm:fluid_tank_lead_full__21
fluid_tank_lead_full	22	hbm:fluid_tank_lead_full__22
fluid_tank_lead_full	23	hbm:fluid_tank_lead_full__23
fluid_tank_lead_full	24	hbm:fluid_tank_lead_full__24
fluid_tank_lead_full	25	hbm:fluid_tank_lead_full__25
fluid_tank_lead_full	26	hbm:fluid_tank_lead_full__26
fluid_tank_lead_full	27	hbm:fluid_tank_lead_full__27
fluid_tank_lead_full	28	hbm:fluid_tank_lead_full__28
fluid_tank_lead_full	29	hbm:fluid_tank_lead_full__29
fluid_tank_lead_full	3	hbm:fluid_tank_lead_full__3
fluid_tank_lead_full	30	hbm:fluid_tank_lead_full__30
fluid_tank_lead_full	31	hbm:fluid_tank_lead_full__31
fluid_tank_lead_full	32	hbm:fluid_tank_lead_full__32
fluid_tank_lead_full	33	hbm:fluid_tank_lead_full__33
fluid_tank_lead_full	34	hbm:fluid_tank_lead_full__34
fluid_tank_lead_full	35	hbm:fluid_tank_lead_full__35
fluid_tank_lead_full	36	hbm:fluid_tank_lead_full__36
fluid_tank_lead_full	37	hbm:fluid_tank_lead_full__37
fluid_tank_lead_full	38	hbm:fluid_tank_lead_full__38
fluid_tank_lead_full	39	hbm:fluid_tank_lead_full__39
fluid_tank_lead_full	4	hbm:fluid_tank_lead_full__4
fluid_tank_lead_full	40	hbm:fluid_tank_lead_full__40
fluid_tank_lead_full	41	hbm:fluid_tank_lead_full__41
fluid_tank_lead_full	42	hbm:fluid_tank_lead_full__42
fluid_tank_lead_full	43	hbm:fluid_tank_lead_full__43
fluid_tank_lead_full	46	hbm:fluid_tank_lead_full__46
fluid_tank_lead_full	47	hbm:fluid_tank_lead_full__47
fluid_tank_lead_full	49	hbm:fluid_tank_lead_full__49
fluid_tank_lead_full	5	hbm:fluid_tank_lead_full__5
fluid_tank_lead_full	55	hbm:fluid_tank_lead_full__55
fluid_tank_lead_full	57	hbm:fluid_tank_lead_full__57
fluid_tank_lead_full	58	hbm:fluid_tank_lead_full__58
fluid_tank_lead_full	59	hbm:fluid_tank_lead_full__59
fluid_tank_lead_full	6	hbm:fluid_tank_lead_full__6
fluid_tank_lead_full	60	hbm:fluid_tank_lead_full__60
fluid_tank_lead_full	61	hbm:fluid_tank_lead_full__61
fluid_tank_lead_full	62	hbm:fluid_tank_lead_full__62
fluid_tank_lead_full	63	hbm:fluid_tank_lead_full__63
fluid_tank_lead_full	64	hbm:fluid_tank_lead_full__64
fluid_tank_lead_full	65	hbm:fluid_tank_lead_full__65
fluid_tank_lead_full	66	hbm:fluid_tank_lead_full__66
fluid_tank_lead_full	67	hbm:fluid_tank_lead_full__67
fluid_tank_lead_full	68	hbm:fluid_tank_lead_full__68
fluid_tank_lead_full	69	hbm:fluid_tank_lead_full__69
fluid_tank_lead_full	7	hbm:fluid_tank_lead_full__7
fluid_tank_lead_full	70	hbm:fluid_tank_lead_full__70
fluid_tank_lead_full	71	hbm:fluid_tank_lead_full__71
fluid_tank_lead_full	72	hbm:fluid_tank_lead_full__72
fluid_tank_lead_full	73	hbm:fluid_tank_lead_full__73
fluid_tank_lead_full	74	hbm:fluid_tank_lead_full__74
fluid_tank_lead_full	75	hbm:fluid_tank_lead_full__75
fluid_tank_lead_full	76	hbm:fluid_tank_lead_full__76
fluid_tank_lead_full	77	hbm:fluid_tank_lead_full__77
fluid_tank_lead_full	78	hbm:fluid_tank_lead_full__78
fluid_tank_lead_full	79	hbm:fluid_tank_lead_full__79
fluid_tank_lead_full	8	hbm:fluid_tank_lead_full__8
fluid_tank_lead_full	80	hbm:fluid_tank_lead_full__80
fluid_tank_lead_full	81	hbm:fluid_tank_lead_full__81
fluid_tank_lead_full	82	hbm:fluid_tank_lead_full__82
fluid_tank_lead_full	83	hbm:fluid_tank_lead_full__83
fluid_tank_lead_full	84	hbm:fluid_tank_lead_full__84
fluid_tank_lead_full	85	hbm:fluid_tank_lead_full__85
fluid_tank_lead_full	86	hbm:fluid_tank_lead_full__86
fluid_tank_lead_full	87	hbm:fluid_tank_lead_full__87
fluid_tank_lead_full	88	hbm:fluid_tank_lead_full__88
fluid_tank_lead_full	89	hbm:fluid_tank_lead_full__89
fluid_tank_lead_full	9	hbm:fluid_tank_lead_full__9
fluid_tank_lead_full	90	hbm:fluid_tank_lead_full__90
fluid_tank_lead_full	91	hbm:fluid_tank_lead_full__91
fluid_tank_lead_full	92	hbm:fluid_tank_lead_full__92
fluid_tank_lead_full	93	hbm:fluid_tank_lead_full__93
fluid_tank_lead_full	94	hbm:fluid_tank_lead_full__94
fluid_tank_lead_full	95	hbm:fluid_tank_lead_full__95
fluid_tank_lead_full	96	hbm:fluid_tank_lead_full__96
fluid_tank_lead_full	97	hbm:fluid_tank_lead_full__97
fluid_tank_lead_full	98	hbm:fluid_tank_lead_full__98
fluid_tank_lead_full	99	hbm:fluid_tank_lead_full__99
flywheel_beryllium	0	hbm:flywheel_beryllium
fmn	0	hbm:fmn
fooditem	0	hbm:fooditem
fragment_actinium	0	hbm:fragment_actinium
fragment_meteorite	0	hbm:fragment_meteorite
fuel_additive	0	hbm:fuel_additive
fuel_additive	1	hbm:fuel_additive__1
fuel_tank_large	0	hbm:fuel_tank_large
fuel_tank_medium	0	hbm:fuel_tank_medium
fuel_tank_small	0	hbm:fuel_tank_small
fuse	0	hbm:fuse
fusion_core	0	hbm:fusion_core
fusion_shield_chlorophyte	0	hbm:fusion_shield_chlorophyte
fusion_shield_desh	0	hbm:fusion_shield_desh
fusion_shield_tungsten	0	hbm:fusion_shield_tungsten
fusion_shield_vaporwave	0	hbm:fusion_shield_vaporwave
gadget_core	0	hbm:gadget_core
gadget_kit	0	hbm:gadget_kit
gadget_wireing	0	hbm:gadget_wireing
gas_empty	0	hbm:gas_empty
gas_full	101	hbm:gas_full__101
gas_full	102	hbm:gas_full__102
gas_full	123	hbm:gas_full__123
gas_full	155	hbm:gas_full__155
gas_full	23	hbm:gas_full__23
gas_full	24	hbm:gas_full__24
gas_full	26	hbm:gas_full__26
gas_full	38	hbm:gas_full__38
gas_full	39	hbm:gas_full__39
gas_full	40	hbm:gas_full__40
gas_full	57	hbm:gas_full__57
gas_full	67	hbm:gas_full__67
gas_full	68	hbm:gas_full__68
gas_full	8	hbm:gas_full__8
gas_full	86	hbm:gas_full__86
gas_full	89	hbm:gas_full__89
gas_full	9	hbm:gas_full__9
gas_full	93	hbm:gas_full__93
gas_full	99	hbm:gas_full__99
gas_mask	0	hbm:gas_mask
gas_mask_filter	0	hbm:gas_mask_filter
gas_mask_filter_combo	0	hbm:gas_mask_filter_combo
gas_mask_filter_mono	0	hbm:gas_mask_filter_mono
gas_mask_filter_piss	0	hbm:gas_mask_filter_piss
gas_mask_filter_rag	0	hbm:gas_mask_filter_rag
gas_mask_m65	0	hbm:gas_mask_m65
gas_mask_mono	0	hbm:gas_mask_mono
gas_mask_olde	0	hbm:gas_mask_olde
gas_tester	0	hbm:gas_tester
gear_large	0	hbm:gear_large
gear_large	1	hbm:gear_large__1
geiger_counter	0	hbm:geiger_counter
gem_alexandrite	0	hbm:gem_alexandrite
gem_rad	0	hbm:gem_rad
glitch	0	hbm:glitch
glowing_stew	0	hbm:glowing_stew
glyphid_gland	131	hbm:glyphid_gland__131
glyphid_gland	75	hbm:glyphid_gland__75
glyphid_gland_empty	0	hbm:glyphid_gland_empty
glyphid_meat	0	hbm:glyphid_meat
glyphid_meat_grilled	0	hbm:glyphid_meat_grilled
goggles	0	hbm:goggles
grenade_extra	0	hbm:grenade_extra
grenade_extra	1	hbm:grenade_extra__1
grenade_extra	2	hbm:grenade_extra__2
grenade_extra	3	hbm:grenade_extra__3
grenade_filling	0	hbm:grenade_filling
grenade_filling	1	hbm:grenade_filling__1
grenade_filling	10	hbm:grenade_filling__10
grenade_filling	11	hbm:grenade_filling__11
grenade_filling	12	hbm:grenade_filling__12
grenade_filling	2	hbm:grenade_filling__2
grenade_filling	3	hbm:grenade_filling__3
grenade_filling	4	hbm:grenade_filling__4
grenade_filling	5	hbm:grenade_filling__5
grenade_filling	6	hbm:grenade_filling__6
grenade_filling	7	hbm:grenade_filling__7
grenade_filling	8	hbm:grenade_filling__8
grenade_filling	9	hbm:grenade_filling__9
grenade_fuze	0	hbm:grenade_fuze
grenade_fuze	1	hbm:grenade_fuze__1
grenade_fuze	2	hbm:grenade_fuze__2
grenade_fuze	3	hbm:grenade_fuze__3
grenade_fuze	4	hbm:grenade_fuze__4
grenade_shell	0	hbm:grenade_shell
grenade_shell	1	hbm:grenade_shell__1
grenade_shell	2	hbm:grenade_shell__2
grenade_shell	3	hbm:grenade_shell__3
grenade_universal	0	hbm:grenade_universal
gun_am180	0	hbm:gun_am180
gun_amat	0	hbm:gun_amat
gun_autoshotgun	0	hbm:gun_autoshotgun
gun_b92	0	hbm:gun_b92
gun_b92_ammo	0	hbm:gun_b92_ammo
gun_bolter	0	hbm:gun_bolter
gun_carbine	0	hbm:gun_carbine
gun_charge_thrower	0	hbm:gun_charge_thrower
gun_chemthrower	0	hbm:gun_chemthrower
gun_coilgun	0	hbm:gun_coilgun
gun_congolake	0	hbm:gun_congolake
gun_double_barrel	0	hbm:gun_double_barrel
gun_drill	0	hbm:gun_drill
gun_fatman	0	hbm:gun_fatman
gun_fireext	0	hbm:gun_fireext
gun_flamer	0	hbm:gun_flamer
gun_flaregun	0	hbm:gun_flaregun
gun_g3	0	hbm:gun_g3
gun_greasegun	0	hbm:gun_greasegun
gun_heavy_revolver	0	hbm:gun_heavy_revolver
gun_henry	0	hbm:gun_henry
gun_kit_1	0	hbm:gun_kit_1
gun_kit_2	0	hbm:gun_kit_2
gun_lag	0	hbm:gun_lag
gun_laser_pistol	0	hbm:gun_laser_pistol
gun_lasrifle	0	hbm:gun_lasrifle
gun_liberator	0	hbm:gun_liberator
gun_light_revolver	0	hbm:gun_light_revolver
gun_m2	0	hbm:gun_m2
gun_maresleg	0	hbm:gun_maresleg
gun_minigun	0	hbm:gun_minigun
gun_missile_launcher	0	hbm:gun_missile_launcher
gun_mk108	0	hbm:gun_mk108
gun_n_i_4_n_i	0	hbm:gun_n_i_4_n_i
gun_pa_melee	0	hbm:gun_pa_melee
gun_pa_ranged	0	hbm:gun_pa_ranged
gun_panzerschreck	0	hbm:gun_panzerschreck
gun_pepperbox	0	hbm:gun_pepperbox
gun_quadro	0	hbm:gun_quadro
gun_spas12	0	hbm:gun_spas12
gun_star_f	0	hbm:gun_star_f
gun_stg77	0	hbm:gun_stg77
gun_stinger	0	hbm:gun_stinger
gun_tau	0	hbm:gun_tau
gun_tesla_cannon	0	hbm:gun_tesla_cannon
gun_uzi	0	hbm:gun_uzi
hand_drill	0	hbm:hand_drill
hand_drill_desh	0	hbm:hand_drill_desh
hazmat_boots	0	hbm:hazmat_boots
hazmat_boots_grey	0	hbm:hazmat_boots_grey
hazmat_boots_red	0	hbm:hazmat_boots_red
hazmat_cloth	0	hbm:hazmat_cloth
hazmat_cloth_grey	0	hbm:hazmat_cloth_grey
hazmat_cloth_red	0	hbm:hazmat_cloth_red
hazmat_grey_kit	0	hbm:hazmat_grey_kit
hazmat_helmet	0	hbm:hazmat_helmet
hazmat_helmet_grey	0	hbm:hazmat_helmet_grey
hazmat_helmet_red	0	hbm:hazmat_helmet_red
hazmat_kit	0	hbm:hazmat_kit
hazmat_legs	0	hbm:hazmat_legs
hazmat_legs_grey	0	hbm:hazmat_legs_grey
hazmat_legs_red	0	hbm:hazmat_legs_red
hazmat_paa_boots	0	hbm:hazmat_paa_boots
hazmat_paa_helmet	0	hbm:hazmat_paa_helmet
hazmat_paa_legs	0	hbm:hazmat_paa_legs
hazmat_paa_plate	0	hbm:hazmat_paa_plate
hazmat_plate	0	hbm:hazmat_plate
hazmat_plate_grey	0	hbm:hazmat_plate_grey
hazmat_plate_red	0	hbm:hazmat_plate_red
hazmat_red_kit	0	hbm:hazmat_red_kit
heart_booster	0	hbm:heart_booster
heart_container	0	hbm:heart_container
heart_fab	0	hbm:heart_fab
heart_piece	0	hbm:heart_piece
hev_battery	0	hbm:hev_battery
hev_boots	0	hbm:hev_boots
hev_helmet	0	hbm:hev_helmet
hev_legs	0	hbm:hev_legs
hev_plate	0	hbm:hev_plate
horseshoe_magnet	0	hbm:horseshoe_magnet
icf_pellet	0	hbm:icf_pellet
icf_pellet_depleted	0	hbm:icf_pellet_depleted
icf_pellet_empty	0	hbm:icf_pellet_empty
igniter	0	hbm:igniter
industrial_magnet	0	hbm:industrial_magnet
inf_water	0	hbm:inf_water
inf_water_mk2	0	hbm:inf_water_mk2
ingot_americium_fuel	0	hbm:ingot_americium_fuel
ingot_cft	0	hbm:ingot_cft
ingot_chainsteel	0	hbm:ingot_chainsteel
ingot_electronium	0	hbm:ingot_electronium
ingot_firebrick	0	hbm:ingot_firebrick
ingot_hes	0	hbm:ingot_hes
ingot_les	0	hbm:ingot_les
ingot_meteorite	0	hbm:ingot_meteorite
ingot_meteorite_forged	0	hbm:ingot_meteorite_forged
ingot_mox_fuel	0	hbm:ingot_mox_fuel
ingot_neptunium_fuel	0	hbm:ingot_neptunium_fuel
ingot_plutonium_fuel	0	hbm:ingot_plutonium_fuel
ingot_schrabidium_fuel	0	hbm:ingot_schrabidium_fuel
ingot_smore	0	hbm:ingot_smore
ingot_steel_dusted	0	hbm:ingot_steel_dusted
ingot_thorium_fuel	0	hbm:ingot_thorium_fuel
ingot_uranium_fuel	0	hbm:ingot_uranium_fuel
injector_5htp	0	hbm:injector_5htp
injector_knife	0	hbm:injector_knife
ink	0	hbm:ink
insert_doxium	0	hbm:insert_doxium
insert_du	0	hbm:insert_du
insert_era	0	hbm:insert_era
insert_esapi	0	hbm:insert_esapi
insert_ghiorsium	0	hbm:insert_ghiorsium
insert_kevlar	0	hbm:insert_kevlar
insert_polonium	0	hbm:insert_polonium
insert_sapi	0	hbm:insert_sapi
insert_steel	0	hbm:insert_steel
insert_xsapi	0	hbm:insert_xsapi
insert_yharonite	0	hbm:insert_yharonite
item_expensive	0	hbm:item_expensive
item_expensive	1	hbm:item_expensive__1
item_expensive	2	hbm:item_expensive__2
item_expensive	3	hbm:item_expensive__3
item_expensive	4	hbm:item_expensive__4
item_expensive	5	hbm:item_expensive__5
item_expensive	6	hbm:item_expensive__6
item_expensive	7	hbm:item_expensive__7
item_expensive	8	hbm:item_expensive__8
item_expensive	9	hbm:item_expensive__9
iv_blood	0	hbm:iv_blood
iv_empty	0	hbm:iv_empty
iv_xp	0	hbm:iv_xp
iv_xp_empty	0	hbm:iv_xp_empty
jackt	0	hbm:jackt
jackt2	0	hbm:jackt2
jetpack_boost	0	hbm:jetpack_boost
jetpack_break	0	hbm:jetpack_break
jetpack_fly	0	hbm:jetpack_fly
jetpack_tank	0	hbm:jetpack_tank
jetpack_vector	0	hbm:jetpack_vector
key	0	hbm:key
key_fake	0	hbm:key_fake
key_kit	0	hbm:key_kit
laser_crystal_bismuth	0	hbm:laser_crystal_bismuth
laser_crystal_cmb	0	hbm:laser_crystal_cmb
laser_crystal_co2	0	hbm:laser_crystal_co2
laser_crystal_digamma	0	hbm:laser_crystal_digamma
laser_crystal_dnt	0	hbm:laser_crystal_dnt
launch_code	0	hbm:launch_code
launch_code_piece	0	hbm:launch_code_piece
launch_key	0	hbm:launch_key
lead_gavel	0	hbm:lead_gavel
lemon	0	hbm:lemon
linker	0	hbm:linker
liquidator_boots	0	hbm:liquidator_boots
liquidator_helmet	0	hbm:liquidator_helmet
liquidator_legs	0	hbm:liquidator_legs
liquidator_plate	0	hbm:liquidator_plate
lodestone	0	hbm:lodestone
loop_stew	0	hbm:loop_stew
loops	0	hbm:loops
loot_10	0	hbm:loot_10
loot_15	0	hbm:loot_15
loot_misc	0	hbm:loot_misc
magnetron	0	hbm:magnetron
man_core	0	hbm:man_core
man_igniter	0	hbm:man_igniter
man_kit	0	hbm:man_kit
marshmallow	0	hbm:marshmallow
marshmallow	1	hbm:marshmallow__1
mask_of_infamy	0	hbm:mask_of_infamy
mask_piss	0	hbm:mask_piss
mask_rag	0	hbm:mask_rag
matchstick	0	hbm:matchstick
med_bag	0	hbm:med_bag
med_ipecac	0	hbm:med_ipecac
med_ptsd	0	hbm:med_ptsd
medal_liquidator	0	hbm:medal_liquidator
meltdown_tool	0	hbm:meltdown_tool
memespoon	0	hbm:memespoon
mese_axe	0	hbm:mese_axe
mese_gavel	0	hbm:mese_gavel
mese_pickaxe	0	hbm:mese_pickaxe
meteor_charm	0	hbm:meteor_charm
meteor_remote	0	hbm:meteor_remote
meteorite_sword	0	hbm:meteorite_sword
meteorite_sword_alloyed	0	hbm:meteorite_sword_alloyed
meteorite_sword_baleful	0	hbm:meteorite_sword_baleful
meteorite_sword_bred	0	hbm:meteorite_sword_bred
meteorite_sword_etched	0	hbm:meteorite_sword_etched
meteorite_sword_fused	0	hbm:meteorite_sword_fused
meteorite_sword_hardened	0	hbm:meteorite_sword_hardened
meteorite_sword_irradiated	0	hbm:meteorite_sword_irradiated
meteorite_sword_machined	0	hbm:meteorite_sword_machined
meteorite_sword_reforged	0	hbm:meteorite_sword_reforged
meteorite_sword_seared	0	hbm:meteorite_sword_seared
meteorite_sword_treated	0	hbm:meteorite_sword_treated
mike_cooling_unit	0	hbm:mike_cooling_unit
mike_core	0	hbm:mike_core
mike_deut	0	hbm:mike_deut
mike_kit	0	hbm:mike_kit
mirror_tool	0	hbm:mirror_tool
missile_anti_ballistic	0	hbm:missile_anti_ballistic
missile_assembly	0	hbm:missile_assembly
missile_bhole	0	hbm:missile_bhole
missile_burst	0	hbm:missile_burst
missile_buster	0	hbm:missile_buster
missile_buster_strong	0	hbm:missile_buster_strong
missile_cluster	0	hbm:missile_cluster
missile_cluster_strong	0	hbm:missile_cluster_strong
missile_custom	0	hbm:missile_custom
missile_decoy	0	hbm:missile_decoy
missile_doomsday	0	hbm:missile_doomsday
missile_doomsday_rusted	0	hbm:missile_doomsday_rusted
missile_drill	0	hbm:missile_drill
missile_emp	0	hbm:missile_emp
missile_emp_strong	0	hbm:missile_emp_strong
missile_generic	0	hbm:missile_generic
missile_incendiary	0	hbm:missile_incendiary
missile_incendiary_strong	0	hbm:missile_incendiary_strong
missile_inferno	0	hbm:missile_inferno
missile_kit	0	hbm:missile_kit
missile_micro	0	hbm:missile_micro
missile_nuclear	0	hbm:missile_nuclear
missile_nuclear_cluster	0	hbm:missile_nuclear_cluster
missile_rain	0	hbm:missile_rain
missile_schrabidium	0	hbm:missile_schrabidium
missile_shuttle	0	hbm:missile_shuttle
missile_soyuz	0	hbm:missile_soyuz
missile_soyuz	1	hbm:missile_soyuz__1
missile_soyuz	2	hbm:missile_soyuz__2
missile_soyuz_lander	0	hbm:missile_soyuz_lander
missile_stealth	0	hbm:missile_stealth
missile_strong	0	hbm:missile_strong
missile_taint	0	hbm:missile_taint
missile_volcano	0	hbm:missile_volcano
mold	0	hbm:mold
mold	1	hbm:mold__1
mold	10	hbm:mold__10
mold	11	hbm:mold__11
mold	12	hbm:mold__12
mold	13	hbm:mold__13
mold	16	hbm:mold__16
mold	17	hbm:mold__17
mold	19	hbm:mold__19
mold	2	hbm:mold__2
mold	20	hbm:mold__20
mold	21	hbm:mold__21
mold	22	hbm:mold__22
mold	23	hbm:mold__23
mold	24	hbm:mold__24
mold	25	hbm:mold__25
mold	26	hbm:mold__26
mold	27	hbm:mold__27
mold	28	hbm:mold__28
mold	3	hbm:mold__3
mold	4	hbm:mold__4
mold	5	hbm:mold__5
mold	6	hbm:mold__6
mold	7	hbm:mold__7
mold	8	hbm:mold__8
mold	9	hbm:mold__9
mold_base	0	hbm:mold_base
morning_glory	0	hbm:morning_glory
motor	0	hbm:motor
motor_bismuth	0	hbm:motor_bismuth
motor_desh	0	hbm:motor_desh
mp_c_1	0	hbm:mp_c_1
mp_c_2	0	hbm:mp_c_2
mp_c_3	0	hbm:mp_c_3
mp_c_4	0	hbm:mp_c_4
mp_c_5	0	hbm:mp_c_5
mp_fuselage_10_15_balefire	0	hbm:mp_fuselage_10_15_balefire
mp_fuselage_10_15_hydrogen	0	hbm:mp_fuselage_10_15_hydrogen
mp_fuselage_10_15_kerosene	0	hbm:mp_fuselage_10_15_kerosene
mp_fuselage_10_15_solid	0	hbm:mp_fuselage_10_15_solid
mp_fuselage_10_kerosene	0	hbm:mp_fuselage_10_kerosene
mp_fuselage_10_kerosene_camo	0	hbm:mp_fuselage_10_kerosene_camo
mp_fuselage_10_kerosene_desert	0	hbm:mp_fuselage_10_kerosene_desert
mp_fuselage_10_kerosene_flames	0	hbm:mp_fuselage_10_kerosene_flames
mp_fuselage_10_kerosene_insulation	0	hbm:mp_fuselage_10_kerosene_insulation
mp_fuselage_10_kerosene_metal	0	hbm:mp_fuselage_10_kerosene_metal
mp_fuselage_10_kerosene_sky	0	hbm:mp_fuselage_10_kerosene_sky
mp_fuselage_10_kerosene_sleek	0	hbm:mp_fuselage_10_kerosene_sleek
mp_fuselage_10_kerosene_taint	0	hbm:mp_fuselage_10_kerosene_taint
mp_fuselage_10_long_kerosene	0	hbm:mp_fuselage_10_long_kerosene
mp_fuselage_10_long_kerosene_camo	0	hbm:mp_fuselage_10_long_kerosene_camo
mp_fuselage_10_long_kerosene_desert	0	hbm:mp_fuselage_10_long_kerosene_desert
mp_fuselage_10_long_kerosene_flames	0	hbm:mp_fuselage_10_long_kerosene_flames
mp_fuselage_10_long_kerosene_insulation	0	hbm:mp_fuselage_10_long_kerosene_insulation
mp_fuselage_10_long_kerosene_metal	0	hbm:mp_fuselage_10_long_kerosene_metal
mp_fuselage_10_long_kerosene_sky	0	hbm:mp_fuselage_10_long_kerosene_sky
mp_fuselage_10_long_kerosene_sleek	0	hbm:mp_fuselage_10_long_kerosene_sleek
mp_fuselage_10_long_kerosene_taint	0	hbm:mp_fuselage_10_long_kerosene_taint
mp_fuselage_10_long_kerosene_vap	0	hbm:mp_fuselage_10_long_kerosene_vap
mp_fuselage_10_long_solid	0	hbm:mp_fuselage_10_long_solid
mp_fuselage_10_long_solid_bullet	0	hbm:mp_fuselage_10_long_solid_bullet
mp_fuselage_10_long_solid_flames	0	hbm:mp_fuselage_10_long_solid_flames
mp_fuselage_10_long_solid_insulation	0	hbm:mp_fuselage_10_long_solid_insulation
mp_fuselage_10_long_solid_silvermoonlight	0	hbm:mp_fuselage_10_long_solid_silvermoonlight
mp_fuselage_10_long_solid_sleek	0	hbm:mp_fuselage_10_long_solid_sleek
mp_fuselage_10_long_solid_soviet_glory	0	hbm:mp_fuselage_10_long_solid_soviet_glory
mp_fuselage_10_solid	0	hbm:mp_fuselage_10_solid
mp_fuselage_10_solid_battery	0	hbm:mp_fuselage_10_solid_battery
mp_fuselage_10_solid_cathedral	0	hbm:mp_fuselage_10_solid_cathedral
mp_fuselage_10_solid_duracell	0	hbm:mp_fuselage_10_solid_duracell
mp_fuselage_10_solid_flames	0	hbm:mp_fuselage_10_solid_flames
mp_fuselage_10_solid_insulation	0	hbm:mp_fuselage_10_solid_insulation
mp_fuselage_10_solid_moonlit	0	hbm:mp_fuselage_10_solid_moonlit
mp_fuselage_10_solid_sleek	0	hbm:mp_fuselage_10_solid_sleek
mp_fuselage_10_solid_soviet_glory	0	hbm:mp_fuselage_10_solid_soviet_glory
mp_fuselage_10_xenon	0	hbm:mp_fuselage_10_xenon
mp_fuselage_10_xenon_bhole	0	hbm:mp_fuselage_10_xenon_bhole
mp_fuselage_15_20_kerosene	0	hbm:mp_fuselage_15_20_kerosene
mp_fuselage_15_20_kerosene_magnusson	0	hbm:mp_fuselage_15_20_kerosene_magnusson
mp_fuselage_15_20_solid	0	hbm:mp_fuselage_15_20_solid
mp_fuselage_15_balefire	0	hbm:mp_fuselage_15_balefire
mp_fuselage_15_hydrogen	0	hbm:mp_fuselage_15_hydrogen
mp_fuselage_15_hydrogen_cathedral	0	hbm:mp_fuselage_15_hydrogen_cathedral
mp_fuselage_15_kerosene	0	hbm:mp_fuselage_15_kerosene
mp_fuselage_15_kerosene_blackjack	0	hbm:mp_fuselage_15_kerosene_blackjack
mp_fuselage_15_kerosene_camo	0	hbm:mp_fuselage_15_kerosene_camo
mp_fuselage_15_kerosene_decorated	0	hbm:mp_fuselage_15_kerosene_decorated
mp_fuselage_15_kerosene_desert	0	hbm:mp_fuselage_15_kerosene_desert
mp_fuselage_15_kerosene_insulation	0	hbm:mp_fuselage_15_kerosene_insulation
mp_fuselage_15_kerosene_lambda	0	hbm:mp_fuselage_15_kerosene_lambda
mp_fuselage_15_kerosene_metal	0	hbm:mp_fuselage_15_kerosene_metal
mp_fuselage_15_kerosene_minuteman	0	hbm:mp_fuselage_15_kerosene_minuteman
mp_fuselage_15_kerosene_polite	0	hbm:mp_fuselage_15_kerosene_polite
mp_fuselage_15_kerosene_sky	0	hbm:mp_fuselage_15_kerosene_sky
mp_fuselage_15_kerosene_steampunk	0	hbm:mp_fuselage_15_kerosene_steampunk
mp_fuselage_15_kerosene_taint	0	hbm:mp_fuselage_15_kerosene_taint
mp_fuselage_15_kerosene_yuck	0	hbm:mp_fuselage_15_kerosene_yuck
mp_fuselage_15_solid	0	hbm:mp_fuselage_15_solid
mp_fuselage_15_solid_desh	0	hbm:mp_fuselage_15_solid_desh
mp_fuselage_15_solid_faust	0	hbm:mp_fuselage_15_solid_faust
mp_fuselage_15_solid_insulation	0	hbm:mp_fuselage_15_solid_insulation
mp_fuselage_15_solid_mimi	0	hbm:mp_fuselage_15_solid_mimi
mp_fuselage_15_solid_panorama	0	hbm:mp_fuselage_15_solid_panorama
mp_fuselage_15_solid_roses	0	hbm:mp_fuselage_15_solid_roses
mp_fuselage_15_solid_silvermoonlight	0	hbm:mp_fuselage_15_solid_silvermoonlight
mp_fuselage_15_solid_snowy	0	hbm:mp_fuselage_15_solid_snowy
mp_fuselage_15_solid_soviet_glory	0	hbm:mp_fuselage_15_solid_soviet_glory
mp_fuselage_15_solid_soviet_stank	0	hbm:mp_fuselage_15_solid_soviet_stank
mp_s_20	0	hbm:mp_s_20
mp_stability_10_cruise	0	hbm:mp_stability_10_cruise
mp_stability_10_flat	0	hbm:mp_stability_10_flat
mp_stability_10_space	0	hbm:mp_stability_10_space
mp_stability_15_flat	0	hbm:mp_stability_15_flat
mp_stability_15_soyuz	0	hbm:mp_stability_15_soyuz
mp_stability_15_thin	0	hbm:mp_stability_15_thin
mp_thruster_10_kerosene	0	hbm:mp_thruster_10_kerosene
mp_thruster_10_solid	0	hbm:mp_thruster_10_solid
mp_thruster_10_xenon	0	hbm:mp_thruster_10_xenon
mp_thruster_15_balefire	0	hbm:mp_thruster_15_balefire
mp_thruster_15_balefire_large	0	hbm:mp_thruster_15_balefire_large
mp_thruster_15_balefire_large_rad	0	hbm:mp_thruster_15_balefire_large_rad
mp_thruster_15_balefire_short	0	hbm:mp_thruster_15_balefire_short
mp_thruster_15_hydrogen	0	hbm:mp_thruster_15_hydrogen
mp_thruster_15_hydrogen_dual	0	hbm:mp_thruster_15_hydrogen_dual
mp_thruster_15_kerosene	0	hbm:mp_thruster_15_kerosene
mp_thruster_15_kerosene_dual	0	hbm:mp_thruster_15_kerosene_dual
mp_thruster_15_kerosene_triple	0	hbm:mp_thruster_15_kerosene_triple
mp_thruster_15_solid	0	hbm:mp_thruster_15_solid
mp_thruster_15_solid_hexdecuple	0	hbm:mp_thruster_15_solid_hexdecuple
mp_thruster_20_kerosene	0	hbm:mp_thruster_20_kerosene
mp_thruster_20_kerosene_dual	0	hbm:mp_thruster_20_kerosene_dual
mp_thruster_20_kerosene_triple	0	hbm:mp_thruster_20_kerosene_triple
mp_thruster_20_solid	0	hbm:mp_thruster_20_solid
mp_thruster_20_solid_multi	0	hbm:mp_thruster_20_solid_multi
mp_thruster_20_solid_multier	0	hbm:mp_thruster_20_solid_multier
mp_warhead_10_buster	0	hbm:mp_warhead_10_buster
mp_warhead_10_cloud	0	hbm:mp_warhead_10_cloud
mp_warhead_10_he	0	hbm:mp_warhead_10_he
mp_warhead_10_incendiary	0	hbm:mp_warhead_10_incendiary
mp_warhead_10_nuclear	0	hbm:mp_warhead_10_nuclear
mp_warhead_10_nuclear_large	0	hbm:mp_warhead_10_nuclear_large
mp_warhead_10_taint	0	hbm:mp_warhead_10_taint
mp_warhead_15_balefire	0	hbm:mp_warhead_15_balefire
mp_warhead_15_boxcar	0	hbm:mp_warhead_15_boxcar
mp_warhead_15_he	0	hbm:mp_warhead_15_he
mp_warhead_15_incendiary	0	hbm:mp_warhead_15_incendiary
mp_warhead_15_n2	0	hbm:mp_warhead_15_n2
mp_warhead_15_nuclear	0	hbm:mp_warhead_15_nuclear
mp_warhead_15_nuclear_mimi	0	hbm:mp_warhead_15_nuclear_mimi
mp_warhead_15_nuclear_shark	0	hbm:mp_warhead_15_nuclear_shark
mp_warhead_15_turbine	0	hbm:mp_warhead_15_turbine
mucho_mango	0	hbm:mucho_mango
multi_kit	0	hbm:multi_kit
n2_charge	0	hbm:n2_charge
ncrpa_boots	0	hbm:ncrpa_boots
ncrpa_helmet	0	hbm:ncrpa_helmet
ncrpa_legs	0	hbm:ncrpa_legs
ncrpa_plate	0	hbm:ncrpa_plate
neutrino_lens	0	hbm:neutrino_lens
neutron_reflector	0	hbm:neutron_reflector
night_vision	0	hbm:night_vision
nitra	0	hbm:nitra
nitra_small	0	hbm:nitra_small
no9	0	hbm:no9
nossy_hat	0	hbm:nossy_hat
nuclear_waste	0	hbm:nuclear_waste
nuclear_waste_long	0	hbm:nuclear_waste_long
nuclear_waste_long	1	hbm:nuclear_waste_long__1
nuclear_waste_long	2	hbm:nuclear_waste_long__2
nuclear_waste_long	3	hbm:nuclear_waste_long__3
nuclear_waste_long	4	hbm:nuclear_waste_long__4
nuclear_waste_long_depleted	0	hbm:nuclear_waste_long_depleted
nuclear_waste_long_depleted	1	hbm:nuclear_waste_long_depleted__1
nuclear_waste_long_depleted	2	hbm:nuclear_waste_long_depleted__2
nuclear_waste_long_depleted	3	hbm:nuclear_waste_long_depleted__3
nuclear_waste_long_depleted	4	hbm:nuclear_waste_long_depleted__4
nuclear_waste_long_depleted_tiny	0	hbm:nuclear_waste_long_depleted_tiny
nuclear_waste_long_depleted_tiny	1	hbm:nuclear_waste_long_depleted_tiny__1
nuclear_waste_long_depleted_tiny	2	hbm:nuclear_waste_long_depleted_tiny__2
nuclear_waste_long_depleted_tiny	3	hbm:nuclear_waste_long_depleted_tiny__3
nuclear_waste_long_depleted_tiny	4	hbm:nuclear_waste_long_depleted_tiny__4
nuclear_waste_long_tiny	0	hbm:nuclear_waste_long_tiny
nuclear_waste_long_tiny	1	hbm:nuclear_waste_long_tiny__1
nuclear_waste_long_tiny	2	hbm:nuclear_waste_long_tiny__2
nuclear_waste_long_tiny	3	hbm:nuclear_waste_long_tiny__3
nuclear_waste_long_tiny	4	hbm:nuclear_waste_long_tiny__4
nuclear_waste_short	0	hbm:nuclear_waste_short
nuclear_waste_short	1	hbm:nuclear_waste_short__1
nuclear_waste_short	2	hbm:nuclear_waste_short__2
nuclear_waste_short	3	hbm:nuclear_waste_short__3
nuclear_waste_short	4	hbm:nuclear_waste_short__4
nuclear_waste_short	5	hbm:nuclear_waste_short__5
nuclear_waste_short	6	hbm:nuclear_waste_short__6
nuclear_waste_short	7	hbm:nuclear_waste_short__7
nuclear_waste_short_depleted	0	hbm:nuclear_waste_short_depleted
nuclear_waste_short_depleted	1	hbm:nuclear_waste_short_depleted__1
nuclear_waste_short_depleted	2	hbm:nuclear_waste_short_depleted__2
nuclear_waste_short_depleted	3	hbm:nuclear_waste_short_depleted__3
nuclear_waste_short_depleted	4	hbm:nuclear_waste_short_depleted__4
nuclear_waste_short_depleted	5	hbm:nuclear_waste_short_depleted__5
nuclear_waste_short_depleted	6	hbm:nuclear_waste_short_depleted__6
nuclear_waste_short_depleted	7	hbm:nuclear_waste_short_depleted__7
nuclear_waste_short_depleted_tiny	0	hbm:nuclear_waste_short_depleted_tiny
nuclear_waste_short_depleted_tiny	1	hbm:nuclear_waste_short_depleted_tiny__1
nuclear_waste_short_depleted_tiny	2	hbm:nuclear_waste_short_depleted_tiny__2
nuclear_waste_short_depleted_tiny	3	hbm:nuclear_waste_short_depleted_tiny__3
nuclear_waste_short_depleted_tiny	4	hbm:nuclear_waste_short_depleted_tiny__4
nuclear_waste_short_depleted_tiny	5	hbm:nuclear_waste_short_depleted_tiny__5
nuclear_waste_short_depleted_tiny	6	hbm:nuclear_waste_short_depleted_tiny__6
nuclear_waste_short_depleted_tiny	7	hbm:nuclear_waste_short_depleted_tiny__7
nuclear_waste_short_tiny	0	hbm:nuclear_waste_short_tiny
nuclear_waste_short_tiny	1	hbm:nuclear_waste_short_tiny__1
nuclear_waste_short_tiny	2	hbm:nuclear_waste_short_tiny__2
nuclear_waste_short_tiny	3	hbm:nuclear_waste_short_tiny__3
nuclear_waste_short_tiny	4	hbm:nuclear_waste_short_tiny__4
nuclear_waste_short_tiny	5	hbm:nuclear_waste_short_tiny__5
nuclear_waste_short_tiny	6	hbm:nuclear_waste_short_tiny__6
nuclear_waste_short_tiny	7	hbm:nuclear_waste_short_tiny__7
nuclear_waste_tiny	0	hbm:nuclear_waste_tiny
nuclear_waste_vitrified	0	hbm:nuclear_waste_vitrified
nuclear_waste_vitrified_tiny	0	hbm:nuclear_waste_vitrified_tiny
nugget	0	hbm:nugget
nugget_americium_fuel	0	hbm:nugget_americium_fuel
nugget_australium_greater	0	hbm:nugget_australium_greater
nugget_australium_lesser	0	hbm:nugget_australium_lesser
nugget_hes	0	hbm:nugget_hes
nugget_les	0	hbm:nugget_les
nugget_mercury	0	hbm:nugget_mercury
nugget_mercury_tiny	0	hbm:nugget_mercury_tiny
nugget_mox_fuel	0	hbm:nugget_mox_fuel
nugget_neptunium_fuel	0	hbm:nugget_neptunium_fuel
nugget_plutonium_fuel	0	hbm:nugget_plutonium_fuel
nugget_schrabidium_fuel	0	hbm:nugget_schrabidium_fuel
nugget_thorium_fuel	0	hbm:nugget_thorium_fuel
nugget_uranium_fuel	0	hbm:nugget_uranium_fuel
nuke_advanced_kit	0	hbm:nuke_advanced_kit
nuke_commercially_kit	0	hbm:nuke_commercially_kit
nuke_electric_kit	0	hbm:nuke_electric_kit
nuke_starter_kit	0	hbm:nuke_starter_kit
oil_detector	0	hbm:oil_detector
oil_tar	0	hbm:oil_tar
oil_tar	1	hbm:oil_tar__1
oil_tar	2	hbm:oil_tar__2
oil_tar	3	hbm:oil_tar__3
oil_tar	4	hbm:oil_tar__4
oil_tar	5	hbm:oil_tar__5
ore_density_scanner	0	hbm:ore_density_scanner
pa_coil	0	hbm:pa_coil
pa_coil	1	hbm:pa_coil__1
pa_coil	2	hbm:pa_coil__2
pa_coil	3	hbm:pa_coil__3
paa_boots	0	hbm:paa_boots
paa_legs	0	hbm:paa_legs
paa_plate	0	hbm:paa_plate
padlock	0	hbm:padlock
padlock_reinforced	0	hbm:padlock_reinforced
padlock_rusty	0	hbm:padlock_rusty
pads_rubber	0	hbm:pads_rubber
pads_slime	0	hbm:pads_slime
pads_static	0	hbm:pads_static
pancake	0	hbm:pancake
part_beryllium	0	hbm:part_beryllium
part_carbon	0	hbm:part_carbon
part_copper	0	hbm:part_copper
part_generic	0	hbm:part_generic
part_generic	1	hbm:part_generic__1
part_generic	2	hbm:part_generic__2
part_generic	3	hbm:part_generic__3
part_generic	4	hbm:part_generic__4
part_generic	5	hbm:part_generic__5
part_lithium	0	hbm:part_lithium
part_plutonium	0	hbm:part_plutonium
particle_amat	0	hbm:particle_amat
particle_aschrab	0	hbm:particle_aschrab
particle_copper	0	hbm:particle_copper
particle_dark	0	hbm:particle_dark
particle_digamma	0	hbm:particle_digamma
particle_empty	0	hbm:particle_empty
particle_higgs	0	hbm:particle_higgs
particle_hydrogen	0	hbm:particle_hydrogen
particle_lead	0	hbm:particle_lead
particle_lutece	0	hbm:particle_lutece
particle_muon	0	hbm:particle_muon
particle_sparkticle	0	hbm:particle_sparkticle
particle_strange	0	hbm:particle_strange
particle_tachyon	0	hbm:particle_tachyon
parts_legendary	0	hbm:parts_legendary
parts_legendary	1	hbm:parts_legendary__1
parts_legendary	2	hbm:parts_legendary__2
peas	0	hbm:peas
pedestal_steel	0	hbm:pedestal_steel
pellet_antimatter	0	hbm:pellet_antimatter
pellet_buckshot	0	hbm:pellet_buckshot
pellet_charged	0	hbm:pellet_charged
pellet_cluster	0	hbm:pellet_cluster
pellet_gas	0	hbm:pellet_gas
pellet_rtg	0	hbm:pellet_rtg
pellet_rtg_actinium	0	hbm:pellet_rtg_actinium
pellet_rtg_americium	0	hbm:pellet_rtg_americium
pellet_rtg_cobalt	0	hbm:pellet_rtg_cobalt
pellet_rtg_depleted	0	hbm:pellet_rtg_depleted
pellet_rtg_depleted	1	hbm:pellet_rtg_depleted__1
pellet_rtg_depleted	2	hbm:pellet_rtg_depleted__2
pellet_rtg_depleted	3	hbm:pellet_rtg_depleted__3
pellet_rtg_depleted	4	hbm:pellet_rtg_depleted__4
pellet_rtg_depleted	5	hbm:pellet_rtg_depleted__5
pellet_rtg_gold	0	hbm:pellet_rtg_gold
pellet_rtg_lead	0	hbm:pellet_rtg_lead
pellet_rtg_polonium	0	hbm:pellet_rtg_polonium
pellet_rtg_radium	0	hbm:pellet_rtg_radium
pellet_rtg_strontium	0	hbm:pellet_rtg_strontium
pellet_rtg_weak	0	hbm:pellet_rtg_weak
photo_panel	0	hbm:photo_panel
pile_rod	0	hbm:pile_rod
pile_rod	1	hbm:pile_rod__1
pile_rod	2	hbm:pile_rod__2
pile_rod	3	hbm:pile_rod__3
pile_rod	4	hbm:pile_rod__4
pile_rod	5	hbm:pile_rod__5
pile_rod	6	hbm:pile_rod__6
pill_herbal	0	hbm:pill_herbal
pill_iodine	0	hbm:pill_iodine
pill_red	0	hbm:pill_red
pin	0	hbm:pin
pipes_steel	0	hbm:pipes_steel
pipette	0	hbm:pipette
pipette_boron	0	hbm:pipette_boron
pipette_laboratory	0	hbm:pipette_laboratory
piston_selenium	0	hbm:piston_selenium
piston_set	0	hbm:piston_set
piston_set	1	hbm:piston_set__1
piston_set	2	hbm:piston_set__2
piston_set	3	hbm:piston_set__3
plan_c	0	hbm:plan_c
plant_item	0	hbm:plant_item
plant_item	1	hbm:plant_item__1
plant_item	2	hbm:plant_item__2
plastic_bag	0	hbm:plastic_bag
plate_armor_ajr	0	hbm:plate_armor_ajr
plate_armor_dnt	0	hbm:plate_armor_dnt
plate_armor_fau	0	hbm:plate_armor_fau
plate_armor_hev	0	hbm:plate_armor_hev
plate_armor_lunar	0	hbm:plate_armor_lunar
plate_armor_titanium	0	hbm:plate_armor_titanium
plate_bismuth	0	hbm:plate_bismuth
plate_dalekanium	0	hbm:plate_dalekanium
plate_desh	0	hbm:plate_desh
plate_dineutronium	0	hbm:plate_dineutronium
plate_euphemium	0	hbm:plate_euphemium
plate_kevlar	0	hbm:plate_kevlar
plate_mixed	0	hbm:plate_mixed
plate_paa	0	hbm:plate_paa
plate_polymer	0	hbm:plate_polymer
polaroid	0	hbm:polaroid
pollution_detector	0	hbm:pollution_detector
powder_ash	0	hbm:powder_ash
powder_ash	1	hbm:powder_ash__1
powder_ash	2	hbm:powder_ash__2
powder_ash	3	hbm:powder_ash__3
powder_ash	4	hbm:powder_ash__4
powder_ash	5	hbm:powder_ash__5
powder_balefire	0	hbm:powder_balefire
powder_cement	0	hbm:powder_cement
powder_chlorophyte	0	hbm:powder_chlorophyte
powder_coltan	0	hbm:powder_coltan
powder_desh_mix	0	hbm:powder_desh_mix
powder_desh_ready	0	hbm:powder_desh_ready
powder_fertilizer	0	hbm:powder_fertilizer
powder_flux	0	hbm:powder_flux
powder_ice	0	hbm:powder_ice
powder_impure_osmiridium	0	hbm:powder_impure_osmiridium
powder_magic	0	hbm:powder_magic
powder_meteorite	0	hbm:powder_meteorite
powder_meteorite_tiny	0	hbm:powder_meteorite_tiny
powder_nitan_mix	0	hbm:powder_nitan_mix
powder_paleogenite	0	hbm:powder_paleogenite
powder_paleogenite_tiny	0	hbm:powder_paleogenite_tiny
powder_poison	0	hbm:powder_poison
powder_power	0	hbm:powder_power
powder_sawdust	0	hbm:powder_sawdust
powder_semtex_mix	0	hbm:powder_semtex_mix
powder_spark_mix	0	hbm:powder_spark_mix
powder_tektite	0	hbm:powder_tektite
powder_tennessine	0	hbm:powder_tennessine
powder_thermite	0	hbm:powder_thermite
powder_yellowcake	0	hbm:powder_yellowcake
power_net_tool	0	hbm:power_net_tool
protection_charm	0	hbm:protection_charm
prototype_kit	0	hbm:prototype_kit
pudding	0	hbm:pudding
pwr_fuel	0	hbm:pwr_fuel
pwr_fuel	1	hbm:pwr_fuel__1
pwr_fuel	10	hbm:pwr_fuel__10
pwr_fuel	11	hbm:pwr_fuel__11
pwr_fuel	12	hbm:pwr_fuel__12
pwr_fuel	13	hbm:pwr_fuel__13
pwr_fuel	14	hbm:pwr_fuel__14
pwr_fuel	2	hbm:pwr_fuel__2
pwr_fuel	3	hbm:pwr_fuel__3
pwr_fuel	4	hbm:pwr_fuel__4
pwr_fuel	5	hbm:pwr_fuel__5
pwr_fuel	6	hbm:pwr_fuel__6
pwr_fuel	7	hbm:pwr_fuel__7
pwr_fuel	8	hbm:pwr_fuel__8
pwr_fuel	9	hbm:pwr_fuel__9
pwr_fuel_depleted	0	hbm:pwr_fuel_depleted
pwr_fuel_depleted	1	hbm:pwr_fuel_depleted__1
pwr_fuel_depleted	10	hbm:pwr_fuel_depleted__10
pwr_fuel_depleted	11	hbm:pwr_fuel_depleted__11
pwr_fuel_depleted	12	hbm:pwr_fuel_depleted__12
pwr_fuel_depleted	13	hbm:pwr_fuel_depleted__13
pwr_fuel_depleted	14	hbm:pwr_fuel_depleted__14
pwr_fuel_depleted	2	hbm:pwr_fuel_depleted__2
pwr_fuel_depleted	3	hbm:pwr_fuel_depleted__3
pwr_fuel_depleted	4	hbm:pwr_fuel_depleted__4
pwr_fuel_depleted	5	hbm:pwr_fuel_depleted__5
pwr_fuel_depleted	6	hbm:pwr_fuel_depleted__6
pwr_fuel_depleted	7	hbm:pwr_fuel_depleted__7
pwr_fuel_depleted	8	hbm:pwr_fuel_depleted__8
pwr_fuel_depleted	9	hbm:pwr_fuel_depleted__9
pwr_fuel_hot	0	hbm:pwr_fuel_hot
pwr_fuel_hot	1	hbm:pwr_fuel_hot__1
pwr_fuel_hot	10	hbm:pwr_fuel_hot__10
pwr_fuel_hot	11	hbm:pwr_fuel_hot__11
pwr_fuel_hot	12	hbm:pwr_fuel_hot__12
pwr_fuel_hot	13	hbm:pwr_fuel_hot__13
pwr_fuel_hot	14	hbm:pwr_fuel_hot__14
pwr_fuel_hot	2	hbm:pwr_fuel_hot__2
pwr_fuel_hot	3	hbm:pwr_fuel_hot__3
pwr_fuel_hot	4	hbm:pwr_fuel_hot__4
pwr_fuel_hot	5	hbm:pwr_fuel_hot__5
pwr_fuel_hot	6	hbm:pwr_fuel_hot__6
pwr_fuel_hot	7	hbm:pwr_fuel_hot__7
pwr_fuel_hot	8	hbm:pwr_fuel_hot__8
pwr_fuel_hot	9	hbm:pwr_fuel_hot__9
pwr_printer	0	hbm:pwr_printer
quartz_plutonium	0	hbm:quartz_plutonium
radar_linker	0	hbm:radar_linker
radaway	0	hbm:radaway
radaway_flush	0	hbm:radaway_flush
radaway_strong	0	hbm:radaway_strong
radx	0	hbm:radx
rag	0	hbm:rag
rag_damp	0	hbm:rag_damp
rag_piss	0	hbm:rag_piss
rangefinder	0	hbm:rangefinder
rbmk_fuel_balefire	0	hbm:rbmk_fuel_balefire
rbmk_fuel_balefire_gold	0	hbm:rbmk_fuel_balefire_gold
rbmk_fuel_drx	0	hbm:rbmk_fuel_drx
rbmk_fuel_empty	0	hbm:rbmk_fuel_empty
rbmk_fuel_flashlead	0	hbm:rbmk_fuel_flashlead
rbmk_fuel_hea241	0	hbm:rbmk_fuel_hea241
rbmk_fuel_hea242	0	hbm:rbmk_fuel_hea242
rbmk_fuel_heaus	0	hbm:rbmk_fuel_heaus
rbmk_fuel_hen	0	hbm:rbmk_fuel_hen
rbmk_fuel_hep	0	hbm:rbmk_fuel_hep
rbmk_fuel_hep241	0	hbm:rbmk_fuel_hep241
rbmk_fuel_hes	0	hbm:rbmk_fuel_hes
rbmk_fuel_heu233	0	hbm:rbmk_fuel_heu233
rbmk_fuel_heu235	0	hbm:rbmk_fuel_heu235
rbmk_fuel_lea	0	hbm:rbmk_fuel_lea
rbmk_fuel_leaus	0	hbm:rbmk_fuel_leaus
rbmk_fuel_lep	0	hbm:rbmk_fuel_lep
rbmk_fuel_les	0	hbm:rbmk_fuel_les
rbmk_fuel_mea	0	hbm:rbmk_fuel_mea
rbmk_fuel_men	0	hbm:rbmk_fuel_men
rbmk_fuel_mep	0	hbm:rbmk_fuel_mep
rbmk_fuel_mes	0	hbm:rbmk_fuel_mes
rbmk_fuel_meu	0	hbm:rbmk_fuel_meu
rbmk_fuel_mox	0	hbm:rbmk_fuel_mox
rbmk_fuel_po210be	0	hbm:rbmk_fuel_po210be
rbmk_fuel_pu238be	0	hbm:rbmk_fuel_pu238be
rbmk_fuel_ra226be	0	hbm:rbmk_fuel_ra226be
rbmk_fuel_test	0	hbm:rbmk_fuel_test
rbmk_fuel_thmeu	0	hbm:rbmk_fuel_thmeu
rbmk_fuel_ueu	0	hbm:rbmk_fuel_ueu
rbmk_fuel_uzh	0	hbm:rbmk_fuel_uzh
rbmk_fuel_zfb_am_mix	0	hbm:rbmk_fuel_zfb_am_mix
rbmk_fuel_zfb_bismuth	0	hbm:rbmk_fuel_zfb_bismuth
rbmk_fuel_zfb_pu241	0	hbm:rbmk_fuel_zfb_pu241
rbmk_lid	0	hbm:rbmk_lid
rbmk_lid_glass	0	hbm:rbmk_lid_glass
rbmk_pellet_balefire	0	hbm:rbmk_pellet_balefire
rbmk_pellet_balefire	1	hbm:rbmk_pellet_balefire__1
rbmk_pellet_balefire	2	hbm:rbmk_pellet_balefire__2
rbmk_pellet_balefire	3	hbm:rbmk_pellet_balefire__3
rbmk_pellet_balefire	4	hbm:rbmk_pellet_balefire__4
rbmk_pellet_balefire_gold	0	hbm:rbmk_pellet_balefire_gold
rbmk_pellet_balefire_gold	1	hbm:rbmk_pellet_balefire_gold__1
rbmk_pellet_balefire_gold	2	hbm:rbmk_pellet_balefire_gold__2
rbmk_pellet_balefire_gold	3	hbm:rbmk_pellet_balefire_gold__3
rbmk_pellet_balefire_gold	4	hbm:rbmk_pellet_balefire_gold__4
rbmk_pellet_drx	0	hbm:rbmk_pellet_drx
rbmk_pellet_drx	1	hbm:rbmk_pellet_drx__1
rbmk_pellet_drx	2	hbm:rbmk_pellet_drx__2
rbmk_pellet_drx	3	hbm:rbmk_pellet_drx__3
rbmk_pellet_drx	4	hbm:rbmk_pellet_drx__4
rbmk_pellet_drx	5	hbm:rbmk_pellet_drx__5
rbmk_pellet_drx	6	hbm:rbmk_pellet_drx__6
rbmk_pellet_drx	7	hbm:rbmk_pellet_drx__7
rbmk_pellet_drx	8	hbm:rbmk_pellet_drx__8
rbmk_pellet_drx	9	hbm:rbmk_pellet_drx__9
rbmk_pellet_flashlead	0	hbm:rbmk_pellet_flashlead
rbmk_pellet_flashlead	1	hbm:rbmk_pellet_flashlead__1
rbmk_pellet_flashlead	2	hbm:rbmk_pellet_flashlead__2
rbmk_pellet_flashlead	3	hbm:rbmk_pellet_flashlead__3
rbmk_pellet_flashlead	4	hbm:rbmk_pellet_flashlead__4
rbmk_pellet_hea241	0	hbm:rbmk_pellet_hea241
rbmk_pellet_hea241	1	hbm:rbmk_pellet_hea241__1
rbmk_pellet_hea241	2	hbm:rbmk_pellet_hea241__2
rbmk_pellet_hea241	3	hbm:rbmk_pellet_hea241__3
rbmk_pellet_hea241	4	hbm:rbmk_pellet_hea241__4
rbmk_pellet_hea241	5	hbm:rbmk_pellet_hea241__5
rbmk_pellet_hea241	6	hbm:rbmk_pellet_hea241__6
rbmk_pellet_hea241	7	hbm:rbmk_pellet_hea241__7
rbmk_pellet_hea241	8	hbm:rbmk_pellet_hea241__8
rbmk_pellet_hea241	9	hbm:rbmk_pellet_hea241__9
rbmk_pellet_hea242	0	hbm:rbmk_pellet_hea242
rbmk_pellet_hea242	1	hbm:rbmk_pellet_hea242__1
rbmk_pellet_hea242	2	hbm:rbmk_pellet_hea242__2
rbmk_pellet_hea242	3	hbm:rbmk_pellet_hea242__3
rbmk_pellet_hea242	4	hbm:rbmk_pellet_hea242__4
rbmk_pellet_hea242	5	hbm:rbmk_pellet_hea242__5
rbmk_pellet_hea242	6	hbm:rbmk_pellet_hea242__6
rbmk_pellet_hea242	7	hbm:rbmk_pellet_hea242__7
rbmk_pellet_hea242	8	hbm:rbmk_pellet_hea242__8
rbmk_pellet_hea242	9	hbm:rbmk_pellet_hea242__9
rbmk_pellet_heaus	0	hbm:rbmk_pellet_heaus
rbmk_pellet_heaus	1	hbm:rbmk_pellet_heaus__1
rbmk_pellet_heaus	2	hbm:rbmk_pellet_heaus__2
rbmk_pellet_heaus	3	hbm:rbmk_pellet_heaus__3
rbmk_pellet_heaus	4	hbm:rbmk_pellet_heaus__4
rbmk_pellet_heaus	5	hbm:rbmk_pellet_heaus__5
rbmk_pellet_heaus	6	hbm:rbmk_pellet_heaus__6
rbmk_pellet_heaus	7	hbm:rbmk_pellet_heaus__7
rbmk_pellet_heaus	8	hbm:rbmk_pellet_heaus__8
rbmk_pellet_heaus	9	hbm:rbmk_pellet_heaus__9
rbmk_pellet_hen	0	hbm:rbmk_pellet_hen
rbmk_pellet_hen	1	hbm:rbmk_pellet_hen__1
rbmk_pellet_hen	2	hbm:rbmk_pellet_hen__2
rbmk_pellet_hen	3	hbm:rbmk_pellet_hen__3
rbmk_pellet_hen	4	hbm:rbmk_pellet_hen__4
rbmk_pellet_hen	5	hbm:rbmk_pellet_hen__5
rbmk_pellet_hen	6	hbm:rbmk_pellet_hen__6
rbmk_pellet_hen	7	hbm:rbmk_pellet_hen__7
rbmk_pellet_hen	8	hbm:rbmk_pellet_hen__8
rbmk_pellet_hen	9	hbm:rbmk_pellet_hen__9
rbmk_pellet_hep239	0	hbm:rbmk_pellet_hep239
rbmk_pellet_hep239	1	hbm:rbmk_pellet_hep239__1
rbmk_pellet_hep239	2	hbm:rbmk_pellet_hep239__2
rbmk_pellet_hep239	3	hbm:rbmk_pellet_hep239__3
rbmk_pellet_hep239	4	hbm:rbmk_pellet_hep239__4
rbmk_pellet_hep239	5	hbm:rbmk_pellet_hep239__5
rbmk_pellet_hep239	6	hbm:rbmk_pellet_hep239__6
rbmk_pellet_hep239	7	hbm:rbmk_pellet_hep239__7
rbmk_pellet_hep239	8	hbm:rbmk_pellet_hep239__8
rbmk_pellet_hep239	9	hbm:rbmk_pellet_hep239__9
rbmk_pellet_hep241	0	hbm:rbmk_pellet_hep241
rbmk_pellet_hep241	1	hbm:rbmk_pellet_hep241__1
rbmk_pellet_hep241	2	hbm:rbmk_pellet_hep241__2
rbmk_pellet_hep241	3	hbm:rbmk_pellet_hep241__3
rbmk_pellet_hep241	4	hbm:rbmk_pellet_hep241__4
rbmk_pellet_hep241	5	hbm:rbmk_pellet_hep241__5
rbmk_pellet_hep241	6	hbm:rbmk_pellet_hep241__6
rbmk_pellet_hep241	7	hbm:rbmk_pellet_hep241__7
rbmk_pellet_hep241	8	hbm:rbmk_pellet_hep241__8
rbmk_pellet_hep241	9	hbm:rbmk_pellet_hep241__9
rbmk_pellet_hes	0	hbm:rbmk_pellet_hes
rbmk_pellet_hes	1	hbm:rbmk_pellet_hes__1
rbmk_pellet_hes	2	hbm:rbmk_pellet_hes__2
rbmk_pellet_hes	3	hbm:rbmk_pellet_hes__3
rbmk_pellet_hes	4	hbm:rbmk_pellet_hes__4
rbmk_pellet_hes	5	hbm:rbmk_pellet_hes__5
rbmk_pellet_hes	6	hbm:rbmk_pellet_hes__6
rbmk_pellet_hes	7	hbm:rbmk_pellet_hes__7
rbmk_pellet_hes	8	hbm:rbmk_pellet_hes__8
rbmk_pellet_hes	9	hbm:rbmk_pellet_hes__9
rbmk_pellet_heu233	0	hbm:rbmk_pellet_heu233
rbmk_pellet_heu233	1	hbm:rbmk_pellet_heu233__1
rbmk_pellet_heu233	2	hbm:rbmk_pellet_heu233__2
rbmk_pellet_heu233	3	hbm:rbmk_pellet_heu233__3
rbmk_pellet_heu233	4	hbm:rbmk_pellet_heu233__4
rbmk_pellet_heu233	5	hbm:rbmk_pellet_heu233__5
rbmk_pellet_heu233	6	hbm:rbmk_pellet_heu233__6
rbmk_pellet_heu233	7	hbm:rbmk_pellet_heu233__7
rbmk_pellet_heu233	8	hbm:rbmk_pellet_heu233__8
rbmk_pellet_heu233	9	hbm:rbmk_pellet_heu233__9
rbmk_pellet_heu235	0	hbm:rbmk_pellet_heu235
rbmk_pellet_heu235	1	hbm:rbmk_pellet_heu235__1
rbmk_pellet_heu235	2	hbm:rbmk_pellet_heu235__2
rbmk_pellet_heu235	3	hbm:rbmk_pellet_heu235__3
rbmk_pellet_heu235	4	hbm:rbmk_pellet_heu235__4
rbmk_pellet_heu235	5	hbm:rbmk_pellet_heu235__5
rbmk_pellet_heu235	6	hbm:rbmk_pellet_heu235__6
rbmk_pellet_heu235	7	hbm:rbmk_pellet_heu235__7
rbmk_pellet_heu235	8	hbm:rbmk_pellet_heu235__8
rbmk_pellet_heu235	9	hbm:rbmk_pellet_heu235__9
rbmk_pellet_lea	0	hbm:rbmk_pellet_lea
rbmk_pellet_lea	1	hbm:rbmk_pellet_lea__1
rbmk_pellet_lea	2	hbm:rbmk_pellet_lea__2
rbmk_pellet_lea	3	hbm:rbmk_pellet_lea__3
rbmk_pellet_lea	4	hbm:rbmk_pellet_lea__4
rbmk_pellet_lea	5	hbm:rbmk_pellet_lea__5
rbmk_pellet_lea	6	hbm:rbmk_pellet_lea__6
rbmk_pellet_lea	7	hbm:rbmk_pellet_lea__7
rbmk_pellet_lea	8	hbm:rbmk_pellet_lea__8
rbmk_pellet_lea	9	hbm:rbmk_pellet_lea__9
rbmk_pellet_leaus	0	hbm:rbmk_pellet_leaus
rbmk_pellet_leaus	1	hbm:rbmk_pellet_leaus__1
rbmk_pellet_leaus	2	hbm:rbmk_pellet_leaus__2
rbmk_pellet_leaus	3	hbm:rbmk_pellet_leaus__3
rbmk_pellet_leaus	4	hbm:rbmk_pellet_leaus__4
rbmk_pellet_leaus	5	hbm:rbmk_pellet_leaus__5
rbmk_pellet_leaus	6	hbm:rbmk_pellet_leaus__6
rbmk_pellet_leaus	7	hbm:rbmk_pellet_leaus__7
rbmk_pellet_leaus	8	hbm:rbmk_pellet_leaus__8
rbmk_pellet_leaus	9	hbm:rbmk_pellet_leaus__9
rbmk_pellet_lep	0	hbm:rbmk_pellet_lep
rbmk_pellet_lep	1	hbm:rbmk_pellet_lep__1
rbmk_pellet_lep	2	hbm:rbmk_pellet_lep__2
rbmk_pellet_lep	3	hbm:rbmk_pellet_lep__3
rbmk_pellet_lep	4	hbm:rbmk_pellet_lep__4
rbmk_pellet_lep	5	hbm:rbmk_pellet_lep__5
rbmk_pellet_lep	6	hbm:rbmk_pellet_lep__6
rbmk_pellet_lep	7	hbm:rbmk_pellet_lep__7
rbmk_pellet_lep	8	hbm:rbmk_pellet_lep__8
rbmk_pellet_lep	9	hbm:rbmk_pellet_lep__9
rbmk_pellet_les	0	hbm:rbmk_pellet_les
rbmk_pellet_les	1	hbm:rbmk_pellet_les__1
rbmk_pellet_les	2	hbm:rbmk_pellet_les__2
rbmk_pellet_les	3	hbm:rbmk_pellet_les__3
rbmk_pellet_les	4	hbm:rbmk_pellet_les__4
rbmk_pellet_les	5	hbm:rbmk_pellet_les__5
rbmk_pellet_les	6	hbm:rbmk_pellet_les__6
rbmk_pellet_les	7	hbm:rbmk_pellet_les__7
rbmk_pellet_les	8	hbm:rbmk_pellet_les__8
rbmk_pellet_les	9	hbm:rbmk_pellet_les__9
rbmk_pellet_mea	0	hbm:rbmk_pellet_mea
rbmk_pellet_mea	1	hbm:rbmk_pellet_mea__1
rbmk_pellet_mea	2	hbm:rbmk_pellet_mea__2
rbmk_pellet_mea	3	hbm:rbmk_pellet_mea__3
rbmk_pellet_mea	4	hbm:rbmk_pellet_mea__4
rbmk_pellet_mea	5	hbm:rbmk_pellet_mea__5
rbmk_pellet_mea	6	hbm:rbmk_pellet_mea__6
rbmk_pellet_mea	7	hbm:rbmk_pellet_mea__7
rbmk_pellet_mea	8	hbm:rbmk_pellet_mea__8
rbmk_pellet_mea	9	hbm:rbmk_pellet_mea__9
rbmk_pellet_men	0	hbm:rbmk_pellet_men
rbmk_pellet_men	1	hbm:rbmk_pellet_men__1
rbmk_pellet_men	2	hbm:rbmk_pellet_men__2
rbmk_pellet_men	3	hbm:rbmk_pellet_men__3
rbmk_pellet_men	4	hbm:rbmk_pellet_men__4
rbmk_pellet_men	5	hbm:rbmk_pellet_men__5
rbmk_pellet_men	6	hbm:rbmk_pellet_men__6
rbmk_pellet_men	7	hbm:rbmk_pellet_men__7
rbmk_pellet_men	8	hbm:rbmk_pellet_men__8
rbmk_pellet_men	9	hbm:rbmk_pellet_men__9
rbmk_pellet_mep	0	hbm:rbmk_pellet_mep
rbmk_pellet_mep	1	hbm:rbmk_pellet_mep__1
rbmk_pellet_mep	2	hbm:rbmk_pellet_mep__2
rbmk_pellet_mep	3	hbm:rbmk_pellet_mep__3
rbmk_pellet_mep	4	hbm:rbmk_pellet_mep__4
rbmk_pellet_mep	5	hbm:rbmk_pellet_mep__5
rbmk_pellet_mep	6	hbm:rbmk_pellet_mep__6
rbmk_pellet_mep	7	hbm:rbmk_pellet_mep__7
rbmk_pellet_mep	8	hbm:rbmk_pellet_mep__8
rbmk_pellet_mep	9	hbm:rbmk_pellet_mep__9
rbmk_pellet_mes	0	hbm:rbmk_pellet_mes
rbmk_pellet_mes	1	hbm:rbmk_pellet_mes__1
rbmk_pellet_mes	2	hbm:rbmk_pellet_mes__2
rbmk_pellet_mes	3	hbm:rbmk_pellet_mes__3
rbmk_pellet_mes	4	hbm:rbmk_pellet_mes__4
rbmk_pellet_mes	5	hbm:rbmk_pellet_mes__5
rbmk_pellet_mes	6	hbm:rbmk_pellet_mes__6
rbmk_pellet_mes	7	hbm:rbmk_pellet_mes__7
rbmk_pellet_mes	8	hbm:rbmk_pellet_mes__8
rbmk_pellet_mes	9	hbm:rbmk_pellet_mes__9
rbmk_pellet_meu	0	hbm:rbmk_pellet_meu
rbmk_pellet_meu	1	hbm:rbmk_pellet_meu__1
rbmk_pellet_meu	2	hbm:rbmk_pellet_meu__2
rbmk_pellet_meu	3	hbm:rbmk_pellet_meu__3
rbmk_pellet_meu	4	hbm:rbmk_pellet_meu__4
rbmk_pellet_meu	5	hbm:rbmk_pellet_meu__5
rbmk_pellet_meu	6	hbm:rbmk_pellet_meu__6
rbmk_pellet_meu	7	hbm:rbmk_pellet_meu__7
rbmk_pellet_meu	8	hbm:rbmk_pellet_meu__8
rbmk_pellet_meu	9	hbm:rbmk_pellet_meu__9
rbmk_pellet_mox	0	hbm:rbmk_pellet_mox
rbmk_pellet_mox	1	hbm:rbmk_pellet_mox__1
rbmk_pellet_mox	2	hbm:rbmk_pellet_mox__2
rbmk_pellet_mox	3	hbm:rbmk_pellet_mox__3
rbmk_pellet_mox	4	hbm:rbmk_pellet_mox__4
rbmk_pellet_mox	5	hbm:rbmk_pellet_mox__5
rbmk_pellet_mox	6	hbm:rbmk_pellet_mox__6
rbmk_pellet_mox	7	hbm:rbmk_pellet_mox__7
rbmk_pellet_mox	8	hbm:rbmk_pellet_mox__8
rbmk_pellet_mox	9	hbm:rbmk_pellet_mox__9
rbmk_pellet_po210be	0	hbm:rbmk_pellet_po210be
rbmk_pellet_po210be	1	hbm:rbmk_pellet_po210be__1
rbmk_pellet_po210be	2	hbm:rbmk_pellet_po210be__2
rbmk_pellet_po210be	3	hbm:rbmk_pellet_po210be__3
rbmk_pellet_po210be	4	hbm:rbmk_pellet_po210be__4
rbmk_pellet_pu238be	0	hbm:rbmk_pellet_pu238be
rbmk_pellet_pu238be	1	hbm:rbmk_pellet_pu238be__1
rbmk_pellet_pu238be	2	hbm:rbmk_pellet_pu238be__2
rbmk_pellet_pu238be	3	hbm:rbmk_pellet_pu238be__3
rbmk_pellet_pu238be	4	hbm:rbmk_pellet_pu238be__4
rbmk_pellet_pu238be	5	hbm:rbmk_pellet_pu238be__5
rbmk_pellet_pu238be	6	hbm:rbmk_pellet_pu238be__6
rbmk_pellet_pu238be	7	hbm:rbmk_pellet_pu238be__7
rbmk_pellet_pu238be	8	hbm:rbmk_pellet_pu238be__8
rbmk_pellet_pu238be	9	hbm:rbmk_pellet_pu238be__9
rbmk_pellet_ra226be	0	hbm:rbmk_pellet_ra226be
rbmk_pellet_ra226be	1	hbm:rbmk_pellet_ra226be__1
rbmk_pellet_ra226be	2	hbm:rbmk_pellet_ra226be__2
rbmk_pellet_ra226be	3	hbm:rbmk_pellet_ra226be__3
rbmk_pellet_ra226be	4	hbm:rbmk_pellet_ra226be__4
rbmk_pellet_thmeu	0	hbm:rbmk_pellet_thmeu
rbmk_pellet_thmeu	1	hbm:rbmk_pellet_thmeu__1
rbmk_pellet_thmeu	2	hbm:rbmk_pellet_thmeu__2
rbmk_pellet_thmeu	3	hbm:rbmk_pellet_thmeu__3
rbmk_pellet_thmeu	4	hbm:rbmk_pellet_thmeu__4
rbmk_pellet_thmeu	5	hbm:rbmk_pellet_thmeu__5
rbmk_pellet_thmeu	6	hbm:rbmk_pellet_thmeu__6
rbmk_pellet_thmeu	7	hbm:rbmk_pellet_thmeu__7
rbmk_pellet_thmeu	8	hbm:rbmk_pellet_thmeu__8
rbmk_pellet_thmeu	9	hbm:rbmk_pellet_thmeu__9
rbmk_pellet_ueu	0	hbm:rbmk_pellet_ueu
rbmk_pellet_ueu	1	hbm:rbmk_pellet_ueu__1
rbmk_pellet_ueu	2	hbm:rbmk_pellet_ueu__2
rbmk_pellet_ueu	3	hbm:rbmk_pellet_ueu__3
rbmk_pellet_ueu	4	hbm:rbmk_pellet_ueu__4
rbmk_pellet_ueu	5	hbm:rbmk_pellet_ueu__5
rbmk_pellet_ueu	6	hbm:rbmk_pellet_ueu__6
rbmk_pellet_ueu	7	hbm:rbmk_pellet_ueu__7
rbmk_pellet_ueu	8	hbm:rbmk_pellet_ueu__8
rbmk_pellet_ueu	9	hbm:rbmk_pellet_ueu__9
rbmk_pellet_uzh	0	hbm:rbmk_pellet_uzh
rbmk_pellet_uzh	1	hbm:rbmk_pellet_uzh__1
rbmk_pellet_uzh	2	hbm:rbmk_pellet_uzh__2
rbmk_pellet_uzh	3	hbm:rbmk_pellet_uzh__3
rbmk_pellet_uzh	4	hbm:rbmk_pellet_uzh__4
rbmk_pellet_uzh	5	hbm:rbmk_pellet_uzh__5
rbmk_pellet_uzh	6	hbm:rbmk_pellet_uzh__6
rbmk_pellet_uzh	7	hbm:rbmk_pellet_uzh__7
rbmk_pellet_uzh	8	hbm:rbmk_pellet_uzh__8
rbmk_pellet_uzh	9	hbm:rbmk_pellet_uzh__9
rbmk_pellet_zfb_am_mix	0	hbm:rbmk_pellet_zfb_am_mix
rbmk_pellet_zfb_am_mix	1	hbm:rbmk_pellet_zfb_am_mix__1
rbmk_pellet_zfb_am_mix	2	hbm:rbmk_pellet_zfb_am_mix__2
rbmk_pellet_zfb_am_mix	3	hbm:rbmk_pellet_zfb_am_mix__3
rbmk_pellet_zfb_am_mix	4	hbm:rbmk_pellet_zfb_am_mix__4
rbmk_pellet_zfb_am_mix	5	hbm:rbmk_pellet_zfb_am_mix__5
rbmk_pellet_zfb_am_mix	6	hbm:rbmk_pellet_zfb_am_mix__6
rbmk_pellet_zfb_am_mix	7	hbm:rbmk_pellet_zfb_am_mix__7
rbmk_pellet_zfb_am_mix	8	hbm:rbmk_pellet_zfb_am_mix__8
rbmk_pellet_zfb_am_mix	9	hbm:rbmk_pellet_zfb_am_mix__9
rbmk_pellet_zfb_bismuth	0	hbm:rbmk_pellet_zfb_bismuth
rbmk_pellet_zfb_bismuth	1	hbm:rbmk_pellet_zfb_bismuth__1
rbmk_pellet_zfb_bismuth	2	hbm:rbmk_pellet_zfb_bismuth__2
rbmk_pellet_zfb_bismuth	3	hbm:rbmk_pellet_zfb_bismuth__3
rbmk_pellet_zfb_bismuth	4	hbm:rbmk_pellet_zfb_bismuth__4
rbmk_pellet_zfb_bismuth	5	hbm:rbmk_pellet_zfb_bismuth__5
rbmk_pellet_zfb_bismuth	6	hbm:rbmk_pellet_zfb_bismuth__6
rbmk_pellet_zfb_bismuth	7	hbm:rbmk_pellet_zfb_bismuth__7
rbmk_pellet_zfb_bismuth	8	hbm:rbmk_pellet_zfb_bismuth__8
rbmk_pellet_zfb_bismuth	9	hbm:rbmk_pellet_zfb_bismuth__9
rbmk_pellet_zfb_pu241	0	hbm:rbmk_pellet_zfb_pu241
rbmk_pellet_zfb_pu241	1	hbm:rbmk_pellet_zfb_pu241__1
rbmk_pellet_zfb_pu241	2	hbm:rbmk_pellet_zfb_pu241__2
rbmk_pellet_zfb_pu241	3	hbm:rbmk_pellet_zfb_pu241__3
rbmk_pellet_zfb_pu241	4	hbm:rbmk_pellet_zfb_pu241__4
rbmk_pellet_zfb_pu241	5	hbm:rbmk_pellet_zfb_pu241__5
rbmk_pellet_zfb_pu241	6	hbm:rbmk_pellet_zfb_pu241__6
rbmk_pellet_zfb_pu241	7	hbm:rbmk_pellet_zfb_pu241__7
rbmk_pellet_zfb_pu241	8	hbm:rbmk_pellet_zfb_pu241__8
rbmk_pellet_zfb_pu241	9	hbm:rbmk_pellet_zfb_pu241__9
rbmk_tool	0	hbm:rbmk_tool
reacher	0	hbm:reacher
reactor_core	0	hbm:reactor_core
reactor_sensor	0	hbm:reactor_sensor
rebar_placer	0	hbm:rebar_placer
record_lc	0	hbm:record_lc
record_ss	0	hbm:record_ss
record_vc	0	hbm:record_vc
redstone_sword	0	hbm:redstone_sword
reer_graar	0	hbm:reer_graar
ring_pull	0	hbm:ring_pull
ring_starmetal	0	hbm:ring_starmetal
robes_boots	0	hbm:robes_boots
robes_helmet	0	hbm:robes_helmet
robes_legs	0	hbm:robes_legs
robes_plate	0	hbm:robes_plate
rocket_fuel	0	hbm:rocket_fuel
rod	0	hbm:rod
rod	1	hbm:rod__1
rod	10	hbm:rod__10
rod	11	hbm:rod__11
rod	12	hbm:rod__12
rod	13	hbm:rod__13
rod	14	hbm:rod__14
rod	15	hbm:rod__15
rod	16	hbm:rod__16
rod	2	hbm:rod__2
rod	3	hbm:rod__3
rod	4	hbm:rod__4
rod	5	hbm:rod__5
rod	6	hbm:rod__6
rod	7	hbm:rod__7
rod	8	hbm:rod__8
rod	9	hbm:rod__9
rod_dual	0	hbm:rod_dual
rod_dual	1	hbm:rod_dual__1
rod_dual	10	hbm:rod_dual__10
rod_dual	11	hbm:rod_dual__11
rod_dual	12	hbm:rod_dual__12
rod_dual	13	hbm:rod_dual__13
rod_dual	14	hbm:rod_dual__14
rod_dual	15	hbm:rod_dual__15
rod_dual	16	hbm:rod_dual__16
rod_dual	2	hbm:rod_dual__2
rod_dual	3	hbm:rod_dual__3
rod_dual	4	hbm:rod_dual__4
rod_dual	5	hbm:rod_dual__5
rod_dual	6	hbm:rod_dual__6
rod_dual	7	hbm:rod_dual__7
rod_dual	8	hbm:rod_dual__8
rod_dual	9	hbm:rod_dual__9
rod_dual_empty	0	hbm:rod_dual_empty
rod_empty	0	hbm:rod_empty
rod_of_discord	0	hbm:rod_of_discord
rod_quad	0	hbm:rod_quad
rod_quad	1	hbm:rod_quad__1
rod_quad	10	hbm:rod_quad__10
rod_quad	11	hbm:rod_quad__11
rod_quad	12	hbm:rod_quad__12
rod_quad	13	hbm:rod_quad__13
rod_quad	14	hbm:rod_quad__14
rod_quad	15	hbm:rod_quad__15
rod_quad	16	hbm:rod_quad__16
rod_quad	2	hbm:rod_quad__2
rod_quad	3	hbm:rod_quad__3
rod_quad	4	hbm:rod_quad__4
rod_quad	5	hbm:rod_quad__5
rod_quad	6	hbm:rod_quad__6
rod_quad	7	hbm:rod_quad__7
rod_quad	8	hbm:rod_quad__8
rod_quad	9	hbm:rod_quad__9
rod_quad_empty	0	hbm:rod_quad_empty
rod_zirnox	0	hbm:rod_zirnox
rod_zirnox	1	hbm:rod_zirnox__1
rod_zirnox	10	hbm:rod_zirnox__10
rod_zirnox	2	hbm:rod_zirnox__2
rod_zirnox	3	hbm:rod_zirnox__3
rod_zirnox	4	hbm:rod_zirnox__4
rod_zirnox	5	hbm:rod_zirnox__5
rod_zirnox	6	hbm:rod_zirnox__6
rod_zirnox	7	hbm:rod_zirnox__7
rod_zirnox	8	hbm:rod_zirnox__8
rod_zirnox	9	hbm:rod_zirnox__9
rod_zirnox_empty	0	hbm:rod_zirnox_empty
rod_zirnox_les_fuel_depleted	0	hbm:rod_zirnox_les_fuel_depleted
rod_zirnox_mox_fuel_depleted	0	hbm:rod_zirnox_mox_fuel_depleted
rod_zirnox_natural_uranium_fuel_depleted	0	hbm:rod_zirnox_natural_uranium_fuel_depleted
rod_zirnox_plutonium_fuel_depleted	0	hbm:rod_zirnox_plutonium_fuel_depleted
rod_zirnox_thorium_fuel_depleted	0	hbm:rod_zirnox_thorium_fuel_depleted
rod_zirnox_tritium	0	hbm:rod_zirnox_tritium
rod_zirnox_u233_fuel_depleted	0	hbm:rod_zirnox_u233_fuel_depleted
rod_zirnox_u235_fuel_depleted	0	hbm:rod_zirnox_u235_fuel_depleted
rod_zirnox_uranium_fuel_depleted	0	hbm:rod_zirnox_uranium_fuel_depleted
rod_zirnox_zfb_mox_depleted	0	hbm:rod_zirnox_zfb_mox_depleted
rpa_boots	0	hbm:rpa_boots
rpa_helmet	0	hbm:rpa_helmet
rpa_legs	0	hbm:rpa_legs
rpa_plate	0	hbm:rpa_plate
rtg_unit	0	hbm:rtg_unit
rtty_pager	0	hbm:rtty_pager
rune_blank	0	hbm:rune_blank
rune_dagaz	0	hbm:rune_dagaz
rune_hagalaz	0	hbm:rune_hagalaz
rune_isa	0	hbm:rune_isa
rune_jera	0	hbm:rune_jera
rune_thurisaz	0	hbm:rune_thurisaz
safety_fuse	0	hbm:safety_fuse
sat_chip	0	hbm:sat_chip
sat_coord	0	hbm:sat_coord
sat_designator	0	hbm:sat_designator
sat_gerald	0	hbm:sat_gerald
sat_relay	0	hbm:sat_relay
satellite	0	hbm:satellite
satellite	1	hbm:satellite__1
satellite	10	hbm:satellite__10
satellite	2	hbm:satellite__2
satellite	3	hbm:satellite__3
satellite	4	hbm:satellite__4
satellite	5	hbm:satellite__5
satellite	6	hbm:satellite__6
satellite	7	hbm:satellite__7
satellite	8	hbm:satellite__8
satellite	9	hbm:satellite__9
sawblade	0	hbm:sawblade
schnitzel_vegan	0	hbm:schnitzel_vegan
schrabidium_axe	0	hbm:schrabidium_axe
schrabidium_boots	0	hbm:schrabidium_boots
schrabidium_hammer	0	hbm:schrabidium_hammer
schrabidium_helmet	0	hbm:schrabidium_helmet
schrabidium_hoe	0	hbm:schrabidium_hoe
schrabidium_legs	0	hbm:schrabidium_legs
schrabidium_pickaxe	0	hbm:schrabidium_pickaxe
schrabidium_plate	0	hbm:schrabidium_plate
schrabidium_shovel	0	hbm:schrabidium_shovel
schrabidium_sword	0	hbm:schrabidium_sword
scrap	0	hbm:scrap
scrap_nuclear	0	hbm:scrap_nuclear
scrap_oil	0	hbm:scrap_oil
scraps	0	hbm:scraps
scraps	1	hbm:scraps__1
scraps	1100	hbm:scraps__1100
scraps	12600	hbm:scraps__12600
scraps	12601	hbm:scraps__12601
scraps	12626	hbm:scraps__12626
scraps	12627	hbm:scraps__12627
scraps	12836	hbm:scraps__12836
scraps	1300	hbm:scraps__1300
scraps	1400	hbm:scraps__1400
scraps	1401	hbm:scraps__1401
scraps	2	hbm:scraps__2
scraps	2000	hbm:scraps__2000
scraps	2200	hbm:scraps__2200
scraps	2600	hbm:scraps__2600
scraps	2601	hbm:scraps__2601
scraps	2602	hbm:scraps__2602
scraps	2603	hbm:scraps__2603
scraps	2604	hbm:scraps__2604
scraps	2700	hbm:scraps__2700
scraps	2760	hbm:scraps__2760
scraps	2900	hbm:scraps__2900
scraps	2901	hbm:scraps__2901
scraps	30	hbm:scraps__30
scraps	300	hbm:scraps__300
scraps	31	hbm:scraps__31
scraps	33	hbm:scraps__33
scraps	3300	hbm:scraps__3300
scraps	34	hbm:scraps__34
scraps	35	hbm:scraps__35
scraps	36	hbm:scraps__36
scraps	37	hbm:scraps__37
scraps	38	hbm:scraps__38
scraps	3800	hbm:scraps__3800
scraps	39	hbm:scraps__39
scraps	40	hbm:scraps__40
scraps	400	hbm:scraps__400
scraps	4000	hbm:scraps__4000
scraps	41	hbm:scraps__41
scraps	4100	hbm:scraps__4100
scraps	42	hbm:scraps__42
scraps	43	hbm:scraps__43
scraps	4399	hbm:scraps__4399
scraps	44	hbm:scraps__44
scraps	45	hbm:scraps__45
scraps	46	hbm:scraps__46
scraps	47	hbm:scraps__47
scraps	48	hbm:scraps__48
scraps	4800	hbm:scraps__4800
scraps	49	hbm:scraps__49
scraps	50	hbm:scraps__50
scraps	500	hbm:scraps__500
scraps	501	hbm:scraps__501
scraps	5700	hbm:scraps__5700
scraps	6000	hbm:scraps__6000
scraps	699	hbm:scraps__699
scraps	7300	hbm:scraps__7300
scraps	7400	hbm:scraps__7400
scraps	7699	hbm:scraps__7699
scraps	7900	hbm:scraps__7900
scraps	7998	hbm:scraps__7998
scraps	8200	hbm:scraps__8200
scraps	8209	hbm:scraps__8209
scraps	8300	hbm:scraps__8300
scraps	8410	hbm:scraps__8410
scraps	8826	hbm:scraps__8826
scraps	8927	hbm:scraps__8927
scraps	9032	hbm:scraps__9032
scraps	9200	hbm:scraps__9200
scraps	9233	hbm:scraps__9233
scraps	9235	hbm:scraps__9235
scraps	9238	hbm:scraps__9238
scraps	9337	hbm:scraps__9337
scraps	9400	hbm:scraps__9400
scraps	9401	hbm:scraps__9401
scraps	9438	hbm:scraps__9438
scraps	9439	hbm:scraps__9439
scraps	9440	hbm:scraps__9440
scraps	9441	hbm:scraps__9441
scraps	9501	hbm:scraps__9501
scraps	9541	hbm:scraps__9541
scraps	9542	hbm:scraps__9542
screwdriver	0	hbm:screwdriver
screwdriver_desh	0	hbm:screwdriver_desh
scrumpy	0	hbm:scrumpy
security_boots	0	hbm:security_boots
security_helmet	0	hbm:security_helmet
security_legs	0	hbm:security_legs
security_plate	0	hbm:security_plate
seg_10	0	hbm:seg_10
seg_15	0	hbm:seg_15
seg_20	0	hbm:seg_20
serum	0	hbm:serum
servo_set	0	hbm:servo_set
servo_set_desh	0	hbm:servo_set_desh
settings_tool	0	hbm:settings_tool
shackles	0	hbm:shackles
shimmer_axe	0	hbm:shimmer_axe
shimmer_axe_head	0	hbm:shimmer_axe_head
shimmer_handle	0	hbm:shimmer_handle
shimmer_head	0	hbm:shimmer_head
shimmer_sledge	0	hbm:shimmer_sledge
singularity	0	hbm:singularity
singularity_counter_resonant	0	hbm:singularity_counter_resonant
singularity_spark	0	hbm:singularity_spark
singularity_super_heated	0	hbm:singularity_super_heated
siox	0	hbm:siox
siphon	0	hbm:siphon
siren_track	1	hbm:siren_track__1
siren_track	10	hbm:siren_track__10
siren_track	11	hbm:siren_track__11
siren_track	12	hbm:siren_track__12
siren_track	13	hbm:siren_track__13
siren_track	14	hbm:siren_track__14
siren_track	15	hbm:siren_track__15
siren_track	16	hbm:siren_track__16
siren_track	17	hbm:siren_track__17
siren_track	18	hbm:siren_track__18
siren_track	19	hbm:siren_track__19
siren_track	2	hbm:siren_track__2
siren_track	20	hbm:siren_track__20
siren_track	3	hbm:siren_track__3
siren_track	4	hbm:siren_track__4
siren_track	5	hbm:siren_track__5
siren_track	6	hbm:siren_track__6
siren_track	7	hbm:siren_track__7
siren_track	8	hbm:siren_track__8
siren_track	9	hbm:siren_track__9
smashing_hammer	0	hbm:smashing_hammer
solid_fuel	0	hbm:solid_fuel
solid_fuel_bf	0	hbm:solid_fuel_bf
solid_fuel_presto	0	hbm:solid_fuel_presto
solid_fuel_presto_bf	0	hbm:solid_fuel_presto_bf
solid_fuel_presto_triplet	0	hbm:solid_fuel_presto_triplet
solid_fuel_presto_triplet_bf	0	hbm:solid_fuel_presto_triplet_bf
solinium_core	0	hbm:solinium_core
solinium_igniter	0	hbm:solinium_igniter
solinium_kit	0	hbm:solinium_kit
solinium_propellant	0	hbm:solinium_propellant
sopsign	0	hbm:sopsign
spawn_duck	0	hbm:spawn_duck
spawn_ufo	0	hbm:spawn_ufo
spawn_worm	0	hbm:spawn_worm
sphere_steel	0	hbm:sphere_steel
spider_milk	0	hbm:spider_milk
spongebob_macaroni	0	hbm:spongebob_macaroni
stamp_357	0	hbm:stamp_357
stamp_44	0	hbm:stamp_44
stamp_50	0	hbm:stamp_50
stamp_9	0	hbm:stamp_9
stamp_desh_357	0	hbm:stamp_desh_357
stamp_desh_44	0	hbm:stamp_desh_44
stamp_desh_50	0	hbm:stamp_desh_50
stamp_desh_9	0	hbm:stamp_desh_9
stamp_desh_circuit	0	hbm:stamp_desh_circuit
stamp_desh_flat	0	hbm:stamp_desh_flat
stamp_desh_plate	0	hbm:stamp_desh_plate
stamp_desh_wire	0	hbm:stamp_desh_wire
stamp_iron_circuit	0	hbm:stamp_iron_circuit
stamp_iron_flat	0	hbm:stamp_iron_flat
stamp_iron_plate	0	hbm:stamp_iron_plate
stamp_iron_wire	0	hbm:stamp_iron_wire
stamp_obsidian_circuit	0	hbm:stamp_obsidian_circuit
stamp_obsidian_flat	0	hbm:stamp_obsidian_flat
stamp_obsidian_plate	0	hbm:stamp_obsidian_plate
stamp_obsidian_wire	0	hbm:stamp_obsidian_wire
stamp_steel_circuit	0	hbm:stamp_steel_circuit
stamp_steel_flat	0	hbm:stamp_steel_flat
stamp_steel_plate	0	hbm:stamp_steel_plate
stamp_steel_wire	0	hbm:stamp_steel_wire
stamp_stone_circuit	0	hbm:stamp_stone_circuit
stamp_stone_flat	0	hbm:stamp_stone_flat
stamp_stone_plate	0	hbm:stamp_stone_plate
stamp_stone_wire	0	hbm:stamp_stone_wire
stamp_titanium_circuit	0	hbm:stamp_titanium_circuit
stamp_titanium_flat	0	hbm:stamp_titanium_flat
stamp_titanium_plate	0	hbm:stamp_titanium_plate
stamp_titanium_wire	0	hbm:stamp_titanium_wire
starmetal_axe	0	hbm:starmetal_axe
starmetal_boots	0	hbm:starmetal_boots
starmetal_helmet	0	hbm:starmetal_helmet
starmetal_hoe	0	hbm:starmetal_hoe
starmetal_legs	0	hbm:starmetal_legs
starmetal_pickaxe	0	hbm:starmetal_pickaxe
starmetal_plate	0	hbm:starmetal_plate
starmetal_shovel	0	hbm:starmetal_shovel
starmetal_sword	0	hbm:starmetal_sword
static_sandwich	0	hbm:static_sandwich
stealth_boy	0	hbm:stealth_boy
steamsuit_boots	0	hbm:steamsuit_boots
steamsuit_helmet	0	hbm:steamsuit_helmet
steamsuit_legs	0	hbm:steamsuit_legs
steamsuit_plate	0	hbm:steamsuit_plate
steel_axe	0	hbm:steel_axe
steel_boots	0	hbm:steel_boots
steel_helmet	0	hbm:steel_helmet
steel_hoe	0	hbm:steel_hoe
steel_legs	0	hbm:steel_legs
steel_pickaxe	0	hbm:steel_pickaxe
steel_plate	0	hbm:steel_plate
steel_shovel	0	hbm:steel_shovel
steel_sword	0	hbm:steel_sword
stick_c4	0	hbm:stick_c4
stick_dynamite	0	hbm:stick_dynamite
stick_dynamite_fishing	0	hbm:stick_dynamite_fishing
stick_semtex	0	hbm:stick_semtex
stick_tnt	0	hbm:stick_tnt
stopsign	0	hbm:stopsign
structure_custommachine	0	hbm:structure_custommachine
survey_scanner	0	hbm:survey_scanner
syringe_antidote	0	hbm:syringe_antidote
syringe_awesome	0	hbm:syringe_awesome
syringe_empty	0	hbm:syringe_empty
syringe_metal_empty	0	hbm:syringe_metal_empty
syringe_metal_medx	0	hbm:syringe_metal_medx
syringe_metal_psycho	0	hbm:syringe_metal_psycho
syringe_metal_stimpak	0	hbm:syringe_metal_stimpak
syringe_metal_super	0	hbm:syringe_metal_super
syringe_poison	0	hbm:syringe_poison
syringe_taint	0	hbm:syringe_taint
t51_boots	0	hbm:t51_boots
t51_helmet	0	hbm:t51_helmet
t51_legs	0	hbm:t51_legs
t51_plate	0	hbm:t51_plate
tank_steel	0	hbm:tank_steel
taurun_boots	0	hbm:taurun_boots
taurun_helmet	0	hbm:taurun_helmet
taurun_legs	0	hbm:taurun_legs
taurun_plate	0	hbm:taurun_plate
tem_flakes	0	hbm:tem_flakes
tem_flakes	1	hbm:tem_flakes__1
tem_flakes	2	hbm:tem_flakes__2
thermo_element	0	hbm:thermo_element
thruster_large	0	hbm:thruster_large
thruster_medium	0	hbm:thruster_medium
thruster_nuclear	0	hbm:thruster_nuclear
thruster_small	0	hbm:thruster_small
titanium_axe	0	hbm:titanium_axe
titanium_boots	0	hbm:titanium_boots
titanium_helmet	0	hbm:titanium_helmet
titanium_hoe	0	hbm:titanium_hoe
titanium_legs	0	hbm:titanium_legs
titanium_pickaxe	0	hbm:titanium_pickaxe
titanium_plate	0	hbm:titanium_plate
titanium_shovel	0	hbm:titanium_shovel
titanium_sword	0	hbm:titanium_sword
toolbox	0	hbm:toolbox
trenchmaster_boots	0	hbm:trenchmaster_boots
trenchmaster_helmet	0	hbm:trenchmaster_helmet
trenchmaster_legs	0	hbm:trenchmaster_legs
trenchmaster_plate	0	hbm:trenchmaster_plate
trinitite	0	hbm:trinitite
tsar_core	0	hbm:tsar_core
tsar_kit	0	hbm:tsar_kit
turbine_titanium	0	hbm:turbine_titanium
turbine_tungsten	0	hbm:turbine_tungsten
turret_chip	0	hbm:turret_chip
twinkie	0	hbm:twinkie
ullapool_caber	0	hbm:ullapool_caber
undefined	0	hbm:undefined
upgrade_5g	0	hbm:upgrade_5g
upgrade_afterburn_1	0	hbm:upgrade_afterburn_1
upgrade_afterburn_2	0	hbm:upgrade_afterburn_2
upgrade_afterburn_3	0	hbm:upgrade_afterburn_3
upgrade_centrifuge	0	hbm:upgrade_centrifuge
upgrade_crystallizer	0	hbm:upgrade_crystallizer
upgrade_effect_1	0	hbm:upgrade_effect_1
upgrade_effect_2	0	hbm:upgrade_effect_2
upgrade_effect_3	0	hbm:upgrade_effect_3
upgrade_ejector	0	hbm:upgrade_ejector
upgrade_ejector	1	hbm:upgrade_ejector__1
upgrade_ejector	2	hbm:upgrade_ejector__2
upgrade_fortune_1	0	hbm:upgrade_fortune_1
upgrade_fortune_2	0	hbm:upgrade_fortune_2
upgrade_fortune_3	0	hbm:upgrade_fortune_3
upgrade_gc_speed	0	hbm:upgrade_gc_speed
upgrade_health	0	hbm:upgrade_health
upgrade_muffler	0	hbm:upgrade_muffler
upgrade_nullifier	0	hbm:upgrade_nullifier
upgrade_overdrive_1	0	hbm:upgrade_overdrive_1
upgrade_overdrive_2	0	hbm:upgrade_overdrive_2
upgrade_overdrive_3	0	hbm:upgrade_overdrive_3
upgrade_power_1	0	hbm:upgrade_power_1
upgrade_power_2	0	hbm:upgrade_power_2
upgrade_power_3	0	hbm:upgrade_power_3
upgrade_radius	0	hbm:upgrade_radius
upgrade_screm	0	hbm:upgrade_screm
upgrade_shredder	0	hbm:upgrade_shredder
upgrade_smelter	0	hbm:upgrade_smelter
upgrade_speed_1	0	hbm:upgrade_speed_1
upgrade_speed_2	0	hbm:upgrade_speed_2
upgrade_speed_3	0	hbm:upgrade_speed_3
upgrade_stack	0	hbm:upgrade_stack
upgrade_stack	1	hbm:upgrade_stack__1
upgrade_stack	2	hbm:upgrade_stack__2
upgrade_template	0	hbm:upgrade_template
volcanic_axe	0	hbm:volcanic_axe
volcanic_pickaxe	0	hbm:volcanic_pickaxe
wand_d	0	hbm:wand_d
wand_k	0	hbm:wand_k
wand_s	0	hbm:wand_s
warhead_buster_large	0	hbm:warhead_buster_large
warhead_buster_medium	0	hbm:warhead_buster_medium
warhead_buster_small	0	hbm:warhead_buster_small
warhead_cluster_large	0	hbm:warhead_cluster_large
warhead_cluster_medium	0	hbm:warhead_cluster_medium
warhead_cluster_small	0	hbm:warhead_cluster_small
warhead_generic_large	0	hbm:warhead_generic_large
warhead_generic_medium	0	hbm:warhead_generic_medium
warhead_generic_small	0	hbm:warhead_generic_small
warhead_incendiary_large	0	hbm:warhead_incendiary_large
warhead_incendiary_medium	0	hbm:warhead_incendiary_medium
warhead_incendiary_small	0	hbm:warhead_incendiary_small
warhead_mirv	0	hbm:warhead_mirv
warhead_nuclear	0	hbm:warhead_nuclear
warhead_volcano	0	hbm:warhead_volcano
waste_mox	0	hbm:waste_mox
waste_mox	1	hbm:waste_mox__1
waste_natural_uranium	0	hbm:waste_natural_uranium
waste_natural_uranium	1	hbm:waste_natural_uranium__1
waste_plate_mox	0	hbm:waste_plate_mox
waste_plate_mox	1	hbm:waste_plate_mox__1
waste_plate_pu238be	0	hbm:waste_plate_pu238be
waste_plate_pu238be	1	hbm:waste_plate_pu238be__1
waste_plate_pu239	0	hbm:waste_plate_pu239
waste_plate_pu239	1	hbm:waste_plate_pu239__1
waste_plate_ra226be	0	hbm:waste_plate_ra226be
waste_plate_ra226be	1	hbm:waste_plate_ra226be__1
waste_plate_sa326	0	hbm:waste_plate_sa326
waste_plate_sa326	1	hbm:waste_plate_sa326__1
waste_plate_u233	0	hbm:waste_plate_u233
waste_plate_u233	1	hbm:waste_plate_u233__1
waste_plate_u235	0	hbm:waste_plate_u235
waste_plate_u235	1	hbm:waste_plate_u235__1
waste_plutonium	0	hbm:waste_plutonium
waste_plutonium	1	hbm:waste_plutonium__1
waste_schrabidium	0	hbm:waste_schrabidium
waste_schrabidium	1	hbm:waste_schrabidium__1
waste_thorium	0	hbm:waste_thorium
waste_thorium	1	hbm:waste_thorium__1
waste_u233	0	hbm:waste_u233
waste_u233	1	hbm:waste_u233__1
waste_u235	0	hbm:waste_u235
waste_u235	1	hbm:waste_u235__1
waste_uranium	0	hbm:waste_uranium
waste_uranium	1	hbm:waste_uranium__1
waste_zfb_mox	0	hbm:waste_zfb_mox
waste_zfb_mox	1	hbm:waste_zfb_mox__1
watz_pellet	0	hbm:watz_pellet
watz_pellet	1	hbm:watz_pellet__1
watz_pellet	10	hbm:watz_pellet__10
watz_pellet	11	hbm:watz_pellet__11
watz_pellet	2	hbm:watz_pellet__2
watz_pellet	3	hbm:watz_pellet__3
watz_pellet	4	hbm:watz_pellet__4
watz_pellet	5	hbm:watz_pellet__5
watz_pellet	6	hbm:watz_pellet__6
watz_pellet	7	hbm:watz_pellet__7
watz_pellet	8	hbm:watz_pellet__8
watz_pellet	9	hbm:watz_pellet__9
watz_pellet_depleted	0	hbm:watz_pellet_depleted
watz_pellet_depleted	1	hbm:watz_pellet_depleted__1
watz_pellet_depleted	10	hbm:watz_pellet_depleted__10
watz_pellet_depleted	11	hbm:watz_pellet_depleted__11
watz_pellet_depleted	2	hbm:watz_pellet_depleted__2
watz_pellet_depleted	3	hbm:watz_pellet_depleted__3
watz_pellet_depleted	4	hbm:watz_pellet_depleted__4
watz_pellet_depleted	5	hbm:watz_pellet_depleted__5
watz_pellet_depleted	6	hbm:watz_pellet_depleted__6
watz_pellet_depleted	7	hbm:watz_pellet_depleted__7
watz_pellet_depleted	8	hbm:watz_pellet_depleted__8
watz_pellet_depleted	9	hbm:watz_pellet_depleted__9
wd40	0	hbm:wd40
weapon_mod_caliber	0	hbm:weapon_mod_caliber
weapon_mod_caliber	1	hbm:weapon_mod_caliber__1
weapon_mod_caliber	2	hbm:weapon_mod_caliber__2
weapon_mod_caliber	3	hbm:weapon_mod_caliber__3
weapon_mod_caliber	4	hbm:weapon_mod_caliber__4
weapon_mod_caliber	5	hbm:weapon_mod_caliber__5
weapon_mod_caliber	6	hbm:weapon_mod_caliber__6
weapon_mod_caliber	7	hbm:weapon_mod_caliber__7
weapon_mod_generic	0	hbm:weapon_mod_generic
weapon_mod_generic	1	hbm:weapon_mod_generic__1
weapon_mod_generic	10	hbm:weapon_mod_generic__10
weapon_mod_generic	11	hbm:weapon_mod_generic__11
weapon_mod_generic	12	hbm:weapon_mod_generic__12
weapon_mod_generic	13	hbm:weapon_mod_generic__13
weapon_mod_generic	14	hbm:weapon_mod_generic__14
weapon_mod_generic	15	hbm:weapon_mod_generic__15
weapon_mod_generic	16	hbm:weapon_mod_generic__16
weapon_mod_generic	17	hbm:weapon_mod_generic__17
weapon_mod_generic	2	hbm:weapon_mod_generic__2
weapon_mod_generic	3	hbm:weapon_mod_generic__3
weapon_mod_generic	4	hbm:weapon_mod_generic__4
weapon_mod_generic	5	hbm:weapon_mod_generic__5
weapon_mod_generic	6	hbm:weapon_mod_generic__6
weapon_mod_generic	7	hbm:weapon_mod_generic__7
weapon_mod_generic	8	hbm:weapon_mod_generic__8
weapon_mod_generic	9	hbm:weapon_mod_generic__9
weapon_mod_special	0	hbm:weapon_mod_special
weapon_mod_special	1	hbm:weapon_mod_special__1
weapon_mod_special	10	hbm:weapon_mod_special__10
weapon_mod_special	11	hbm:weapon_mod_special__11
weapon_mod_special	12	hbm:weapon_mod_special__12
weapon_mod_special	13	hbm:weapon_mod_special__13
weapon_mod_special	14	hbm:weapon_mod_special__14
weapon_mod_special	15	hbm:weapon_mod_special__15
weapon_mod_special	16	hbm:weapon_mod_special__16
weapon_mod_special	17	hbm:weapon_mod_special__17
weapon_mod_special	18	hbm:weapon_mod_special__18
weapon_mod_special	19	hbm:weapon_mod_special__19
weapon_mod_special	2	hbm:weapon_mod_special__2
weapon_mod_special	20	hbm:weapon_mod_special__20
weapon_mod_special	21	hbm:weapon_mod_special__21
weapon_mod_special	22	hbm:weapon_mod_special__22
weapon_mod_special	23	hbm:weapon_mod_special__23
weapon_mod_special	24	hbm:weapon_mod_special__24
weapon_mod_special	25	hbm:weapon_mod_special__25
weapon_mod_special	26	hbm:weapon_mod_special__26
weapon_mod_special	27	hbm:weapon_mod_special__27
weapon_mod_special	28	hbm:weapon_mod_special__28
weapon_mod_special	3	hbm:weapon_mod_special__3
weapon_mod_special	4	hbm:weapon_mod_special__4
weapon_mod_special	5	hbm:weapon_mod_special__5
weapon_mod_special	6	hbm:weapon_mod_special__6
weapon_mod_special	7	hbm:weapon_mod_special__7
weapon_mod_special	8	hbm:weapon_mod_special__8
weapon_mod_special	9	hbm:weapon_mod_special__9
weapon_pipe_lead	0	hbm:weapon_pipe_lead
weaponized_starblaster_cell	0	hbm:weaponized_starblaster_cell
wild_p	0	hbm:wild_p
wings_limp	0	hbm:wings_limp
wings_murk	0	hbm:wings_murk
wiring_red_copper	0	hbm:wiring_red_copper
wood_gavel	0	hbm:wood_gavel
wrench	0	hbm:wrench
wrench_archineer	0	hbm:wrench_archineer
wrench_flipped	0	hbm:wrench_flipped
xanax	0	hbm:xanax
zirconium_legs	0	hbm:zirconium_legs
